t_phys, y_phys, u, v, w, mean_u, mean_v, mean_w, std_u, std_v, std_w
0.09959292143521047, 0.0023, 0.05557621628770906, 0.0007715184402696019, -7.98556557089394e-6, 0.05557621628770906, 0.0007715184402696019, -7.98556557089394e-6, 0.0, 0.0, 0.0
0.09959292143521047, 0.0046, 0.055208855540269525, 0.002842278070354524, 1.4503023252671227e-5, 0.055208855540269525, 0.002842278070354524, 1.4503023252671227e-5, 0.0, 0.0, 0.0
0.09959292143521047, 0.0069, 0.05507368540723107, 0.004909361334546668, 5.520810178546197e-6, 0.05507368540723107, 0.004909361334546668, 5.520810178546197e-6, 0.0, 0.0, 0.0
0.09959292143521047, 0.0092, 0.055132397785636604, 0.005708434206719004, -1.8273589084764675e-5, 0.055132397785636604, 0.005708434206719004, -1.8273589084764675e-5, 0.0, 0.0, 0.0
0.09959292143521047, 0.0115, 0.05547325643496889, 0.005150499872118046, -1.0201681019556761e-5, 0.05547325643496889, 0.005150499872118046, -1.0201681019556761e-5, 0.0, 0.0, 0.0
0.09959292143521047, 0.0138, 0.0564727084967065, 0.005133419993144478, 2.0000393949841963e-6, 0.0564727084967065, 0.005133419993144478, 2.0000393949841963e-6, 0.0, 0.0, 0.0
0.09959292143521047, 0.0161, 0.057020056609940424, 0.004228963900072624, -4.652819269217593e-6, 0.057020056609940424, 0.004228963900072624, -4.652819269217593e-6, 0.0, 0.0, 0.0
0.09959292143521047, 0.0184, 0.057566928797099494, 0.0028952014130279183, -2.9451697803801736e-6, 0.057566928797099494, 0.0028952014130279183, -2.9451697803801736e-6, 0.0, 0.0, 0.0
0.09959292143521047, 0.0207, 0.05779716107442517, 0.0023911956142171576, 1.1795629430210924e-6, 0.05779716107442517, 0.0023911956142171576, 1.1795629430210924e-6, 0.0, 0.0, 0.0
0.09959292143521047, 0.023, 0.058169317606360474, 0.002147524118292982, 2.3633642961263394e-6, 0.058169317606360474, 0.002147524118292982, 2.3633642961263394e-6, 0.0, 0.0, 0.0
0.09959292143521047, 0.0253, 0.057912937332978455, 0.0023238140100294157, -1.4152429112026541e-5, 0.057912937332978455, 0.0023238140100294157, -1.4152429112026541e-5, 0.0, 0.0, 0.0
0.09959292143521047, 0.0276, 0.05802947421188074, 0.0017692979156237764, 1.7862906114743752e-6, 0.05802947421188074, 0.0017692979156237764, 1.7862906114743752e-6, 0.0, 0.0, 0.0
0.09959292143521047, 0.0299, 0.05873260023047038, 0.0014629138254736306, 4.118296252669854e-6, 0.05873260023047038, 0.0014629138254736306, 4.118296252669854e-6, 0.0, 0.0, 0.0
0.09959292143521047, 0.0322, 0.058436315329957855, 0.0010983226611358447, -4.058637379873082e-6, 0.058436315329957855, 0.0010983226611358447, -4.058637379873082e-6, 0.0, 0.0, 0.0
0.09959292143521047, 0.0345, 0.05932926665421704, 0.00037874074371294076, -8.080556413403312e-6, 0.05932926665421704, 0.00037874074371294076, -8.080556413403312e-6, 0.0, 0.0, 0.0
0.09959292143521047, 0.0368, 0.059406907207960366, 0.00023514695497206444, -1.2229241663690845e-5, 0.059406907207960366, 0.00023514695497206444, -1.2229241663690845e-5, 0.0, 0.0, 0.0
0.09959292143521047, 0.039099999999999996, 0.05882200864078536, 0.0005382552942209619, 1.622395734528244e-6, 0.05882200864078536, 0.0005382552942209619, 1.622395734528244e-6, 0.0, 0.0, 0.0
0.09959292143521047, 0.0414, 0.05864652152934991, 0.0010801677445833643, 4.8062689357764655e-6, 0.05864652152934991, 0.0010801677445833643, 4.8062689357764655e-6, 0.0, 0.0, 0.0
0.09959292143521047, 0.0437, 0.058513338264507574, 0.0012203870340241087, -1.4202589642349042e-5, 0.058513338264507574, 0.0012203870340241087, -1.4202589642349042e-5, 0.0, 0.0, 0.0
0.09959292143521047, 0.046, 0.05905905323673669, 0.000709680897707408, -7.247782814910584e-6, 0.05905905323673669, 0.000709680897707408, -7.247782814910584e-6, 0.0, 0.0, 0.0
0.09959292143521047, 0.048299999999999996, 0.05921354148114617, -1.065033732838379e-5, -7.2565190261833726e-6, 0.05921354148114617, -1.065033732838379e-5, -7.2565190261833726e-6, 0.0, 0.0, 0.0
0.09959292143521047, 0.0506, 0.0595503829937895, 0.0003035492567747744, -1.4245694969407954e-6, 0.0595503829937895, 0.0003035492567747744, -1.4245694969407954e-6, 0.0, 0.0, 0.0
0.09959292143521047, 0.0529, 0.058673617386245026, 0.000783682420922419, 7.0074812517977925e-6, 0.058673617386245026, 0.000783682420922419, 7.0074812517977925e-6, 0.0, 0.0, 0.0
0.09959292143521047, 0.0552, 0.058778306507304895, 0.0005153820419464465, -2.6762358009307687e-6, 0.058778306507304895, 0.0005153820419464465, -2.6762358009307687e-6, 0.0, 0.0, 0.0
0.09959292143521047, 0.057499999999999996, 0.059496584100028095, 0.000559051045830228, 7.214171608395878e-6, 0.059496584100028095, 0.000559051045830228, 7.214171608395878e-6, 0.0, 0.0, 0.0
0.09959292143521047, 0.0598, 0.058594606347727826, 0.000775503519713959, 5.899716337809485e-6, 0.058594606347727826, 0.000775503519713959, 5.899716337809485e-6, 0.0, 0.0, 0.0
0.09959292143521047, 0.0621, 0.05874186794978356, 0.0005190404727761388, -5.514770059010745e-6, 0.05874186794978356, 0.0005190404727761388, -5.514770059010745e-6, 0.0, 0.0, 0.0
0.09959292143521047, 0.0644, 0.05916027691395371, 0.0007493347631916408, -1.7522390824143059e-6, 0.05916027691395371, 0.0007493347631916408, -1.7522390824143059e-6, 0.0, 0.0, 0.0
0.09959292143521047, 0.0667, 0.05822869954181446, 0.0005606161186788314, 1.938166114205785e-5, 0.05822869954181446, 0.0005606161186788314, 1.938166114205785e-5, 0.0, 0.0, 0.0
0.09959292143521047, 0.069, 0.05863017855765664, 0.0005611784603251289, 2.1628718493042074e-5, 0.05863017855765664, 0.0005611784603251289, 2.1628718493042074e-5, 0.0, 0.0, 0.0
0.09959292143521047, 0.0713, 0.05922120883715043, 0.0006609726994390682, -1.1307229156471781e-5, 0.05922120883715043, 0.0006609726994390682, -1.1307229156471781e-5, 0.0, 0.0, 0.0
0.09959292143521047, 0.0736, 0.05781834260997257, 0.0009856450956852447, -2.11330645054879e-5, 0.05781834260997257, 0.0009856450956852447, -2.11330645054879e-5, 0.0, 0.0, 0.0
0.09959292143521047, 0.0759, 0.05768040848368045, 0.001185547331239122, 4.906292482211259e-6, 0.05768040848368045, 0.001185547331239122, 4.906292482211259e-6, 0.0, 0.0, 0.0
0.09959292143521047, 0.07819999999999999, 0.058169391225740545, 0.0007608564260418187, 7.11227982202497e-6, 0.058169391225740545, 0.0007608564260418187, 7.11227982202497e-6, 0.0, 0.0, 0.0
0.09959292143521047, 0.0805, 0.05786985123001249, 0.0010684651417622929, -8.479907626261073e-6, 0.05786985123001249, 0.0010684651417622929, -8.479907626261073e-6, 0.0, 0.0, 0.0
0.09959292143521047, 0.0828, 0.057928287109297025, 0.0010310552774800514, -7.051129050275391e-6, 0.057928287109297025, 0.0010310552774800514, -7.051129050275391e-6, 0.0, 0.0, 0.0
0.09959292143521047, 0.0851, 0.0574359671994432, 0.000950394006849118, 5.416275263893878e-6, 0.0574359671994432, 0.000950394006849118, 5.416275263893878e-6, 0.0, 0.0, 0.0
0.09959292143521047, 0.0874, 0.05811682914461703, 0.0008348788331645496, -4.131709590691357e-6, 0.05811682914461703, 0.0008348788331645496, -4.131709590691357e-6, 0.0, 0.0, 0.0
0.09959292143521047, 0.0897, 0.05764651695271264, 0.0008748840275200186, 6.497341540337182e-6, 0.05764651695271264, 0.0008748840275200186, 6.497341540337182e-6, 0.0, 0.0, 0.0
0.09959292143521047, 0.092, 0.05781379636570387, 0.000717166842949681, 2.8361263488578658e-6, 0.05781379636570387, 0.000717166842949681, 2.8361263488578658e-6, 0.0, 0.0, 0.0
0.09959292143521047, 0.0943, 0.057289395753406094, 0.0008091510375216505, -2.1215035988067763e-5, 0.057289395753406094, 0.0008091510375216505, -2.1215035988067763e-5, 0.0, 0.0, 0.0
0.09959292143521047, 0.09659999999999999, 0.05778584281517243, 0.0008668964692505169, -1.5889986043204247e-5, 0.05778584281517243, 0.0008668964692505169, -1.5889986043204247e-5, 0.0, 0.0, 0.0
0.09959292143521047, 0.0989, 0.05746403648182594, 0.0009119078728199045, -1.4895978951804915e-6, 0.05746403648182594, 0.0009119078728199045, -1.4895978951804915e-6, 0.0, 0.0, 0.0
0.09959292143521047, 0.1012, 0.05686381080327401, 0.0009836581267489938, 2.3516806653560835e-5, 0.05686381080327401, 0.0009836581267489938, 2.3516806653560835e-5, 0.0, 0.0, 0.0
0.09959292143521047, 0.1035, 0.05722087679797081, 0.0007165428656224728, 6.004081605317035e-7, 0.05722087679797081, 0.0007165428656224728, 6.004081605317035e-7, 0.0, 0.0, 0.0
0.09959292143521047, 0.1058, 0.05724808170695472, 0.0003415409790920732, -1.7801532753681754e-5, 0.05724808170695472, 0.0003415409790920732, -1.7801532753681754e-5, 0.0, 0.0, 0.0
0.09959292143521047, 0.1081, 0.056581210994660576, 0.0002871107926122216, -6.458967907406626e-6, 0.056581210994660576, 0.0002871107926122216, -6.458967907406626e-6, 0.0, 0.0, 0.0
0.09959292143521047, 0.1104, 0.057241682299007626, 0.00016328521382374015, -6.870812799924383e-6, 0.057241682299007626, 0.00016328521382374015, -6.870812799924383e-6, 0.0, 0.0, 0.0
0.09959292143521047, 0.1127, 0.05693128920624563, -0.00022728819942289296, 3.671637772111608e-6, 0.05693128920624563, -0.00022728819942289296, 3.671637772111608e-6, 0.0, 0.0, 0.0
0.09959292143521047, 0.11499999999999999, 0.0568101093185997, 2.26865993196491e-5, 3.455131633437662e-6, 0.0568101093185997, 2.26865993196491e-5, 3.455131633437662e-6, 0.0, 0.0, 0.0
0.09959292143521047, 0.1173, 0.05686796683821385, 0.00026549110421508244, -6.181640389603652e-6, 0.05686796683821385, 0.00026549110421508244, -6.181640389603652e-6, 0.0, 0.0, 0.0
0.09959292143521047, 0.1196, 0.05722313304802964, -0.00013905390737125868, -3.8113853328841264e-6, 0.05722313304802964, -0.00013905390737125868, -3.8113853328841264e-6, 0.0, 0.0, 0.0
0.09959292143521047, 0.1219, 0.05658865384210783, -0.0002388718287087507, -1.3635307387289146e-5, 0.05658865384210783, -0.0002388718287087507, -1.3635307387289146e-5, 0.0, 0.0, 0.0
0.09959292143521047, 0.1242, 0.05716907372951203, -0.00023465215659831427, -2.4114955905227654e-5, 0.05716907372951203, -0.00023465215659831427, -2.4114955905227654e-5, 0.0, 0.0, 0.0
0.09959292143521047, 0.1265, 0.05730464050838078, -0.0006679692940192209, -2.252057850980929e-6, 0.05730464050838078, -0.0006679692940192209, -2.252057850980929e-6, 0.0, 0.0, 0.0
0.09959292143521047, 0.1288, 0.0570306255954687, -0.000986849370020521, 1.9176315701645626e-5, 0.0570306255954687, -0.000986849370020521, 1.9176315701645626e-5, 0.0, 0.0, 0.0
0.09959292143521047, 0.1311, 0.05739872178468958, -0.0008514309511805325, -3.7242624611375647e-6, 0.05739872178468958, -0.0008514309511805325, -3.7242624611375647e-6, 0.0, 0.0, 0.0
0.09959292143521047, 0.1334, 0.057812137966611846, -0.0008217176273262388, -2.4554038701367095e-5, 0.057812137966611846, -0.0008217176273262388, -2.4554038701367095e-5, 0.0, 0.0, 0.0
0.09959292143521047, 0.1357, 0.05744234054667466, -0.0008415856841482052, -1.9195580780208778e-5, 0.05744234054667466, -0.0008415856841482052, -1.9195580780208778e-5, 0.0, 0.0, 0.0
0.09959292143521047, 0.138, 0.057726641927473975, -0.0007181823495379084, -9.160327259113478e-7, 0.057726641927473975, -0.0007181823495379084, -9.160327259113478e-7, 0.0, 0.0, 0.0
0.09959292143521047, 0.1403, 0.05778607806068312, -0.000839215542139128, 1.960582678524485e-6, 0.05778607806068312, -0.000839215542139128, 1.960582678524485e-6, 0.0, 0.0, 0.0
0.09959292143521047, 0.1426, 0.05831461375534914, -0.0008046482532021488, -4.3874217637091e-6, 0.05831461375534914, -0.0008046482532021488, -4.3874217637091e-6, 0.0, 0.0, 0.0
0.09959292143521047, 0.1449, 0.057298337572246026, -0.0009889781132237363, 9.020186003337324e-6, 0.057298337572246026, -0.0009889781132237363, 9.020186003337324e-6, 0.0, 0.0, 0.0
0.09959292143521047, 0.1472, 0.05803323563208669, -0.0011094608562725928, -1.2494249329724362e-5, 0.05803323563208669, -0.0011094608562725928, -1.2494249329724362e-5, 0.0, 0.0, 0.0
0.09959292143521047, 0.1495, 0.05800855333635662, -0.001017316445998462, -1.4045785555763136e-5, 0.05800855333635662, -0.001017316445998462, -1.4045785555763136e-5, 0.0, 0.0, 0.0
0.09959292143521047, 0.1518, 0.05788621531282209, -0.0008011079867130507, 7.992857402113391e-6, 0.05788621531282209, -0.0008011079867130507, 7.992857402113391e-6, 0.0, 0.0, 0.0
0.09959292143521047, 0.1541, 0.05777434285304006, -0.0012778207799245256, 4.898576339730779e-6, 0.05777434285304006, -0.0012778207799245256, 4.898576339730779e-6, 0.0, 0.0, 0.0
0.09959292143521047, 0.15639999999999998, 0.0578706396961447, -0.0009279600152855428, -2.2839846388540325e-5, 0.0578706396961447, -0.0009279600152855428, -2.2839846388540325e-5, 0.0, 0.0, 0.0
0.09959292143521047, 0.1587, 0.05889429639978073, -0.0005877215881453488, -1.0713514385254862e-5, 0.05889429639978073, -0.0005877215881453488, -1.0713514385254862e-5, 0.0, 0.0, 0.0
0.09959292143521047, 0.161, 0.058710503886547805, -0.0006095624244095174, 3.348272685549873e-5, 0.058710503886547805, -0.0006095624244095174, 3.348272685549873e-5, 0.0, 0.0, 0.0
0.09959292143521047, 0.1633, 0.05836725211841561, -0.0005905579603543803, 1.727002595053874e-5, 0.05836725211841561, -0.0005905579603543803, 1.727002595053874e-5, 0.0, 0.0, 0.0
0.09959292143521047, 0.1656, 0.05923290779152833, -0.0007376680328436985, -8.260377395329079e-6, 0.05923290779152833, -0.0007376680328436985, -8.260377395329079e-6, 0.0, 0.0, 0.0
0.09959292143521047, 0.1679, 0.05891139545861222, -0.0004139786870532956, -2.0511740738975168e-6, 0.05891139545861222, -0.0004139786870532956, -2.0511740738975168e-6, 0.0, 0.0, 0.0
0.09959292143521047, 0.1702, 0.058727196174748704, -0.0006235219971740962, 8.933941671638104e-6, 0.058727196174748704, -0.0006235219971740962, 8.933941671638104e-6, 0.0, 0.0, 0.0
0.09959292143521047, 0.1725, 0.059129988435168354, -0.0007530149548518036, 1.0529277503725498e-5, 0.059129988435168354, -0.0007530149548518036, 1.0529277503725498e-5, 0.0, 0.0, 0.0
0.09959292143521047, 0.1748, 0.058575351780255976, -0.0007000844971998609, -8.204918807005082e-7, 0.058575351780255976, -0.0007000844971998609, -8.204918807005082e-7, 0.0, 0.0, 0.0
0.09959292143521047, 0.1771, 0.0589465141071661, -0.0003937387018841934, 1.0085039783151077e-5, 0.0589465141071661, -0.0003937387018841934, 1.0085039783151077e-5, 0.0, 0.0, 0.0
0.09959292143521047, 0.1794, 0.059825864938843294, -0.00010196529845240362, 3.7882403447053902e-6, 0.059825864938843294, -0.00010196529845240362, 3.7882403447053902e-6, 0.0, 0.0, 0.0
0.09959292143521047, 0.1817, 0.059074013217025864, -0.0004288778779824942, -5.549379050993738e-6, 0.059074013217025864, -0.0004288778779824942, -5.549379050993738e-6, 0.0, 0.0, 0.0
0.09959292143521047, 0.184, 0.05859466433477453, -0.0011021220429670053, -6.637142998144509e-6, 0.05859466433477453, -0.0011021220429670053, -6.637142998144509e-6, 0.0, 0.0, 0.0
0.09959292143521047, 0.1863, 0.05870475994719998, -0.0007698062705974561, -9.564766598239446e-6, 0.05870475994719998, -0.0007698062705974561, -9.564766598239446e-6, 0.0, 0.0, 0.0
0.09959292143521047, 0.1886, 0.05906423491453809, -0.0005772157945405076, 7.347264310629034e-6, 0.05906423491453809, -0.0005772157945405076, 7.347264310629034e-6, 0.0, 0.0, 0.0
0.09959292143521047, 0.1909, 0.05878857614662137, -0.0008061683726891761, 1.2772609522758425e-6, 0.05878857614662137, -0.0008061683726891761, 1.2772609522758425e-6, 0.0, 0.0, 0.0
0.09959292143521047, 0.19319999999999998, 0.05900680301398237, -0.0005983651313729623, -1.681569993602446e-5, 0.05900680301398237, -0.0005983651313729623, -1.681569993602446e-5, 0.0, 0.0, 0.0
0.09959292143521047, 0.1955, 0.05947416156411788, -0.00028279422451959655, -1.2683367785814387e-5, 0.05947416156411788, -0.00028279422451959655, -1.2683367785814387e-5, 0.0, 0.0, 0.0
0.09959292143521047, 0.1978, 0.058569949124930236, -0.00089366727203271, 5.020988368100114e-7, 0.058569949124930236, -0.00089366727203271, 5.020988368100114e-7, 0.0, 0.0, 0.0
0.09959292143521047, 0.2001, 0.058467430729087305, -0.0016600385305985484, 4.8295877367434026e-6, 0.058467430729087305, -0.0016600385305985484, 4.8295877367434026e-6, 0.0, 0.0, 0.0
0.09959292143521047, 0.2024, 0.05827774098929909, -0.001610075200587507, 1.9743040697534476e-7, 0.05827774098929909, -0.001610075200587507, 1.9743040697534476e-7, 0.0, 0.0, 0.0
0.09959292143521047, 0.2047, 0.05810152741580779, -0.0018486993030729882, -7.3648614128888685e-6, 0.05810152741580779, -0.0018486993030729882, -7.3648614128888685e-6, 0.0, 0.0, 0.0
0.09959292143521047, 0.207, 0.058097509659535335, -0.002091806045633206, 2.7919097227157346e-6, 0.058097509659535335, -0.002091806045633206, 2.7919097227157346e-6, 0.0, 0.0, 0.0
0.09959292143521047, 0.20929999999999999, 0.05786466923170619, -0.002766081078388424, -1.2303082267711409e-5, 0.05786466923170619, -0.002766081078388424, -1.2303082267711409e-5, 0.0, 0.0, 0.0
0.09959292143521047, 0.2116, 0.05757302933097629, -0.003053957700635228, 1.113535395123129e-6, 0.05757302933097629, -0.003053957700635228, 1.113535395123129e-6, 0.0, 0.0, 0.0
0.09959292143521047, 0.2139, 0.056723175233266206, -0.003972220991061663, 4.010967728748403e-6, 0.056723175233266206, -0.003972220991061663, 4.010967728748403e-6, 0.0, 0.0, 0.0
0.09959292143521047, 0.2162, 0.056379451228306586, -0.004970195684277641, -1.3274494291028242e-5, 0.056379451228306586, -0.004970195684277641, -1.3274494291028242e-5, 0.0, 0.0, 0.0
0.09959292143521047, 0.2185, 0.0554026831858779, -0.004842425907619801, -2.1090115173123964e-5, 0.0554026831858779, -0.004842425907619801, -2.1090115173123964e-5, 0.0, 0.0, 0.0
0.09959292143521047, 0.2208, 0.05460628094012932, -0.004616537698045242, 7.431176846020207e-6, 0.05460628094012932, -0.004616537698045242, 7.431176846020207e-6, 0.0, 0.0, 0.0
0.09959292143521047, 0.2231, 0.054462488933739936, -0.0033162931922778496, 2.1020183472276507e-5, 0.054462488933739936, -0.0033162931922778496, 2.1020183472276507e-5, 0.0, 0.0, 0.0
0.09959292143521047, 0.2254, 0.05443522587343554, -0.00125068885573355, -1.2090659512974566e-5, 0.05443522587343554, -0.00125068885573355, -1.2090659512974566e-5, 0.0, 0.0, 0.0
0.19918584287042093, 0.0023, 0.058366181453898575, 0.00014113869992296043, 2.9488328342993354e-5, 0.05697119887080382, 0.00045632857009628115, 1.0751381386049707e-5, 0.001972803288286857, 0.00044574578912172526, 2.6498044503974998e-5
0.19918584287042093, 0.0046, 0.05837636493642694, 0.0001272793425053242, 9.363469986548414e-6, 0.05679261023834824, 0.001484778706429924, 1.193324661960982e-5, 0.0022397673734950146, 0.001919794011375019, 3.6342129667449093e-6
0.19918584287042093, 0.0069, 0.05837108643337143, 0.00025130017056418895, 1.2245359117875494e-5, 0.05672238592030125, 0.0025803307525554286, 8.883084648210846e-6, 0.002331614625875328, 0.003293746636233714, 4.754974155420552e-6
0.19918584287042093, 0.0092, 0.05838979459625413, 0.00022368200169384494, 1.4746610040366195e-5, 0.05676109619094537, 0.0029660581042064245, -1.7634895221992383e-6, 0.0023033273738030857, 0.003878305477301159, 2.3348806717510143e-5
0.19918584287042093, 0.0115, 0.05871893444294259, 0.00011348189770484893, 2.3833471947699042e-6, 0.057096095438955746, 0.002631990884911448, -3.909166912393428e-6, 0.002295040928986246, 0.0035617095666660996, 8.898958791774413e-6
0.19918584287042093, 0.0138, 0.05870777693490123, 0.0002384846182661612, 3.493391008599167e-5, 0.05759024271580386, 0.0026859523057053197, 1.8466974740487932e-5, 0.001580432049063522, 0.0034612419970463733, 2.328776329633227e-5
0.19918584287042093, 0.0161, 0.05865576777449269, 0.00030205274071600473, -9.267545324713354e-6, 0.05783791219221655, 0.0022655083203943142, -6.960182296965473e-6, 0.0011566224565174542, 0.0027767455098981924, 3.263104087159301e-6
0.19918584287042093, 0.0184, 0.05851894685546908, 0.0005370275793310349, -6.193401323180408e-6, 0.05804293782628429, 0.0017161144961794765, -4.569285551780291e-6, 0.0006731784248851846, 0.0016674807090237438, 2.2968465507780873e-6
0.19918584287042093, 0.0207, 0.05844965955599878, 0.00034013380728118884, 3.057129313597182e-5, 0.058123410315211975, 0.0013656647107491732, 1.5875428039496456e-5, 0.00046138610103462917, 0.001450319712317157, 2.078309173024085e-5
0.19918584287042093, 0.023, 0.05810249442363171, 0.00013923285870509906, 2.3306039488901085e-5, 0.05813590601499609, 0.0011433784884990405, 1.2834701892513711e-5, 4.725112564797383e-5, 0.001420076368252265, 1.480870764499831e-5
0.19918584287042093, 0.0253, 0.05811725850980266, 0.00044453031905042237, -1.1507781031821798e-6, 0.05801509792139056, 0.001384172164539919, -7.651603607604361e-6, 0.00014447688967241098, 0.0013288542416645304, 9.193555594974765e-6
0.19918584287042093, 0.0276, 0.058674817930141336, 0.0006946091077051518, -1.2991892116349162e-5, 0.05835214607101104, 0.001231953511664464, -5.6028007524373936e-6, 0.00045632691937820855, 0.0007599197437445466, 1.0449753220457934e-5
0.19918584287042093, 0.0299, 0.058374066737129825, 0.0007015484284435993, 1.630559285471089e-5, 0.0585533334838001, 0.001082231126958615, 1.0211944553690374e-5, 0.00025352146442360975, 0.0005383666352007233, 8.617720071634984e-6
0.19918584287042093, 0.0322, 0.05823487577756232, 0.0006899530085010408, -9.223635691607787e-8, 0.05833559555376008, 0.0008941378348184428, -2.07543686839458e-6, 0.00014243927349806443, 0.0002887609506088648, 2.804669060238157e-6
0.19918584287042093, 0.0345, 0.058335988725125264, 0.000845304568935528, -9.958507757724223e-6, 0.05883262768967115, 0.0006120226563242344, -9.019532085563767e-6, 0.0007023535592637258, 0.0003299104446712266, 1.3279121303077101e-6
0.19918584287042093, 0.0368, 0.05880788417508038, 0.0007281397162559814, -8.094104831226215e-7, 0.059107395691520376, 0.0004816433356140229, -6.519326073406733e-6, 0.00042357324863637386, 0.0003485985245797386, 8.075040067785368e-6
0.19918584287042093, 0.039099999999999996, 0.05840851103578504, 0.0009474431257390506, -4.581478144414517e-6, 0.058615259838285194, 0.0007428492099800063, -1.4795412049431368e-6, 0.00029238696050011987, 0.000289339490445459, 4.386801289426517e-6
0.19918584287042093, 0.0414, 0.0578207220757853, 0.0010467552190934347, -1.4000116990499087e-5, 0.05823362180256761, 0.0010634614818383994, -4.59692402736131e-6, 0.0005839283935156847, 2.3626223350497508e-5, 1.3298123018080693e-5
0.19918584287042093, 0.0437, 0.058411322800597035, 0.0009902290832384893, -2.0691686894399303e-5, 0.0584623305325523, 0.001105308058631299, -1.744713826837417e-5, 7.213582631703112e-5, 0.00016274624774451118, 4.588484670703732e-6
0.19918584287042093, 0.046, 0.05853550490137014, 0.001086849294683216, 7.516422623165457e-6, 0.05879727906905342, 0.000898265096195312, 1.3431990412743687e-7, 0.00037020457821661815, 0.0002666983311508535, 1.043986978409487e-5
0.19918584287042093, 0.048299999999999996, 0.05746739631538822, 0.0011286930231767748, -1.1551139912525682e-5, 0.058340468898267196, 0.0005590213429241955, -9.403829469354528e-6, 0.001234711087643557, 0.0008056374163130669, 3.0367555513580282e-6
0.19918584287042093, 0.0506, 0.058077741059823045, 0.0010591226253919455, -3.6442609805449105e-5, 0.05881406202680627, 0.00068133594108336, -1.893358965119495e-5, 0.0010413150977673534, 0.0005342710526331645, 2.4761493766010086e-5
0.19918584287042093, 0.0529, 0.05882529636625637, 0.00113777633086776, -9.744892360888487e-6, 0.0587494568762507, 0.0009607293758950895, -1.3687055545453466e-6, 0.00010725323532947854, 0.0002503822048992092, 1.184571698250105e-5
0.19918584287042093, 0.0552, 0.05769859115448841, 0.0016531774340527835, 1.223707593933399e-6, 0.058238448830896655, 0.001084279737999615, -7.262641034986848e-7, 0.0007634740477277656, 0.0008045428373611977, 2.757676420752138e-6
0.19918584287042093, 0.057499999999999996, 0.058340059351010526, 0.001587706862592197, 6.04042688007132e-6, 0.05891832172551931, 0.0010733789542112125, 6.627299244233599e-6, 0.0008177864926403906, 0.000727369503539375, 8.299628567802568e-7
0.19918584287042093, 0.0598, 0.058291043459293146, 0.001206025785656549, -1.154939522235891e-5, 0.058442824903510486, 0.000990764652685254, -2.8248394422747116e-6, 0.0002146513769287378, 0.0003044252136998036, 1.233838510987565e-5
0.19918584287042093, 0.0621, 0.05691368022025379, 0.001597404167456902, -6.0422799557512835e-6, 0.05782777408501867, 0.0010582223201165203, -5.778525007381014e-6, 0.001292723940832537, 0.0007625182810941474, 3.7300582512825077e-7
0.19918584287042093, 0.0644, 0.05888393842104874, 0.0018663167954148904, 1.0552510005515928e-5, 0.059022107667501225, 0.0013078257793032655, 4.400135461550811e-6, 0.0001954008222359734, 0.0007898255694485907, 8.700771520874455e-6
0.19918584287042093, 0.0667, 0.057538563103978826, 0.001733922378280489, 2.7463806844258656e-6, 0.057883631322896645, 0.0011472692484796603, 1.106402091324186e-5, 0.00048800015513750694, 0.0008296528125729557, 1.1762919618531631e-5
0.19918584287042093, 0.069, 0.056856564442109084, 0.0017767462919258579, -2.6474397826286483e-6, 0.05774337149988286, 0.0011689623761254936, 9.490639355206712e-6, 0.0012541345683118562, 0.0008595362567171027, 1.7165836137884695e-5
0.19918584287042093, 0.0713, 0.05923326098081964, 0.0021513981654023616, 1.252385663729448e-5, 0.05922723490898503, 0.001406185432420715, 6.08313740411348e-7, 8.522152516333229e-6, 0.0010538899538357646, 1.685112236781052e-5
0.19918584287042093, 0.0736, 0.05621929040526203, 0.002295635666245232, -6.173820511202155e-6, 0.057018816507617295, 0.0016406403809652384, -1.3653442508345028e-5, 0.0011307006574221175, 0.0009263032157334015, 1.0577782869783586e-5
0.19918584287042093, 0.0759, 0.05709936845775676, 0.0017916789671838724, -1.1231812535602284e-5, 0.0573898884707186, 0.001488613149211497, -3.1627600266955132e-6, 0.0004108573424714473, 0.0004285997900682288, 1.1411363493596606e-5
0.19918584287042093, 0.07819999999999999, 0.057852279921819745, 0.0016658934120385716, -9.045532550029024e-6, 0.058010835573780145, 0.0012133749190401952, -9.666263640020266e-7, 0.00022423155339330598, 0.0006399577900229384, 1.1425298697419273e-5
0.19918584287042093, 0.0805, 0.05674118835654791, 0.0022373832658078526, -5.424834811846748e-6, 0.0573055197932802, 0.0016529242037850726, -6.95237121905391e-6, 0.0007980851715002994, 0.0008265499321644733, 2.1602627040910396e-6
0.19918584287042093, 0.0828, 0.0576033842685853, 0.0022613749814209853, 1.385295906315239e-6, 0.05776583568894116, 0.0016462151294505184, -2.832916571980076e-6, 0.000229741001894033, 0.0008699674056840598, 5.965453295776659e-6
0.19918584287042093, 0.0851, 0.056558272885321226, 0.0017575403131452633, -7.73521619696499e-6, 0.056997120042382214, 0.0013539671599971906, -1.159470466535556e-6, 0.0006206236013245255, 0.0005707386265916786, 9.29950879469028e-6
0.19918584287042093, 0.0874, 0.056954589649202476, 0.00156975564376269, -5.939035393292304e-6, 0.05753570939690975, 0.0012023172384636198, -5.03537249199183e-6, 0.000821827428570461, 0.0005196363761106872, 1.2779723308325492e-6
0.19918584287042093, 0.0897, 0.05664540734840888, 0.001837508667064573, -1.309302423793532e-5, 0.05714596215056076, 0.0013561963472922957, -3.2978413487990694e-6, 0.00070789138991417, 0.0006806784103592104, 1.3852480487741361e-5
0.19918584287042093, 0.092, 0.056183813844246346, 0.0015088627141406276, -1.0340240691830791e-5, 0.05699880510497511, 0.0011130147785451544, -3.7520571714864627e-6, 0.0011525716941381656, 0.0005598135191565098, 9.31709848587387e-6
0.19918584287042093, 0.0943, 0.055878103836875415, 0.001237391635603473, -1.303399612843683e-5, 0.056583749795140754, 0.0010232713365625618, -1.7124516058252298e-5, 0.0009979340844126026, 0.00030281183088303956, 5.784868761902474e-6
0.19918584287042093, 0.09659999999999999, 0.05701675533505589, 0.0022001023583533615, 8.078652452971505e-6, 0.057401299075114154, 0.0015334994138019391, -3.905666795116371e-6, 0.0005438269725160759, 0.0009427189249024617, 1.6948386816454807e-5
0.19918584287042093, 0.0989, 0.05570842880816131, 0.002708567170013197, 8.90337875935441e-6, 0.05658623264499363, 0.0018102375214165507, 3.70689043208696e-6, 0.0012414020911513995, 0.0012704299725272337, 7.348944269135107e-6
0.19918584287042093, 0.1012, 0.055834175806241906, 0.0023784256073696194, -1.6872958373908235e-5, 0.056348993304757955, 0.0016810418670593066, 3.3219241398263e-6, 0.0007280618885483892, 0.0009862495437253209, 2.8559876741454643e-5
0.19918584287042093, 0.1035, 0.05639593505909684, 0.0020051325607719443, -1.1157675934860508e-5, 0.056808405928533826, 0.0013608377131972085, -5.278633887164402e-6, 0.0005833218976416075, 0.0009111705116072974, 8.314220997613525e-6
0.19918584287042093, 0.1058, 0.05613615669298583, 0.0018101902476817169, -1.473219004569265e-6, 0.056692119199970276, 0.001075865613386895, -9.63737587912551e-6, 0.0007862497175483524, 0.0010384918570044003, 1.154586137733898e-5
0.19918584287042093, 0.1081, 0.05508456903652389, 0.0011201490657604509, -8.181085435835307e-6, 0.05583289001559223, 0.0007036299291863363, -7.320026671620966e-6, 0.0010582856776067651, 0.0005890470119310444, 1.2177209823521375e-6
0.19918584287042093, 0.1104, 0.05704683956552609, 0.0005256946339305566, 4.537335527605177e-6, 0.05714426093226686, 0.0003444899238771484, -1.1667386361596032e-6, 0.00013777461810971766, 0.0002562621585234142, 8.066779043178122e-6
0.19918584287042093, 0.1127, 0.0549946982705851, 0.00019400576542454758, -3.6446205458312597e-7, 0.05596299373841536, -1.6641216999172692e-5, 1.653587858764241e-6, 0.0013693765829899593, 0.00029789981941659216, 2.853953557001696e-6
0.19918584287042093, 0.11499999999999999, 0.05751566963732061, -0.00029003823536756106, -9.226323635642387e-6, 0.05716288947796015, -0.00013367581802395598, -2.8855960011023624e-6, 0.0004989064859037009, 0.00022112985125276836, 8.967143016080375e-6
0.19918584287042093, 0.1173, 0.05409888563729341, -0.0008447336743726093, -8.52851003134693e-6, 0.05548342623775363, -0.0002896212850787634, -7.35507521047529e-6, 0.0019580360948270314, 0.0007850474695806901, 1.6594874382375156e-6
0.19918584287042093, 0.1196, 0.05753932684130184, -0.0010461963707938677, 6.18031345881406e-6, 0.05738122994466574, -0.0005926251390825632, 1.1844640629649667e-6, 0.00022358277539187294, 0.0006414465873883964, 7.065197971183221e-6
0.19918584287042093, 0.1219, 0.05536234835551539, -0.0013652802737346016, 4.008486675696796e-6, 0.05597550109881161, -0.0008020760512216762, -4.813410355796175e-6, 0.0008671289253757859, 0.0007964910498635736, 1.2476046427796307e-5
0.19918584287042093, 0.1242, 0.056097126212821515, -0.002022457193450873, -8.074328568346043e-6, 0.05663309997116677, -0.0011285546750245937, -1.609464223678685e-5, 0.0007579813581279419, 0.0012641690649979097, 1.1342436364395297e-5
0.19918584287042093, 0.1265, 0.05615694912393237, -0.0023771987762677992, -1.2352736056861899e-5, 0.056730794816156574, -0.00152258403514351, -7.302396953921414e-6, 0.0008115403606528476, 0.0012086077575019414, 7.142258053961604e-6
0.19918584287042093, 0.1288, 0.05678281078242266, -0.0020983534732548566, -1.0247559973390172e-5, 0.056906718188945674, -0.001542601421637689, 4.464377864127727e-6, 0.00017523153478332836, 0.0007859520887136709, 2.0805822018607718e-5
0.19918584287042093, 0.1311, 0.05547020606964413, -0.0016118738041167161, 1.58107940533048e-5, 0.056434463927166854, -0.0012316523776486244, 6.0432657960836185e-6, 0.001363666539733458, 0.00053771429801602, 1.3813370932224638e-5
0.19918584287042093, 0.1334, 0.05674925629515196, -0.0016817014592945074, -3.437073719466438e-6, 0.05728069713088191, -0.0012517095433103732, -1.3995556210416767e-5, 0.0007515708374881775, 0.0006081003992955552, 1.4931949136780816e-5
0.19918584287042093, 0.1357, 0.05582500927667975, -0.0015637389752261527, -2.3641921077176254e-5, 0.0566336749116772, -0.001202662329687179, -2.1418750928692516e-5, 0.0011436259084384478, 0.0005106394891773994, 3.1440373754487094e-6
0.19918584287042093, 0.138, 0.05678057555442601, -0.0014869769604828218, -5.956588189014979e-6, 0.05725360874094999, -0.0011025796550103652, -3.4363104574631633e-6, 0.0006689699478347765, 0.0005436198827388218, 3.5642109489074764e-6
0.19918584287042093, 0.1403, 0.05633890693894525, -0.0016313128237973745, -1.1848408550324294e-6, 0.05706249249981418, -0.0012352641829682513, 3.8787091174602783e-7, 0.0010233045137181909, 0.0005600973592199769, 2.224150310281846e-6
0.19918584287042093, 0.1426, 0.05724934717371933, -0.0020801114141533908, -9.282460325348642e-6, 0.057781980464534234, -0.0014423798336777698, -6.834941044528871e-6, 0.0007532572236418508, 0.0009018886502622521, 3.4613149611049632e-6
0.19918584287042093, 0.1449, 0.05697154099166064, -0.0022670902970820896, -1.4210740488177345e-5, 0.05713493928195333, -0.0016280342051529129, -2.5952772424200104e-6, 0.00023108007820050495, 0.0009037617923233892, 1.6426745655396235e-5
0.19918584287042093, 0.1472, 0.057071205141738024, -0.0019350836745504294, 4.8986995783587305e-6, 0.05755222038691236, -0.0015222722654115112, -3.797774875682815e-6, 0.0006802582834337619, 0.0005838034935066068, 1.2298672117736712e-5
0.19918584287042093, 0.1495, 0.05706698977646996, -0.0018902599268416905, -6.022114824625898e-6, 0.05753777155641329, -0.0014537881864200761, -1.0033950190194517e-5, 0.0006657859781140014, 0.000617264254896836, 5.673591983995165e-6
0.19918584287042093, 0.1518, 0.05700916322298604, -0.0021814953629324747, -2.016468080546648e-5, 0.05744768926790407, -0.0014913016748227628, -6.085911701676544e-6, 0.0006201694801769075, 0.0009760812743890607, 1.9910386208099034e-5
0.19918584287042093, 0.1541, 0.05765707857878389, -0.0021586197188205743, -1.0337744105658012e-5, 0.05771571071591197, -0.0017182202493725499, -2.719583882963617e-6, 8.2918363517456e-5, 0.0006228189025553117, 1.0773705507265652e-5
0.19918584287042093, 0.15639999999999998, 0.05705245353570559, -0.002082046384621536, -4.494537385882505e-6, 0.057461546615925146, -0.0015050031999535394, -1.3667191887211415e-5, 0.0005785449823194831, 0.0008160622978324434, 1.2972092398741963e-5
0.19918584287042093, 0.1587, 0.05824870773092112, -0.001967249260090193, 4.247408232079858e-6, 0.058571502065350924, -0.001277485424117771, -3.233053076587502e-6, 0.0004565001256078261, 0.0009754733716666905, 1.0578969835524572e-5
0.19918584287042093, 0.161, 0.057213371071611285, -0.0018218524248741152, -1.0508199513951777e-5, 0.057961937479079545, -0.0012157074246418164, 1.1487263670773478e-5, 0.0010586327657785173, 0.0008572184800931599, 3.1106282346516566e-5
0.19918584287042093, 0.1633, 0.05791871140385454, -0.0014006781226674255, 3.841673100239771e-6, 0.058142981761135075, -0.000995618041510903, 1.0555849525389255e-5, 0.0003171661809043952, 0.0005728414603475008, 9.495279360612107e-6
0.19918584287042093, 0.1656, 0.05833087938997606, -0.001473782668265459, -1.2526817057972487e-5, 0.0587818935907522, -0.0011057253505545787, -1.0393597226650784e-5, 0.0006378303995604745, 0.0005205116504373899, 3.016828416978399e-6
0.19918584287042093, 0.1679, 0.05708570798557134, -0.0017537824588307474, -1.6509953856861126e-5, 0.057998551722091785, -0.0010838805729420217, -9.280563965379321e-6, 0.0012909559925145435, 0.0009473843324831496, 1.0223901232216525e-5
0.19918584287042093, 0.1702, 0.05873575723002617, -0.001667276785846912, 1.3686281194999592e-6, 0.05873147670238744, -0.0011453993915105042, 5.151284895569032e-6, 6.053580240810016e-6, 0.0007380460889664798, 5.34948451451937e-6
0.19918584287042093, 0.1725, 0.05843440957128026, -0.0013959096880490998, 1.1425843279044678e-5, 0.0587821990032243, -0.0010744623214504517, 1.0977560391385087e-5, 0.0004918485315053043, 0.0004545952254329243, 6.339677395079678e-7
0.19918584287042093, 0.1748, 0.05757441962912366, -0.0011809380646293133, -4.093029484837737e-6, 0.05807488570468981, -0.0009405112809145872, -2.4567606827691227e-6, 0.0007077659115732978, 0.0003400148182871085, 2.314033531573412e-6
0.19918584287042093, 0.1771, 0.05841639291793253, -0.0010482610234390838, 1.4861468419930996e-6, 0.05868145351254932, -0.0007209998626616386, 5.785593312572088e-6, 0.00037485228775773274, 0.000462817172009425, 6.080335509389942e-6
0.19918584287042093, 0.1794, 0.05810440783025736, -0.0012808395969734871, -3.705970070960997e-6, 0.05896513638455032, -0.0006914024477129453, 4.1135136872196914e-8, 0.0012172539950028986, 0.0008335900106507925, 5.299207004556558e-6
0.19918584287042093, 0.1817, 0.058088150875843125, -0.0011303184765061019, 8.535420770288441e-6, 0.058581082046434495, -0.0007795981772442981, 1.4930208596473512e-6, 0.0006971099467667604, 0.0004959934038155935, 9.959457465283701e-6
0.19918584287042093, 0.184, 0.05821821832400661, -0.0009368802491611234, 3.919723909164623e-6, 0.058406441329390574, -0.0010195011460640644, -1.3587095444899435e-6, 0.00026618752696462545, 0.00011684359293556831, 7.464832178242143e-6
0.19918584287042093, 0.1863, 0.05820863474182641, -0.0010117447809432883, 2.7195152709523595e-6, 0.0584566973445132, -0.0008907755257703722, -3.422625663643543e-6, 0.00035081349703722405, 0.00017107636129570962, 8.686299011712483e-6
0.19918584287042093, 0.1886, 0.05853198630530069, -0.0009773056969659265, 8.735037969580703e-6, 0.05879811060991939, -0.0007772607457532171, 8.041151140104868e-6, 0.00037635660086887874, 0.00028290628308927785, 9.813041649967925e-7
0.19918584287042093, 0.1909, 0.05843159542436864, -0.00083424224320854, 7.929916132548647e-7, 0.05861008578549501, -0.0008202053079488581, 1.0351262827653537e-6, 0.00025242348945777904, 1.9851224218395305e-5, 3.4243013354246053e-7
0.19918584287042093, 0.19319999999999998, 0.05835456215244805, -0.0005889922939600287, -3.934244148778189e-6, 0.05868068258321521, -0.0005936787126664955, -1.0374972042401326e-5, 0.00046120393615786974, 6.627596893644324e-6, 9.108564738716537e-6
0.19918584287042093, 0.1955, 0.05853636284024998, -0.0006987393932215809, 1.162033673211743e-5, 0.05900526220218393, -0.0004907668088705887, -5.315155268484785e-7, 0.0006631238370350825, 0.0002941176493909557, 1.718531427258372e-5
0.19918584287042093, 0.1978, 0.058776708240694996, -0.0009486356083307887, 1.2183386180696935e-5, 0.058673328682812616, -0.0009211514401817494, 6.342742508753473e-6, 0.00014620077282939597, 3.8868483346914096e-5, 8.259917493851039e-6
0.19918584287042093, 0.2001, 0.05812146729006981, -0.0008974080434276663, -9.68666575855141e-7, 0.05829444900957856, -0.0012787232870131073, 1.930460580444131e-6, 0.0002446330937718884, 0.000539261189018131, 4.099984943482574e-6
0.19918584287042093, 0.2024, 0.05807829512040957, -0.0002346628592103858, -5.9326698064592705e-6, 0.05817801805485433, -0.0009223690298989464, -2.8676196997419626e-6, 0.00014102952637141695, 0.0009725633935154291, 4.334635430272719e-6
0.19918584287042093, 0.2047, 0.058494557867589676, -0.00019938169687876972, 2.8775995301049685e-5, 0.05829804264169873, -0.001024040499975879, 1.070556694408041e-5, 0.0002779144976677859, 0.0011662436636702956, 2.5555444860317317e-5
0.19918584287042093, 0.207, 0.05845399578755816, -0.0005274602961231116, 1.6586729980917253e-5, 0.05827575272354675, -0.0013096331708781588, 9.689319851816494e-6, 0.0002520737585238725, 0.00110615948759894, 9.754410949823853e-6
0.19918584287042093, 0.20929999999999999, 0.0585181802442023, -0.00034232857057634, -1.395608238801999e-5, 0.058191424737954245, -0.001554204824482382, -1.31295823278657e-5, 0.0004621020685160865, 0.001713851834191825, 1.1688475943723769e-6
0.19918584287042093, 0.2116, 0.05845649252962507, -0.00020267285141462442, 6.6064431394088356e-6, 0.05801476093030068, -0.0016283152760249262, 3.859989267265982e-6, 0.0006247028186933095, 0.0020161628519783517, 3.884072314416525e-6
0.19918584287042093, 0.2139, 0.058429270940398216, -0.0002246837728981398, 1.722606503550353e-5, 0.05757622308683221, -0.0020984523819799015, 1.0618516382125965e-5, 0.0012063918438663026, 0.0026499089797123974, 9.344484919646632e-6
0.19918584287042093, 0.2162, 0.05875150665995075, -0.0004100037277768297, 1.944044391355368e-5, 0.05756547894412867, -0.0026900997060272354, 3.0829748112627185e-6, 0.0016772964810659705, 0.003224542655954073, 2.313295465055873e-5
0.19918584287042093, 0.2185, 0.05888153174048938, -2.8979766384139674e-5, 7.260794034402518e-6, 0.05714210746318364, -0.0024357028370019704, -6.914660569360723e-6, 0.0024599174036867956, 0.0034036204073439567, 2.00471201534461e-5
0.19918584287042093, 0.2208, 0.05852826599469313, -6.708135757668714e-5, 1.8010032087253595e-5, 0.05656727346741122, -0.0023418095278109645, 1.27206044666369e-5, 0.0027732622277943627, 0.0032169514290574497, 7.480380278266979e-6
0.19918584287042093, 0.2231, 0.058289028993611026, -0.00046885692158105276, -7.511548458767456e-7, 0.056375758963675485, -0.0018925750569294512, 1.0134514313199881e-5, 0.002705772424816823, 0.002013441496006239, 1.5394660960272688e-5
0.19918584287042093, 0.2254, 0.05830745271317486, -0.00013897315481789998, 2.9667774805412035e-5, 0.056371339293305206, -0.000694831005275725, 8.788557646218735e-6, 0.0027380778566722247, 0.0007861017108690119, 2.952767207826421e-5
0.2987787643056314, 0.0023, 0.05652628034999614, -0.0003702967877460321, 1.1673175754534461e-5, 0.05682289269720126, 0.0001807867841488434, 1.1058646175544626e-5, 0.0014184359592606273, 0.0005719392290000622, 1.8744503626927812e-5
0.2987787643056314, 0.0046, 0.0570699808471118, -0.0005338388339971561, -2.8722775118346803e-5, 0.05688506710793609, 0.0008119061929542307, -1.618760626375719e-6, 0.0015918303181835475, 0.0017891553261885859, 2.3613014486286207e-5
0.2987787643056314, 0.0069, 0.05730664687907663, -0.0008156065649079316, -1.6368909317834246e-5, 0.056917139573226375, 0.0014483516467343085, 4.657533261958164e-7, 0.0016828548177965068, 0.0030444233509643827, 1.496192799618701e-5
0.2987787643056314, 0.0092, 0.057381799534319496, -0.0006870145826005999, 1.9540645736195187e-5, 0.05696799730540341, 0.001748367208604083, 5.33788889726557e-6, 0.001667657851283425, 0.0034596155912659694, 2.0588154699611736e-5
0.2987787643056314, 0.0115, 0.058137657894121446, -0.00031446843264212247, -3.2166409365747247e-6, 0.05744328292401098, 0.0016498377790602576, -3.6783249204538603e-6, 0.0017306715119276563, 0.003039204120923737, 6.305204030368679e-6
0.2987787643056314, 0.0138, 0.05881890013750929, -0.00017803200914205764, -3.2928249743806616e-5, 0.05799979518970567, 0.0017312908674228604, 1.335233245723083e-6, 0.0013236625013540422, 0.002953681341358506, 3.393596410304772e-5
0.2987787643056314, 0.0161, 0.05873273667510507, 0.00018988558104643375, 4.124503297159587e-6, 0.05813618701984606, 0.0015736340739450206, -3.265287098923786e-6, 0.0009673631023832094, 0.0023002668827919116, 6.802990203972986e-6
0.2987787643056314, 0.0184, 0.05910378530393038, 0.0002178849963081182, 1.3026531486036148e-5, 0.05839655365216632, 0.001216704662889024, 1.2959867941585215e-6, 0.0007757042302373641, 0.0014623530703098883, 1.0287954661399629e-5
0.2987787643056314, 0.0207, 0.05956079690598243, 0.000802071141884033, -3.7303905136397675e-6, 0.05860253917880213, 0.0011778001877941265, 9.340155188451047e-6, 0.000891701727535354, 0.0010759148994800853, 1.8549873979265635e-5
0.2987787643056314, 0.023, 0.05951175747287182, 0.0016328771584184006, -3.1683555430863743e-6, 0.05859452316762133, 0.0013065447118054939, 7.5003494139803496e-6, 0.0007950505722806298, 0.0010431577517895103, 1.3964772112470033e-5
0.2987787643056314, 0.0253, 0.05901468194644031, 0.001245903539522542, 6.382861873480636e-6, 0.05834829259640714, 0.0013380826228674599, -2.9734484472426956e-6, 0.0005860826393973162, 0.0009430267946085301, 1.0388269314577927e-5
0.2987787643056314, 0.0276, 0.05914611829881195, 0.0014148161957239951, 1.86048667850851e-5, 0.05861680348027801, 0.0012929077396843078, 2.466421760070104e-6, 0.0005605780601435624, 0.0005476178066926549, 1.5809355681156298e-5
0.2987787643056314, 0.0299, 0.05906749627779635, 0.001726023419792856, -1.6441639457549535e-6, 0.05872472108179885, 0.001296828557903362, 6.259908387208598e-6, 0.00034678190942592286, 0.0005320483897663169, 9.164514127877711e-6
0.2987787643056314, 0.0322, 0.058267996063637875, 0.0015306257688005348, 1.2586952938803524e-5, 0.058313062390386014, 0.0011063004794791402, 2.8120264006714544e-6, 0.00010801714526988624, 0.0004203931572546485, 8.694537129033239e-6
0.2987787643056314, 0.0345, 0.057582847905321415, 0.001043000039108297, -7.685210877536844e-6, 0.05841603442822124, 0.0007556817839189219, -8.574758349554793e-6, 0.000875956675619085, 0.00034107812239336517, 1.2145560265542805e-6
0.2987787643056314, 0.0368, 0.05791477685379133, 0.0005196684213718297, -2.015209326997304e-5, 0.05870985607894403, 0.0004943183641999585, -1.10635818055955e-5, 0.0007508797368302374, 0.0002474720887666893, 9.723883819069468e-6
0.2987787643056314, 0.039099999999999996, 0.05736756691942085, 0.001001901750576504, 4.932772006036025e-6, 0.05819936219866374, 0.0008292000568455056, 6.578965320499171e-7, 0.0007494381944252148, 0.0002534325879376716, 4.829899896998181e-6
0.2987787643056314, 0.0414, 0.056725549629562666, 0.0009192148325026975, -8.844082553577893e-6, 0.05773093107823263, 0.0010153792653931654, -6.012643536100171e-6, 0.0009636285992923766, 8.49399660334449e-5, 9.717655225633145e-6
0.2987787643056314, 0.0437, 0.05693813644461807, 0.00039669476737586306, -1.1961797405332126e-5, 0.057954265836574224, 0.0008691036282128204, -1.5618691314026822e-5, 0.0008814709266998576, 0.0004249950228242828, 4.533955291048628e-6
0.2987787643056314, 0.046, 0.05716532687987875, 0.0007295034708774974, -6.4938658632694904e-6, 0.058253295005995194, 0.0008420112210893738, -2.075075351671539e-6, 0.0009778965678691532, 0.00021226750884821878, 8.31502993040131e-6
0.2987787643056314, 0.048299999999999996, 0.05699262229812804, 0.00129989149486519, -4.359694961349644e-6, 0.05789118669822081, 0.0008059780602378602, -7.722451300019567e-6, 0.0011695380373508704, 0.0007123824000919879, 3.6182923851314806e-6
0.2987787643056314, 0.0506, 0.05711891965656031, 0.0018538133668106163, 4.954986051818555e-6, 0.05824901457005762, 0.0010721617496591122, -1.097073108352378e-5, 0.0012247466887293408, 0.0007752143037815712, 2.2288722181145347e-5
0.2987787643056314, 0.0529, 0.05811897848214425, 0.0022818147549901885, 1.4787066530511642e-5, 0.05853929741154855, 0.0014010911689267891, 4.016551807140317e-6, 0.0003718233855690136, 0.0007830077589343386, 1.253648658793706e-5
0.2987787643056314, 0.0552, 0.05861246672676929, 0.002949745361920863, 2.3162384542451084e-5, 0.0583631214628542, 0.001706101612640031, 7.236618778484572e-6, 0.0005814431238346308, 0.0012180443012955512, 1.3929282142211495e-5
0.2987787643056314, 0.057499999999999996, 0.05899884494677624, 0.0033163150821361076, 2.86123439189223e-5, 0.058945162799271617, 0.0018210243301861775, 1.3955647469129832e-5, 0.000580128178502878, 0.0013933606934278715, 1.2706631429605439e-5
0.2987787643056314, 0.0598, 0.06098791315638533, 0.003518484720612324, 2.3713906883142944e-5, 0.059291187654468766, 0.001833338008660944, 6.0214093328645064e-6, 0.001477225669438904, 0.0014751701379734122, 1.763196602012257e-5
0.2987787643056314, 0.0621, 0.06062514863399856, 0.003940239827233915, 7.368286769850463e-6, 0.05876023226801197, 0.002018894822488985, -1.3962544149705216e-6, 0.0018558023555040218, 0.0017491117845767055, 7.594896530441163e-6
0.2987787643056314, 0.0644, 0.06194218183770537, 0.004222304844782935, 1.0595847506882677e-5, 0.05999546572423594, 0.002279318801129822, 6.465372809994767e-6, 0.0016915579979700334, 0.0017729377567896958, 7.116693645609135e-6
0.2987787643056314, 0.0667, 0.0629949410420692, 0.004386804969700011, -1.980036850506309e-6, 0.0595874012292875, 0.002227114488886444, 6.716001658659137e-6, 0.0029711223060446984, 0.001960193644615924, 1.1220470279390453e-5
0.2987787643056314, 0.069, 0.060771112454411455, 0.00445701490854903, -6.265280019942211e-6, 0.058752618484725724, 0.0022649798869333387, 4.2386662301570715e-6, 0.0019601441750444347, 0.0019932798198692278, 1.5168474882963188e-5
0.2987787643056314, 0.0713, 0.06307488294382799, 0.004699057885871638, -3.5575732643958965e-6, 0.060509784253932684, 0.0025038095835710223, -7.803152611910669e-7, 0.0022214488020701056, 0.0020419790275522606, 1.2155864183172498e-5
0.2987787643056314, 0.0736, 0.06129458951358161, 0.004594954378446132, -1.9416984439032772e-5, 0.058444074176272065, 0.0026254117134588695, -1.5574623151907608e-5, 0.002594864207338241, 0.0018271131753788178, 8.186424763945623e-6
0.2987787643056314, 0.0759, 0.05991701800226566, 0.004391284316061008, -1.994040882894152e-5, 0.05823226498123429, 0.0024561702048280006, -8.755309627444183e-6, 0.0014876815634863214, 0.001703041061643288, 1.260711868358496e-5
0.2987787643056314, 0.07819999999999999, 0.061501598257285954, 0.004743237835185135, 1.1921734846696456e-5, 0.05917442313494875, 0.0023899958910885083, 3.3294940395641342e-6, 0.002021620125613978, 0.0020876023860154197, 1.0983563935646649e-5
0.2987787643056314, 0.0805, 0.057786192849369325, 0.004299972010580728, 1.6629958048320834e-5, 0.05746574414530991, 0.002535273472716958, 9.084052034043388e-7, 0.0006288763784992652, 0.0016362191455714127, 1.3700685580180643e-5
0.2987787643056314, 0.0828, 0.059911920030760936, 0.0031833796619203814, 1.4429707368812602e-5, 0.05848119713621442, 0.002158603306940473, 2.9212914082841495e-6, 0.0012496465359093775, 0.0010798363657382342, 1.0822478688011161e-5
0.2987787643056314, 0.0851, 0.056353922374973685, 0.0026276493062666008, 1.7961709392822228e-5, 0.0567827208199127, 0.0017785278754203274, 5.214256153250372e-6, 0.0005748807763763736, 0.0008388245902354644, 1.284965388571086e-5
0.2987787643056314, 0.0874, 0.05807910939314795, 0.0034446856811237592, 4.255127931298242e-5, 0.05771684272898915, 0.0019497733860169995, 1.082684477633292e-5, 0.000660399888814289, 0.0013457648603061173, 2.748902356654027e-5
0.2987787643056314, 0.0897, 0.05628261228637489, 0.002949116811167601, 3.295513968075511e-5, 0.056858178862498804, 0.0018871698352507307, 8.786485661052322e-6, 0.0007064083610919112, 0.001038007747518683, 2.3109272720592035e-5
0.2987787643056314, 0.092, 0.05595801717776678, 0.0013707478478591304, -1.707013468256205e-5, 0.056651875795905665, 0.0011989258016498131, -8.191416341844992e-6, 0.0010125663393271895, 0.00042289206635720366, 1.0125605741291514e-5
0.2987787643056314, 0.0943, 0.05594052971894179, 0.0017315548292375785, -2.5134699126059435e-6, 0.05636934310307443, 0.0012593658341209007, -1.2254167343036846e-5, 0.0007974000923154428, 0.00046159434332901307, 9.375139632006552e-6
0.2987787643056314, 0.09659999999999999, 0.05449407707479821, 0.0025008115682771705, 2.2634165270210058e-5, 0.05643222507500884, 0.0018559367986270162, 4.940943893325771e-6, 0.0017219718758035357, 0.00086963043132306, 1.9452801080015852e-5
0.2987787643056314, 0.0989, 0.05511715605621014, 0.0021827823340770628, 8.760251516108602e-6, 0.05609654044873247, 0.0019344191256367215, 5.39134412676084e-6, 0.0012206289023264922, 0.0009237203960224431, 5.959500288105399e-6
0.2987787643056314, 0.1012, 0.05342653742820121, 0.0012716578079326256, -1.435015670527959e-5, 0.05537484134590571, 0.0015445805140170796, -2.5687694752089963e-6, 0.001764072893501102, 0.0007363485478165539, 2.2625960610373955e-5
0.2987787643056314, 0.1035, 0.054518624431021796, 0.0015289978656593533, -8.14547476002603e-6, 0.05604514542936315, 0.0014168910973512568, -6.234247511451611e-6, 0.0013848581107524737, 0.0006515687195044863, 6.10759589325856e-6
0.2987787643056314, 0.1058, 0.053880354407880256, 0.0019597763552793796, 1.411632761467317e-5, 0.055754864269273605, 0.0013705025273510565, -1.7194747145259505e-6, 0.0017159355245807205, 0.0008942401253260771, 1.5960355072161306e-5
0.2987787643056314, 0.1081, 0.05418558111994144, 0.0007471054780317521, -6.988523228605707e-6, 0.0552837870503753, 0.0007181217788014749, -7.209525523949213e-6, 0.0012101762214421004, 0.000417274768286137, 8.820735266068533e-7
0.2987787643056314, 0.1104, 0.05384159756525131, -0.00038383020276437597, -2.003174505548231e-5, 0.05604337314326168, 0.00010171654832997362, -7.455074109267173e-6, 0.0019092806746625324, 0.0004578775846984087, 1.2294956329030123e-5
0.2987787643056314, 0.1127, 0.054494165725271534, 0.0003571994577603822, 1.2584692166712144e-5, 0.05547338440070075, 0.00010797234125401229, 5.297289294746875e-6, 0.0012871472424523312, 0.0003015920554420804, 6.625873973786933e-6
0.2987787643056314, 0.11499999999999999, 0.05376248196733096, 0.0003364958339161594, 1.1287057860548252e-5, 0.05602942030775042, 2.3048065956082488e-5, 1.8386219527811758e-6, 0.001994670629524131, 0.0003132671910476764, 1.0351788867766103e-5
0.2987787643056314, 0.1173, 0.05412227915827622, -0.001031761613614326, -7.140873744718421e-6, 0.0550297105445945, -0.0005370013945906176, -7.283674721889667e-6, 0.0015920196182771667, 0.0007012421268676128, 1.1799336287032645e-6
0.2987787643056314, 0.1196, 0.05410700607472047, -0.0008907265104464388, -4.966533128299047e-6, 0.05628982198801732, -0.0006919922628705218, -8.65868334123038e-7, 0.0018969735402035587, 0.00048512713602290303, 6.129445325773914e-6
0.2987787643056314, 0.1219, 0.054154705591377535, -0.0003535693434534538, 9.539835185500484e-6, 0.05536856926300025, -0.0006525738152989354, -2.8995175363955686e-8, 0.001216986050279838, 0.0006198804335467328, 1.2103625617579029e-5
0.2987787643056314, 0.1242, 0.0540536112631153, -0.0011847064289399942, 1.9349735618141793e-5, 0.05577327040181628, -0.0011472719263297272, -4.279849618477302e-6, 0.00158277873836588, 0.00089449020058249, 2.197938591456012e-5
0.2987787643056314, 0.1265, 0.054865423582228776, -0.002153878367588492, -2.038955791830965e-5, 0.056109004404847306, -0.0017330154792918374, -1.1664783942050827e-5, 0.0012203150516455633, 0.0009290912408402028, 9.088299387525264e-6
0.2987787643056314, 0.1288, 0.0543351204538368, -0.0021138424494468473, -1.771502413804362e-5, 0.05604951894390938, -0.001733015097574075, -2.9287561365960553e-6, 0.0014898740491946344, 0.0006462448814710351, 1.9504266353620303e-5
0.2987787643056314, 0.1311, 0.05583881418660177, -0.001734637930053138, 2.186077152867192e-5, 0.05623591401364516, -0.0013993142284501288, 1.1315767706946387e-5, 0.0010237477327314228, 0.0004784347623114237, 1.3371702862977807e-5
0.2987787643056314, 0.1334, 0.05509456820704874, -0.002024634702159066, 3.3849640166343435e-6, 0.05655198748960419, -0.0015093512629266042, -8.202049468066396e-6, 0.0013694825978283406, 0.0006197021985374366, 1.4566252559690232e-5
0.2987787643056314, 0.1357, 0.056377585847918035, -0.003272249241705812, -1.837867793204368e-5, 0.05654831189042415, -0.0018925246336933901, -2.0405393263142905e-5, 0.0008220709491389303, 0.0012482412985556726, 2.8325195116880814e-6
0.2987787643056314, 0.138, 0.056468637161780126, -0.0031213527425218946, 2.1220616271963276e-6, 0.05699195154789337, -0.0017755040175142082, -1.5835197625766665e-6, 0.0006550983556595472, 0.0012272908707425866, 4.08047790354634e-6
0.2987787643056314, 0.1403, 0.057257331637277885, -0.002845473767300883, 4.373150214699567e-5, 0.05712743887896875, -0.0017720007110791284, 1.4835747990162575e-5, 0.00073227737940884, 0.0010105012754708187, 2.5073828557291887e-5
0.2987787643056314, 0.1426, 0.05862233972250138, -0.003758528509666524, 2.7510658245768757e-5, 0.05806210021718995, -0.0022144293923406877, 4.6135920522370055e-6, 0.0007204855654126676, 0.0014815137973811629, 1.99799169375955e-5
0.2987787643056314, 0.1449, 0.0583089731922171, -0.0042506648976434105, -3.349311715548175e-7, 0.05752628391870792, -0.002502244435983079, -1.841828552131613e-6, 0.0006972452046592537, 0.0016435094376656887, 1.168854315987375e-5
0.2987787643056314, 0.1472, 0.06063894936203351, -0.00441460389235959, 1.452217045949046e-5, 0.058581130045286076, -0.0024863828077275377, 2.3088735693749436e-6, 0.0018458984049438605, 0.0017201571651828697, 1.3693141846354189e-5
0.2987787643056314, 0.1495, 0.059419717230715714, -0.0045409677571583455, 2.6846117070168728e-5, 0.058165086781180764, -0.0024828480433328323, 2.2594055632598992e-6, 0.0011841489171560352, 0.0018350477234978337, 2.1667362784690697e-5
0.2987787643056314, 0.1518, 0.06193277272940972, -0.005307418471281749, -1.5450097775441207e-6, 0.058942717088405955, -0.0027633406069757583, -4.572277726965736e-6, 0.002626333879059414, 0.0023088127818957703, 1.432078918586635e-5
0.2987787643056314, 0.1541, 0.06108259676307483, -0.005077054369112361, -3.507039592916811e-5, 0.05883800606496626, -0.002837831622619153, -1.3503187898365113e-5, 0.0019447566117719833, 0.00198860266870975, 2.0171631363417114e-5
0.2987787643056314, 0.15639999999999998, 0.0618992442309758, -0.004633381813258644, -7.588547429276388e-7, 0.05894077915427536, -0.0025477960710552413, -9.364412839116822e-6, 0.0025945604359555044, 0.0018961091089474186, 1.1818600306758619e-5
0.2987787643056314, 0.1587, 0.06239441032738377, -0.004822333845349625, 4.213148927591935e-6, 0.05984580481936187, -0.0024591015645283893, -7.509857418610229e-7, 0.0022306363910282747, 0.0021597278206413064, 8.627819895710504e-6
0.2987787643056314, 0.161, 0.061075282124915184, -0.0044998054266719234, -1.3071139570699862e-5, 0.058999719027691425, -0.0023104067586518524, 3.3011292569490325e-6, 0.001947132069046101, 0.0019906058517327485, 2.6169424728759453e-5
0.2987787643056314, 0.1633, 0.06269747499342768, -0.003823599601904948, -1.1206373079025803e-5, 0.05966114617189928, -0.0019382785616422512, 3.3017753239175694e-6, 0.0026390844487222784, 0.0016822307326848603, 1.4245874582818857e-5
0.2987787643056314, 0.1656, 0.060444711140100374, -0.003231347443258269, -5.531960846538998e-6, 0.05933616610720159, -0.0018142660481224753, -8.773051766613522e-6, 0.001060692168715863, 0.0012812321996619241, 3.5254970731637745e-6
0.2987787643056314, 0.1679, 0.059642088911919314, -0.0028274193267002158, 4.676171568818385e-6, 0.05854639745203429, -0.0016650601575280864, -4.628318787313419e-6, 0.0013166960616457129, 0.0012091640357437712, 1.0825628563440167e-5
0.2987787643056314, 0.1702, 0.059845394668155284, -0.0030319436243045174, 2.972743968468614e-5, 0.05910278269097672, -0.0017742474691085086, 1.3343336491941401e-5, 0.0006431350825477168, 0.0012077689053852463, 1.4684604875801817e-5
0.2987787643056314, 0.1725, 0.05783502154714674, -0.0024220968462767096, 1.4185871401871424e-5, 0.058466473184531784, -0.001523673829725871, 1.2046997394880533e-5, 0.0006480785961125027, 0.000841844015833359, 1.9057922396484814e-6
0.2987787643056314, 0.1748, 0.05745090092500319, -0.001837255780395208, 1.3105500136709288e-5, 0.05786689077812761, -0.0012394261140747942, 2.730659590390348e-6, 0.0006166457339667935, 0.0005708373417857233, 9.132653659467257e-6
0.2987787643056314, 0.1771, 0.05725146790882973, -0.0019733574641140465, 2.3167213780006515e-5, 0.05820479164464279, -0.0011384523964791079, 1.1579466801716897e-5, 0.0008671082560828442, 0.0007936622211780505, 1.0917515742055024e-5
0.2987787643056314, 0.1794, 0.05655250015836149, -0.0015465501973021371, 2.431981546275103e-5, 0.058160924309154045, -0.0009764516975760093, 8.134028578831808e-6, 0.0016374140682230702, 0.0007688923055089578, 1.4509499310014434e-5
0.2987787643056314, 0.1817, 0.05677939288197828, -0.0009499703090905619, 2.517966520238238e-5, 0.057980518991615757, -0.0008363888878597193, 9.388568973892363e-6, 0.0011510903906210936, 0.0003642530476892442, 1.5382276703221516e-5
0.2987787643056314, 0.184, 0.05707836124257475, -0.001028345036132858, 2.1207218873420987e-5, 0.05796374796711863, -0.0010224491094203288, 6.163266594813699e-6, 0.0007895315945259417, 8.277852420100294e-5, 1.4057106204529427e-5
0.2987787643056314, 0.1863, 0.057101054068217465, -0.0009601840472502638, 1.4583519006267058e-5, 0.05800481625241462, -0.0009139116995970027, 2.5794225596599916e-6, 0.0008210509235366289, 0.00012743393706190782, 1.2074752332243588e-5
0.2987787643056314, 0.1886, 0.057505394037474886, -0.0004804062192215536, 1.9965251329965554e-6, 0.05836720508577122, -0.0006783092369093293, 6.026275804402098e-6, 0.0007923767145323064, 0.00026342396590504317, 3.5581802634759933e-6
0.2987787643056314, 0.1909, 0.057676191202047644, -0.0006256962845606389, 7.445926715232927e-6, 0.058298787591012556, -0.0007553689668194517, 3.1720597602545446e-6, 0.0005679599516507573, 0.00011317371136721982, 3.709189029939172e-6
0.2987787643056314, 0.19319999999999998, 0.058340312760806645, -0.0010848541301275586, 9.768399547980483e-6, 0.058567225975745686, -0.0007574038518201832, -3.660514845607389e-6, 0.0003807515472053071, 0.0002836189804878642, 1.3294163461550665e-5
0.2987787643056314, 0.1955, 0.058626612323213236, -0.001596697092758658, 1.3704611646792878e-6, 0.058879045575860364, -0.0008594102368332784, 1.0247670366077692e-7, 0.0005173572478506245, 0.0006715255220629214, 1.2201366799206274e-5
0.2987787643056314, 0.1978, 0.05872288206519712, -0.0011236886017649442, 4.996043959179883e-6, 0.05868984647694078, -0.0009886638273761477, 5.893842992228943e-6, 0.00010726530453291082, 0.00012012138349562791, 5.89216860166281e-6
0.2987787643056314, 0.2001, 0.059066790290015936, -0.0010519770201694845, -3.832692799308197e-6, 0.058551896103057686, -0.001203141198065233, 9.409453860021513e-9, 0.00047828829497150685, 0.00040316159477286195, 4.4131905194815835e-6
0.2987787643056314, 0.2024, 0.0590170157582449, -0.0017486477718657869, 4.66602952929691e-6, 0.05845768395598452, -0.0011977952772212266, -3.564032900623382e-7, 0.0004945540540923318, 0.00083696991005963, 5.321010780427009e-6
0.2987787643056314, 0.2047, 0.058890869387087146, -0.0012477021299782433, -3.0713539161899997e-6, 0.058495651556828204, -0.0010985943766433338, 6.1132599906569404e-6, 0.00039467212217600135, 0.0008347077231606252, 1.9743561747256852e-5
0.2987787643056314, 0.207, 0.05922975399320068, -0.00048204761551482285, -1.4397404532538384e-5, 0.058593753146764724, -0.0010337713190903802, 1.6604117236982013e-6, 0.0005789157083450162, 0.0009165662495520558, 1.5523026885189425e-5
0.2987787643056314, 0.20929999999999999, 0.05901244346639166, -0.0002266696478683576, 1.2923802862567874e-5, 0.058465097647433385, -0.0011116930989443737, -4.445120597721175e-6, 0.0005757254076482569, 0.0014339086220876201, 1.5064618447755972e-5
0.2987787643056314, 0.2116, 0.05869558042757326, -0.0005446460854797524, 1.2876246253251655e-5, 0.05824170076272488, -0.0012670922125098683, 6.86540826259454e-6, 0.0005912967685213944, 0.0015568887653568417, 5.885629863001379e-6
0.2987787643056314, 0.2139, 0.058122071507135956, -0.0001236021740512872, -1.4409555043644884e-5, 0.057758172560266795, -0.0014401689793370302, 2.275825906869016e-6, 0.0009093995123832719, 0.002193403728219096, 1.588902615972989e-5
0.2987787643056314, 0.2162, 0.05801791390442911, 0.0007983359709665835, -7.888711106714911e-6, 0.05771629059756215, -0.0015272878136959624, -5.742538280631581e-7, 0.0012144522251336877, 0.0030422413054974422, 1.754117326159569e-5
0.2987787643056314, 0.2185, 0.057896553821467224, 0.0005997567376920641, 2.1881148025400625e-5, 0.0573935895826115, -0.0014238829787706255, 2.6839422955597275e-6, 0.001793133175661077, 0.002977188978747909, 2.184818171150015e-5
0.2987787643056314, 0.2208, 0.057258801175166275, 0.00018777595785902135, -1.1260020614108772e-5, 0.05679778270332957, -0.001498614365920969, 4.727062773055009e-6, 0.0020012234297015568, 0.0027032059654346486, 1.482120679886894e-5
0.2987787643056314, 0.2231, 0.05686646914143321, 0.0005939287753940704, -9.351714579673103e-6, 0.05653932902292806, -0.0010637404461549438, 3.6391046822422195e-6, 0.001934132286143124, 0.0020218490954997375, 1.5654674441287005e-5
0.2987787643056314, 0.2254, 0.057017501231321446, 0.000333602125538022, 1.8514865118474656e-5, 0.056586726605977286, -0.00035201996167114264, 1.2030660136970708e-5, 0.00197172773424215, 0.000813348747320227, 2.1621179312479058e-5
0.39837168574084186, 0.0023, 0.05853228338749622, -0.00017926033234854044, -1.4362248536701527e-6, 0.057250240369775, 9.077500502449744e-5, 7.934928418240931e-6, 0.0014393787479438868, 0.0005004845678313274, 1.6530821556185613e-5
0.39837168574084186, 0.0046, 0.05892081220220326, 0.0005124193190385181, -1.0002459897151701e-5, 0.057394003381502884, 0.0007370344744753025, -3.7146854440697145e-6, 0.0016508625109722993, 0.0014684938829964329, 1.9730380266281672e-5
0.39837168574084186, 0.0069, 0.05861436756091052, 0.0015590059765051344, 1.800558667053785e-6, 0.05734144657014741, 0.001476015229177015, 7.994546614103086e-7, 0.0016149755217129047, 0.0024863769066198293, 1.2234580195762834e-5
0.39837168574084186, 0.0092, 0.058001411155513175, 0.0012827887182471915, -2.922778774320316e-6, 0.05722635076793085, 0.00163197258601486, 3.2727219793690987e-6, 0.0014563794786036492, 0.0028343401687561205, 1.7310143468070755e-5
0.39837168574084186, 0.0115, 0.058405222646436605, 0.0005733314694284192, -7.394246606562789e-6, 0.05768376785461739, 0.001380711201652298, -4.6073053419810926e-6, 0.0014926982042128875, 0.0025392041242147455, 5.47318466745294e-6
0.39837168574084186, 0.0138, 0.05888137323205085, 0.0008303649043747168, -1.9099927691115683e-5, 0.05822018970029196, 0.0015060593766608246, -3.7735569884866086e-6, 0.0011671974580936104, 0.002453379820149436, 2.9532446399920675e-5
0.39837168574084186, 0.0161, 0.058600631719840215, 0.0011618057338246917, -1.0564352342056169e-5, 0.0582522981948446, 0.0014706769889149384, -5.090053409706882e-6, 0.0008232788922391225, 0.0018894141420409604, 6.646267536453129e-6
0.39837168574084186, 0.0184, 0.0587335663374656, 0.0005215023252507644, 2.160371232692553e-5, 0.05848080682349114, 0.0010429040784794591, 6.372918177350273e-6, 0.000655392317154582, 0.001243574514880765, 1.3178098110952588e-5
0.39837168574084186, 0.0207, 0.05940737006995534, 0.0006441591745348341, -3.148055409720311e-5, 0.05880374690159043, 0.0010443899344793034, -8.650221329624916e-7, 0.0008318811041438806, 0.0009181077079371437, 2.541615876584023e-5
0.39837168574084186, 0.023, 0.05966513881479324, 0.0021772272183200893, -2.518680353198988e-5, 0.05886217707941431, 0.0015242153384341427, -6.714388225122072e-7, 0.0008414024449185036, 0.000956542769665841, 1.9927930115722666e-5
0.39837168574084186, 0.0253, 0.05966963536247767, 0.002773572075240897, 1.347277623862039e-5, 0.05867862828792478, 0.0016969549859608191, 1.138107724223076e-6, 0.0008157707499641128, 0.0010526271176768186, 1.1813706848654263e-5
0.39837168574084186, 0.0276, 0.059958470707823085, 0.0025032136962012015, 1.2984549146693912e-6, 0.05895222028716428, 0.0015954842288135312, 2.1744300487199255e-6, 0.0008121060552928639, 0.0007524185239831515, 1.292148809826206e-5
0.39837168574084186, 0.0299, 0.0603726379862135, 0.0029926736557661774, -2.5689299235517062e-5, 0.059136700307902516, 0.001720789832369066, -1.7273935184728174e-6, 0.0008712515859960388, 0.0009527274750359041, 1.7640299876420883e-5
0.39837168574084186, 0.0322, 0.059999600048464476, 0.003645418818064055, -9.770702478904571e-6, 0.05873469680490563, 0.001741080064125369, -3.336558192225518e-7, 0.0008478683784314824, 0.0013151428650323793, 9.485669038413728e-6
0.39837168574084186, 0.0345, 0.05961940032368169, 0.0036562985171216104, 4.4200985060797374e-5, 0.05871687590208635, 0.0014808359672195941, 4.6191775030332486e-6, 0.0009346420533892947, 0.0014768041673212625, 2.640649927618689e-5
0.39837168574084186, 0.0368, 0.05941958972189666, 0.003369044329346452, -7.944984287213916e-6, 0.058887289489682186, 0.001212999855486582, -1.0283932426000105e-5, 0.0007083859920783786, 0.0014514959984389293, 8.0911900837632e-6
0.39837168574084186, 0.039099999999999996, 0.05940425263608101, 0.0032081836599700104, -5.980405936126722e-5, 0.058500584808018063, 0.0014239459576266319, -1.4457592441279368e-5, 0.0008587075441540679, 0.0012073563946641175, 3.0487111751602602e-5
0.39837168574084186, 0.0414, 0.058714570920300274, 0.0026713739083509373, 6.300327993262213e-6, 0.05797684103874954, 0.0014293779261326084, -2.934400653759575e-6, 0.0009278686435276499, 0.0008308967622972492, 1.0042785089816418e-5
0.39837168574084186, 0.0437, 0.05862269566429065, 0.00245157759527663, -1.3952442544786651e-6, 0.05812137329350333, 0.0012647221199787728, -1.2062829549139783e-5, 0.0007935323591742543, 0.0008639848438440782, 8.017550246267715e-6
0.39837168574084186, 0.046, 0.058815769259403156, 0.002912385443956129, -2.3660793266838746e-5, 0.058393913569347186, 0.0013596047768060626, -7.47150483046334e-6, 0.0008465314247387532, 0.0010495954867882195, 1.2750645198339535e-5
0.39837168574084186, 0.048299999999999996, 0.05812170162082083, 0.002562640385967262, -6.127149283264456e-6, 0.057948815428870815, 0.0012451436416702107, -7.323625795830789e-6, 0.000961854335606839, 0.0010534663834059785, 3.0601100722086296e-6
0.39837168574084186, 0.0506, 0.05792643837581076, 0.0015467002414117931, -1.5086196771692374e-6, 0.058168370521495906, 0.0011907963725972825, -8.605203231935144e-6, 0.0010129248826917128, 0.0006759695552047873, 1.8803571798431096e-5
0.39837168574084186, 0.0529, 0.058512650261150094, 0.0012590016793141141, 6.674279786864797e-6, 0.058532635623948934, 0.0013655687965236204, 4.680983802071437e-6, 0.00030388474409457446, 0.0006432584675946218, 1.0321896312366079e-5
0.39837168574084186, 0.0552, 0.057742961095383044, 0.0019981955265712973, 5.426594843841211e-6, 0.05820808137098642, 0.0017791250911228474, 6.7841127948237315e-6, 0.00056703949702104, 0.0010051953343760106, 1.1409162136599552e-5
0.39837168574084186, 0.057499999999999996, 0.05728333054156242, 0.0018992290232846217, 1.3718674512300107e-5, 0.05852970473484432, 0.0018405755034607886, 1.3896404229922402e-5, 0.0009564451973424423, 0.0011383460259658256, 1.0375597680975217e-5
0.39837168574084186, 0.0598, 0.05812267154153617, 0.0011669648260219647, 2.870472758289438e-5, 0.05899905862623562, 0.0016667447130011993, 1.1692238895371974e-5, 0.0013402069226473657, 0.0012497058034916717, 1.832732155911512e-5
0.39837168574084186, 0.0621, 0.05652718312619956, 0.0016796046926768264, -7.108157694083088e-6, 0.05820196998255887, 0.0019340722900359456, -2.824230234748663e-6, 0.0018821872132973743, 0.0014381843199014488, 6.827256303930276e-6
0.39837168574084186, 0.0644, 0.05706107290604154, 0.002655205918931921, -2.2767420597702883e-5, 0.05926186751968734, 0.002373290580580347, -8.428255419296449e-7, 0.002015004783252878, 0.0014597471154162438, 1.5729079382932273e-5
0.39837168574084186, 0.0667, 0.05805001452355925, 0.0028952964813271746, -2.7034594299817514e-5, 0.05920305455285543, 0.0023941599869966267, -1.7216473309600264e-6, 0.0025447857753430636, 0.0016349891569520034, 1.9201779016935074e-5
0.39837168574084186, 0.069, 0.056037343844725994, 0.0022564003213586315, 6.4174703947515985e-6, 0.05807379982472579, 0.002262834995539662, 4.783367271305704e-6, 0.0020987192643681925, 0.0016275118112530848, 1.2432828201189933e-5
0.39837168574084186, 0.0713, 0.05785791205478798, 0.002624773694865639, -5.633101080321757e-6, 0.05984681620414651, 0.0025340506113946766, -1.9935117159737396e-6, 0.002246774664631121, 0.0016683655609700293, 1.0217504844371071e-5
0.39837168574084186, 0.0736, 0.057536823427098, 0.0032161488836708976, -5.776978680532199e-6, 0.058217261488978544, 0.0027730960060118764, -1.3125212034063756e-5, 0.002166715521279302, 0.0015207906840947704, 8.2871482574343e-6
0.39837168574084186, 0.0759, 0.056170896686857354, 0.0026308865642948927, 1.4155208507360241e-5, 0.05771692290764005, 0.0024998492946947237, -3.027680093743076e-6, 0.001593039265311337, 0.0013932685874093837, 1.5400733358165076e-5
0.39837168574084186, 0.07819999999999999, 0.05860201511068873, 0.0021241391266876644, 2.443090992869753e-5, 0.05903132112888375, 0.0023235316999882976, 8.604848011847483e-6, 0.0016752745122569116, 0.0017096956170205473, 1.3847137704853228e-5
0.39837168574084186, 0.0805, 0.05617462696111764, 0.0030330377520942794, 1.537380217953784e-5, 0.057142964849261846, 0.002659714542561288, 4.524754447437714e-6, 0.0008248653801997295, 0.0013589521874146158, 1.3321077946770283e-5
0.39837168574084186, 0.0828, 0.05757089265308987, 0.003801495622039209, -2.0530072560556876e-5, 0.058253621015433285, 0.002569326385715157, -2.9415495839261065e-6, 0.0011172471553507611, 0.001205046959361526, 1.4682494609842962e-5
0.39837168574084186, 0.0851, 0.05593960030524665, 0.0031050812491163877, 1.3536942956919108e-5, 0.056571940691246186, 0.0021101662188443425, 7.294927854167556e-6, 0.0006309027832617474, 0.0009534256265900152, 1.1286829296265324e-5
0.39837168574084186, 0.0874, 0.05740476211327718, 0.0031681727216508883, 3.470551175573662e-5, 0.05763882257506116, 0.0022543732199254716, 1.6796511521183842e-5, 0.0005613382103863422, 0.001256388849610172, 2.5422666302721285e-5
0.39837168574084186, 0.0897, 0.056421980552477054, 0.0033059322326573666, 7.297270588160269e-7, 0.056749129284993365, 0.0022418604346023897, 6.772296010493248e-6, 0.0006166380000968943, 0.001105227762807119, 1.9293872004088325e-5
0.39837168574084186, 0.092, 0.05547590391809716, 0.002731484744477127, -3.953034243580937e-5, 0.05635788282645354, 0.0015820655373566415, -1.6026147865336087e-5, 0.0010145218210441604, 0.0008404816247259089, 1.7716771713063042e-5
0.39837168574084186, 0.0943, 0.05683356313396857, 0.0019232002532858308, -2.630565002488239e-6, 0.05648539811079797, 0.0014253244389121331, -9.848266757899694e-6, 0.0006912112538295528, 0.0005022103734617316, 9.041511262799661e-6
0.39837168574084186, 0.09659999999999999, 0.05484836736467193, 0.0013055109949769007, 4.2770029066488723e-5, 0.05603626064742461, 0.0017183303477144873, 1.4398215186616508e-5, 0.0016136736779846954, 0.0007615205399197864, 2.469887111790162e-5
0.39837168574084186, 0.0989, 0.05662471374244912, 0.0011876301555078217, -1.7811166444445316e-5, 0.05622858377216163, 0.0017477218831044965, -4.0928351604069863e-7, 0.0010310342874247167, 0.0008415836390372133, 1.2580390295655334e-5
0.39837168574084186, 0.1012, 0.05427886918497653, 0.0013194655794972142, -9.702829352986572e-6, 0.05510084830567341, 0.0014883017803871133, -4.35228444465339e-6, 0.0015410789056501436, 0.0006116714581241054, 1.8815235801863467e-5
0.39837168574084186, 0.1035, 0.055806771580094436, 0.0013826499531921607, 1.7326263795123725e-5, 0.055985551967045966, 0.0014083308113114828, -3.4411968480777684e-7, 0.001136996121782481, 0.0005322790416183429, 1.279229878952106e-5
0.39837168574084186, 0.1058, 0.054806418573895954, 0.0012067853821500622, 4.051375199774629e-6, 0.05551775284542919, 0.001329573241050808, -2.7676223595080566e-7, 0.001479136164212806, 0.0007347183771602488, 1.3347195705577603e-5
0.39837168574084186, 0.1081, 0.05539108550748707, 0.0009785693920862071, 4.0653686223360294e-7, 0.055310611664653245, 0.000783233682122658, -5.305509927403509e-6, 0.0009895601199626839, 0.00036474245888744734, 3.875539193254396e-6
0.39837168574084186, 0.1104, 0.05430570216926819, 0.0007072463101558573, -5.222828085843161e-7, 0.05560895539976331, 0.00025309898878644454, -5.721876284096459e-6, 0.0017846877130816895, 0.00048107639188289017, 1.0620414283815762e-5
0.39837168574084186, 0.1127, 0.056123936019621824, 0.0003839251217535433, -8.289267837834882e-7, 0.05563602230543102, 0.00017696053637889503, 3.765735275114284e-6, 0.0011001377344323606, 0.00028226936816371255, 6.216974194725465e-6
0.39837168574084186, 0.11499999999999999, 0.053894670844105076, -0.00035024986377157387, 1.1110784701672813e-5, 0.055495732941839085, -7.027641647583161e-5, 4.156662640004085e-6, 0.0019472449165400284, 0.00031664184511211743, 9.640173184078226e-6
0.39837168574084186, 0.1173, 0.05580668208719508, -0.0009056672711650121, 4.167259990090059e-6, 0.055223953430244645, -0.0006291678637342162, -4.4209410438947355e-6, 0.0013566891701819665, 0.0006015028227698801, 5.80595717258881e-6
0.39837168574084186, 0.1196, 0.054518554465806585, -0.000891633559462584, -2.5582792496588122e-5, 0.05584700510746463, -0.0007419025870185373, -7.045099374739309e-6, 0.0017841953088992017, 0.000408488743904606, 1.3333353604689894e-5
0.39837168574084186, 0.1219, 0.05513474771114818, -0.0008516800283599866, -2.624413645615579e-6, 0.05531011387503723, -0.0007023503685641982, -6.778497929268616e-7, 0.001000518945636767, 0.0005158281260419356, 9.967407786678592e-6
0.39837168574084186, 0.1242, 0.05463262007850632, -0.00101505777463525, 3.27163643803404e-5, 0.05548810782098879, -0.0011142183884061078, 4.969203881227123e-6, 0.0014125850345255342, 0.0007333339108272174, 2.5772897250451966e-5
0.39837168574084186, 0.1265, 0.05604154271291809, -0.0013534471741003088, -9.664387597189334e-6, 0.056092138981865006, -0.0016381234029939553, -1.1164684855835454e-5, 0.0009969538539059688, 0.0007819793563646575, 7.487668989010879e-6
0.39837168574084186, 0.1288, 0.05462977143530899, -0.0015777284294746729, -4.340533100242599e-5, 0.055694582066759285, -0.0016941934305492244, -1.304789985305354e-5, 0.0014084520588291242, 0.0005333386527720403, 2.5752654533968478e-5
0.39837168574084186, 0.1311, 0.056506745906131466, -0.001771557753957258, 2.8109674752711965e-5, 0.056303621986766736, -0.0014923751098269112, 1.551424446838778e-5, 0.0008467843637424747, 0.0004327137526847124, 1.3773541789821753e-5
0.39837168574084186, 0.1334, 0.055149777953526706, -0.0025166849425793, 4.001607159817868e-5, 0.05620143510558482, -0.0017611846828397783, 3.852480798494872e-6, 0.0013197990830437405, 0.0007139333503827569, 2.688302950831413e-5
0.39837168574084186, 0.1357, 0.05686390827432557, -0.003231660588159974, -5.073726791682449e-5, 0.0566272109863995, -0.0022273086223100363, -2.79883619265633e-5, 0.0006895172463361843, 0.0012194502186434603, 1.534126568630259e-5
0.39837168574084186, 0.138, 0.056231104308894234, -0.003452279897490558, -1.5154089241943997e-5, 0.056801739738143585, -0.0021946979875082954, -4.976162132418499e-6, 0.0006563723795720282, 0.0013065436306745927, 7.559119588029899e-6
0.39837168574084186, 0.1403, 0.05653792805424599, -0.0034957433904364184, 1.739939298246725e-5, 0.05698006117278806, -0.002202936380918451, 1.5476659238238745e-5, 0.0006666089758713464, 0.0011931320510788247, 2.051278433705721e-5
0.39837168574084186, 0.1426, 0.056633629023988365, -0.0038868611161028866, -5.159401766930224e-7, 0.05770498241888956, -0.0026325373232812376, 3.3312089950044987e-6, 0.0009253101033871654, 0.0014705483293255112, 1.6513915721113862e-5
0.39837168574084186, 0.1449, 0.05702991362902387, -0.0032455070845021413, 2.8260577889356204e-6, 0.05740219134628691, -0.0026880600981128446, -6.748569668648046e-7, 0.0006210446439136294, 0.001392429060659232, 9.824899568109325e-6
0.39837168574084186, 0.1472, 0.05732487349448726, -0.0027321858643674746, -3.702932305462571e-5, 0.058267065907586374, -0.002547833571887522, -7.5256755866252195e-6, 0.0016328214062186223, 0.0014098694623794177, 2.26246513967262e-5
0.39837168574084186, 0.1495, 0.05661458640030925, -0.002834868979950298, 1.3034911252495342e-5, 0.057777461685962886, -0.0025708532774871987, 4.9532819855687604e-6, 0.0012392814973894682, 0.001508612977748318, 1.849353817085721e-5
0.39837168574084186, 0.1518, 0.058086999956153317, -0.0032099609867310697, 3.9793345725221444e-5, 0.0587287878053428, -0.0028749957019145863, 6.519128136081059e-6, 0.0021866601737515552, 0.0018983181368780236, 2.5075894228242384e-5
0.39837168574084186, 0.1541, 0.05685408548137114, -0.002927069664322132, -1.795715519249783e-5, 0.05834202591906748, -0.002860141133044898, -1.4616679721898293e-5, 0.0018722635337625397, 0.0016243002307726564, 1.6619945770229305e-5
0.39837168574084186, 0.15639999999999998, 0.05774565970757148, -0.0023173577089532437, -1.1117554412720489e-5, 0.05864199929259939, -0.002490186480529742, -9.802698232517738e-6, 0.0022011149129905795, 0.0015524481617875828, 9.689577828000781e-6
0.39837168574084186, 0.1587, 0.05726085687767779, -0.0026187224402361904, 8.67213275361002e-6, 0.059199567833940855, -0.0024990067834553395, 1.6047938820067376e-6, 0.002233304301841547, 0.0017652155332494469, 8.474961630992838e-6
0.39837168574084186, 0.161, 0.05658608382347897, -0.003159248125343161, -6.974037792953243e-6, 0.05839631022663831, -0.0025226171003246796, 7.323374944734639e-7, 0.0019959853675879644, 0.0016798236081267677, 2.1976213464379783e-5
0.39837168574084186, 0.1633, 0.057984509886167795, -0.00242275460918629, -2.5001698387547215e-5, 0.05924198710046641, -0.002059397573528261, -3.774093103948627e-6, 0.002312132160362605, 0.0013947327410011572, 1.8318522987771077e-5
0.39837168574084186, 0.1656, 0.05677515686537164, -0.0013080006206228783, -8.622916365072642e-6, 0.058695913796744104, -0.001687699691247576, -8.735517916228301e-6, 0.0015458775292266982, 0.0010763116666362765, 2.8795349569487526e-6
0.39837168574084186, 0.1679, 0.05721469342897211, -0.0020180554268136, -2.1269683543370007e-5, 0.05821347144626875, -0.001753308974849465, -8.788659976327567e-6, 0.0012645755205188628, 0.0010029306349852568, 1.2139326358235245e-5
0.39837168574084186, 0.1702, 0.05842806795829628, -0.002245253921698019, 3.0695104169888137e-6, 0.05893410400780661, -0.0018919990822558862, 1.0774879973203255e-5, 0.0006241462026051648, 0.001013869940116691, 1.304401353598177e-5
0.39837168574084186, 0.1725, 0.057353626564343965, -0.0017562351254842455, 6.2916810144770144e-6, 0.05818826152948483, -0.0015818141536654646, 1.0608168299779653e-5, 0.0007678611926483182, 0.0006971289362335789, 3.2714338395834195e-6
0.39837168574084186, 0.1748, 0.058076195216353606, -0.0018729941367561231, -4.061073144980206e-6, 0.05791921688768411, -0.0013978181197451265, 1.0327264065477094e-6, 0.0005142503227465251, 0.0005635503145467516, 8.193624572171735e-6
0.39837168574084186, 0.1771, 0.05877938277461431, -0.002460490155068212, 3.1142069854983806e-6, 0.05834843942713567, -0.0014689618361263838, 9.463151847662268e-6, 0.0007640614461580785, 0.0009256776470964448, 9.86795770449491e-6
0.39837168574084186, 0.1794, 0.05812777805195607, -0.0027444515157711382, -1.1041355137716237e-5, 0.05815263774485455, -0.0014184516521247915, 3.3401826496947973e-6, 0.0013370457069480119, 0.00108424447931809, 1.5240545112323034e-5
0.39837168574084186, 0.1817, 0.0582478583651658, -0.0021609491644113553, -5.076428111381151e-6, 0.05804735383500327, -0.0011675289569976284, 5.7723197025739846e-6, 0.0009493192175181891, 0.0007259948370261126, 1.4493170560148567e-5
0.39837168574084186, 0.184, 0.05913490371101997, -0.00242216211137952, 2.788993339013865e-5, 0.058256536903093965, -0.0013723773599101266, 1.1594933293644937e-5, 0.0008709046273586585, 0.0007031125879563434, 1.5803380516175922e-5
0.39837168574084186, 0.1863, 0.0589032828688254, -0.003036799266459654, 1.3943438605688134e-5, 0.05822943290651732, -0.0014446335913126656, 5.420426571167027e-6, 0.0008069863554575921, 0.001066531376751323, 1.1379146618424904e-5
0.39837168574084186, 0.1886, 0.05887177874406044, -0.002361973035355959, -2.177373947431788e-5, 0.058493348500343524, -0.0010992251865209867, -9.237280152778969e-7, 0.0006944224573810833, 0.0008688742163044627, 1.420037476850028e-5
0.39837168574084186, 0.1909, 0.05942068212143407, -0.001954862600257485, -6.922031331599262e-6, 0.05857926122361794, -0.00105524237517896, 6.485369872910933e-7, 0.0007278146550692086, 0.0006068237828735903, 5.8859769154498036e-6
0.39837168574084186, 0.19319999999999998, 0.05964462408272946, -0.003147767351275767, 3.492646731085682e-5, 0.058836575502491634, -0.0013549947266840792, 5.986230693508662e-6, 0.0006219682446603511, 0.0012174095033900341, 2.213734369974804e-5
0.39837168574084186, 0.1955, 0.05974206344505084, -0.0035599371852171272, -2.1961307630593274e-6, 0.05909480004315798, -0.0015345419739292406, -4.7217516301924915e-7, 0.0006038534385410922, 0.0014573408892882376, 1.0028449543708012e-5
0.39837168574084186, 0.1978, 0.059658764519362015, -0.002641640349880385, -4.285080004208359e-5, 0.05893207598754609, -0.001401907958002207, -6.292317766349191e-6, 0.00049231200161758, 0.0008322873765530064, 2.4842607686981102e-5
0.39837168574084186, 0.2001, 0.06003942635689924, -0.0024652515983291726, -2.3202510116674517e-6, 0.05892377866651807, -0.001518668798131218, -5.730056625218468e-7, 0.000840055370850426, 0.0007117514874918061, 3.786950819853422e-6
0.39837168574084186, 0.2024, 0.06023060913320359, -0.002934867724459885, 1.2023445529806299e-5, 0.05890091525028929, -0.0016320633890308913, 2.738558914904821e-6, 0.0009741004718630215, 0.0011051550081183524, 7.5624467833486944e-6
0.39837168574084186, 0.2047, 0.059846347756177753, -0.0026752949105257042, -3.009493296769332e-5, 0.05883332560666559, -0.0014927695101139265, -2.9387882489306235e-6, 0.0007482907935753329, 0.0010421072235886131, 2.4241090383323188e-5
0.39837168574084186, 0.207, 0.05983255844835206, -0.001573203190680831, -2.0084209080395025e-5, 0.058903454472161554, -0.0011686292869879929, -3.775743477325105e-6, 0.000779158889694071, 0.0007954930206485212, 1.6698803627725155e-5
0.39837168574084186, 0.20929999999999999, 0.05982845660485749, -0.0014173488779840372, 5.826024322621351e-6, 0.05880593738678941, -0.0011881070437042896, -1.8773343676355437e-6, 0.0008280459377584715, 0.0011807140444719164, 1.3329263188363009e-5
0.39837168574084186, 0.2116, 0.05939115576666533, -0.0015481669094911574, -8.992318352484863e-6, 0.05852906451370999, -0.0013373608867551907, 2.9009766088246896e-6, 0.0007505995029509182, 0.0012789393384560301, 9.271495704891336e-6
0.39837168574084186, 0.2139, 0.05899561217664304, -0.0007603164600497026, -8.663858309406907e-6, 0.05806753246436086, -0.0012702058495151984, -4.5909514719996484e-7, 0.0009665156576381141, 0.0018228813653039205, 1.4079297125839756e-5
0.39837168574084186, 0.2162, 0.05895679542817409, -0.000255918921074221, -3.824523129827974e-6, 0.058026416805215135, -0.001209445590540527, -1.386821153504362e-6, 0.0011696050031731518, 0.0025640299314161836, 1.4414214126885717e-5
0.39837168574084186, 0.2185, 0.05893299699449507, -0.0009395709852614637, -7.4155127438196405e-6, 0.057778441435582396, -0.0013028049803933352, 1.5907853571488527e-7, 0.0016540842941170707, 0.0024428963008860777, 1.853991488893439e-5
0.39837168574084186, 0.2208, 0.058641325202341235, -0.0010356621483488763, 1.930862291285285e-8, 0.05725866832808249, -0.0013828763115279457, 3.55012423551947e-6, 0.0018760576697265594, 0.002219263282408461, 1.2328267704795529e-5
0.39837168574084186, 0.2231, 0.05885835980071306, 4.942208295066556e-5, 2.0373104596965525e-5, 0.05711908671737431, -0.0007854498138785415, 7.822604660923046e-6, 0.0019591803738500794, 0.0017421342889398443, 1.5276973179536567e-5
0.39837168574084186, 0.2254, 0.05892596674668878, 0.00029580290583717443, -4.691613869989682e-6, 0.05717153664115516, -0.00019006424479406337, 7.85009163523061e-6, 0.0019899291313089772, 0.0007388793812896185, 1.9533532072632112e-5
0.4979646071760523, 0.0023, 0.058895680494988244, -0.0004764729584254253, 1.1842990614454243e-5, 0.05757932839481765, -2.267458766548712e-5, 8.716540857483594e-6, 0.001447533428338267, 0.0005022127560960593, 1.4422400494291251e-5
0.4979646071760523, 0.0046, 0.05910970787969523, -0.0005744109153675487, -8.622959216836934e-6, 0.05773714428114135, 0.00047474539650673223, -4.6963401986231585e-6, 0.0016225716186423994, 0.001400476174522962, 1.7227424629779834e-5
0.4979646071760523, 0.0069, 0.058996736835626014, 8.255903740809467e-5, 1.6274122996304595e-5, 0.05767250462324313, 0.0011973239908232309, 3.894388328389166e-6, 0.0015824369258825282, 0.0022416281188022964, 1.265530665135816e-5
0.4979646071760523, 0.0092, 0.058668367052572126, -0.00040372209468477475, 9.092893355443134e-6, 0.05751475402485911, 0.0012248336498749332, 4.436756254583906e-6, 0.0014165673589023227, 0.002617999944762053, 1.5215310681457305e-5
0.4979646071760523, 0.0115, 0.05871064031292232, -0.0011803985876820404, -1.1604965130139312e-5, 0.05788914234627837, 0.0008684892437854303, -6.0068372996127366e-6, 0.0013718616387122752, 0.00247942026670081, 5.6798117314918785e-6
0.4979646071760523, 0.0138, 0.05893403624634501, -0.001023532692329113, 2.096112051298076e-5, 0.05836295900950257, 0.001000140962862837, 1.173378511806865e-6, 0.001060036701203082, 0.00240708778683635, 2.7865478588989997e-5
0.4979646071760523, 0.0161, 0.058871855381689965, -0.0007637111472337802, -1.4589432790153029e-5, 0.058376209632213676, 0.0010237993616851947, -6.989929285796111e-6, 0.0007649256972799422, 0.0019172669137865791, 7.1538308511812145e-6
0.4979646071760523, 0.0184, 0.05862882641558076, -0.0008515991826710161, -1.446856637340547e-5, 0.05851041074190906, 0.0006640034262493641, 2.204621267199125e-6, 0.0005714335280392766, 0.0013702870873826603, 1.4734999084570627e-5
0.4979646071760523, 0.0207, 0.0589113871469319, -0.0008254635713874493, -9.904545679507631e-6, 0.05882527495065872, 0.0006704192333059528, -2.6729268422715194e-6, 0.0007220366424615623, 0.0011538898340875676, 2.2379196634318817e-5
0.4979646071760523, 0.023, 0.0590782044939178, -0.00020728774266333074, -1.7560502959557023e-5, 0.058905382562315006, 0.0011779147222146479, -4.04925164992117e-6, 0.0007350524637735317, 0.001133953762999183, 1.8838521611524815e-5
0.4979646071760523, 0.0253, 0.058813669492357924, -4.676860145953987e-5, -1.4999427342413045e-5, 0.05870563652881141, 0.0013482102684767472, -2.089399289104148e-6, 0.0007090547671031547, 0.001199638394065762, 1.2520253980444549e-5
0.4979646071760523, 0.0276, 0.05886046922667953, -7.58274326941378e-5, 1.2510478565675775e-5, 0.05893387007506733, 0.0012612218965119973, 4.2416397521110955e-6, 0.0007045004153316854, 0.0009915930417278265, 1.2107453109309121e-5
0.4979646071760523, 0.0299, 0.059427327652731295, 0.0007231577410732672, -1.6354721545484653e-5, 0.05919482577686827, 0.0015212634141099062, -4.652859123875184e-6, 0.0007656385212931132, 0.0009379878406370003, 1.6618570330792663e-5
0.4979646071760523, 0.0322, 0.059235784905522705, 0.0009324765791927798, -1.0367982844258908e-5, 0.05883491442502905, 0.0015793593671388512, -2.340521224229823e-6, 0.0007677098718096757, 0.0011949763536376807, 9.360607971644557e-6
0.4979646071760523, 0.0345, 0.05897143132015462, 0.00025164989741058833, 3.083845595520239e-5, 0.0587677869857, 0.0012349987532577931, 9.863033193467078e-6, 0.0008173900648689097, 0.0013920821061652894, 2.5699562555186034e-5
0.4979646071760523, 0.0368, 0.05888867803385064, 0.0006470452092269538, -3.697860283772646e-5, 0.05888756719851588, 0.0010998089262346563, -1.5622866508345376e-5, 0.000613480579106326, 0.001282260272892263, 1.3842745515497664e-5
0.4979646071760523, 0.039099999999999996, 0.059020950117894905, 0.0015403771445228914, -4.221892311233145e-5, 0.05860465786999343, 0.0014472321950058837, -2.0009858575489785e-5, 0.0007792239703287993, 0.0010468970064235862, 2.917595385487043e-5
0.4979646071760523, 0.0414, 0.05864029095545376, 0.0011428522044708207, 4.0531652922092646e-7, 0.058109531022090384, 0.0013720727818002508, -2.2664572171634748e-6, 0.0008565852690341745, 0.0007308977151638937, 8.824618487087034e-6
0.4979646071760523, 0.0437, 0.058558550424111254, 5.2518230260173715e-5, -1.175956997523648e-5, 0.058208808719624916, 0.001022281342035053, -1.2002177634359123e-5, 0.0007144893088757932, 0.0009239805256843823, 6.944726577584133e-6
0.4979646071760523, 0.046, 0.05863442185859587, 0.0003065385047992682, -3.23669769756852e-5, 0.05844201522719692, 0.0011489915224047037, -1.2450599259507713e-5, 0.0007409658812942288, 0.0010237322545774883, 1.5680915834132834e-5
0.4979646071760523, 0.048299999999999996, 0.05851148561941759, 0.001152653073325468, -3.7881376230185344e-5, 0.05806134946698017, 0.0012266455280012622, -1.3435175882701699e-5, 0.000870168013006824, 0.0009132658248130172, 1.3920432017799725e-5
0.4979646071760523, 0.0506, 0.05843869059911105, 0.0005698408590397029, -1.817367708975161e-5, 0.05822243453701893, 0.0010666052698857665, -1.0518898003498437e-5, 0.0008855095721415926, 0.0006479338543681214, 1.6837216892277902e-5
0.4979646071760523, 0.0529, 0.058674739010303865, -0.0003649205031505942, 3.0661132748577786e-5, 0.05856105630121992, 0.0010194709365887776, 9.877013591372708e-6, 0.0002707362697400861, 0.0009535484965939208, 1.4659460613165763e-5
0.4979646071760523, 0.0552, 0.058630429520346784, -0.00019047115123977534, 5.367881088295057e-6, 0.05829255100085849, 0.0013852058426503228, 6.500866453517996e-6, 0.0005261425046886355, 0.001238416374558358, 9.900902885279103e-6
0.4979646071760523, 0.057499999999999996, 0.057901063335436286, 0.00028816700705120693, -3.781058765301866e-5, 0.05840397645496271, 0.001530093804178872, 3.555005853334189e-6, 0.000874716275971532, 0.0012057645641123614, 2.48085141099704e-5
0.4979646071760523, 0.0598, 0.05885848171554389, 0.00033455718838325824, 6.031045346773086e-6, 0.058970943244097275, 0.001400307208077611, 1.0560000185652197e-5, 0.0011623546447611707, 0.0012354222624714633, 1.6072580972804087e-5
0.4979646071760523, 0.0621, 0.05742422146688904, 0.0010099396291840435, -2.1424445342101862e-7, 0.0580464202794249, 0.0017492457578655652, -2.302233078483134e-6, 0.001666718356576907, 0.0013122823013659972, 6.026688695744395e-6
0.4979646071760523, 0.0644, 0.05756993872735988, 0.0020283952070927766, -1.6822030896472747e-5, 0.05892348176122185, 0.002304311505882833, -4.038666612838265e-6, 0.0019020272908295277, 0.001273552823582579, 1.5382456059695755e-5
0.4979646071760523, 0.0667, 0.05865494087396529, 0.0022893603310983504, 3.2938456424339787e-7, 0.05909343181707741, 0.0023732000558169715, -1.3114409519193415e-6, 0.0022174392218928113, 0.0014167175975077907, 1.6654506430045726e-5
0.4979646071760523, 0.069, 0.05643377563237862, 0.0025204855980158376, -3.2369802335878123e-6, 0.05774579498625636, 0.002314365116034897, 3.1792977703270004e-6, 0.0019599496889638325, 0.0014141685855715682, 1.1348859309643331e-5
0.4979646071760523, 0.0713, 0.05730743481484308, 0.003910460670603738, -7.201485669608823e-6, 0.059338939926285826, 0.0028093326232364888, -3.0351065067007563e-6, 0.0022529289521175185, 0.0015705042706059442, 9.150008331903749e-6
0.4979646071760523, 0.0736, 0.05775823562559057, 0.0046493070632190004, 7.824860401326573e-6, 0.05812545631630095, 0.003148338217453301, -8.93519754698569e-6, 0.0018876263033943696, 0.0015616135292892846, 1.180206450965858e-5
0.4979646071760523, 0.0759, 0.055446484145692795, 0.0036232409576710555, 2.2453339292413484e-5, 0.0572628351552506, 0.00272452762728999, 2.068523783488236e-6, 0.0017129824896852514, 0.001307019427240946, 1.7542616987454046e-5
0.4979646071760523, 0.07819999999999999, 0.05752343210301076, 0.003190215352947543, 2.9604934022799974e-5, 0.05872974332370915, 0.002496868430580147, 1.2804865214037981e-5, 0.001599891990552132, 0.0015305301166608283, 1.5231813400129233e-5
0.4979646071760523, 0.0805, 0.05586364153973612, 0.004283612014489678, -2.1896332139105022e-5, 0.0568871001873567, 0.002984494036946966, -7.594628698708329e-7, 0.0009152244520598231, 0.0013829215037833166, 1.6513724641360134e-5
0.4979646071760523, 0.0828, 0.056866187954803214, 0.004159026914589898, -2.562384117469976e-5, 0.05797613440330727, 0.0028872664914901054, -7.478007902080837e-6, 0.0011494237704825798, 0.001262748266678981, 1.6265884738858413e-5
0.4979646071760523, 0.0851, 0.05570285579593736, 0.0030470323323820896, 2.8924097181046613e-5, 0.056398123712184424, 0.0022975394415518918, 1.1620761719543368e-5, 0.0006705150650778519, 0.0009259097915121034, 1.3751675527965168e-5
0.4979646071760523, 0.0874, 0.056731351752466505, 0.00321682304177104, 5.012137697619581e-6, 0.05745732841054223, 0.0024468631842945853, 1.443963675647099e-5, 0.0006332662146379903, 0.0011701053961001512, 2.263864538211908e-5
0.4979646071760523, 0.0897, 0.055253694677282764, 0.003969358060973845, -1.6630258774430634e-5, 0.05645004236345125, 0.0025873599598766808, 2.0917850535084713e-6, 0.0008558310292109862, 0.001230038989456645, 1.9716136456590072e-5
0.4979646071760523, 0.092, 0.054685976932960734, 0.003206584781304177, 1.5427134827425405e-6, 0.05602350164775498, 0.0019069693861461486, -1.2512375595720361e-5, 0.0011536874608706928, 0.0010284063282174035, 1.7237922663801323e-5
0.4979646071760523, 0.0943, 0.05564029510143059, 0.0022097128713217244, 4.0931149508615215e-6, 0.056316377508924494, 0.0015822021253940515, -7.059990416147452e-6, 0.0007079333071369265, 0.0005587615654185818, 1.000920172772915e-5
0.4979646071760523, 0.09659999999999999, 0.05352038494690365, 0.00305319452586565, 9.434469745226774e-7, 0.05553308550732042, 0.00198530318334472, 1.1707261544197742e-5, 0.0017941246228620402, 0.000889554733764049, 2.222007725914269e-5
0.4979646071760523, 0.0989, 0.054574526070409524, 0.0030173173104609684, 1.2458758546267972e-5, 0.05589777223181121, 0.002001640968575791, 2.1643248964210354e-6, 0.001159506426256076, 0.0009238894825433566, 1.2321402773090944e-5
0.4979646071760523, 0.1012, 0.053998800015132464, 0.0012180457987713991, -2.0190515590323777e-5, 0.05488043864756522, 0.0014342505840639703, -7.5199306737874675e-6, 0.0014227070084935716, 0.0005433361193888794, 1.7767378446876462e-5
0.4979646071760523, 0.1035, 0.054708550470458424, 0.000850405253840226, -2.4021596071302925e-5, 0.055730151667728454, 0.0012967456998172315, -5.079614962106807e-6, 0.0011382955240923445, 0.0005241630654152663, 1.5325036993328712e-5
0.4979646071760523, 0.1058, 0.05382870693479174, 0.0018095829281572667, 2.1230645061299652e-5, 0.0551799436633017, 0.0014255751784720996, 4.024719223499286e-6, 0.0014870971931450368, 0.0006715207965848491, 1.5037434576157143e-5
0.4979646071760523, 0.1081, 0.05432195546652996, 0.0014590548518445602, 1.2009761321708028e-5, 0.055112880425028585, 0.0009183979160670385, -1.8424556775812016e-6, 0.0009643184841549696, 0.0004371780491691022, 8.43970240677359e-6
0.4979646071760523, 0.1104, 0.05277096612934204, 0.0004498338497757023, -6.6976090057332235e-6, 0.05504135754567906, 0.0002924459609842961, -5.917022828423812e-6, 0.0019999173219720392, 0.00042581309541392403, 9.207893925253644e-6
0.4979646071760523, 0.1127, 0.054646532264328654, 0.0001091617444986783, 1.229329306092764e-5, 0.055438124297210546, 0.0001634007780028517, 5.471246832276955e-6, 0.0010504976841143572, 0.00024632566327676764, 6.5978727224378135e-6
0.4979646071760523, 0.11499999999999999, 0.052254612614990675, 6.453946440027778e-5, 2.8886149173050978e-5, 0.0548475088764694, -4.331324030060973e-5, 9.102559946613464e-6, 0.0022236893371973573, 0.00028076967055628513, 1.3856738617073471e-5
0.4979646071760523, 0.1173, 0.0541859323990524, -0.0011061611673837065, -9.887448905590256e-7, 0.055016349224006195, -0.0007245665244641143, -3.7345018132275936e-6, 0.0012633098038906591, 0.0005629020844653103, 5.257171112342272e-6
0.4979646071760523, 0.1196, 0.05325849523941993, -0.0022127155101565772, 7.490086861945046e-6, 0.055329303133855694, -0.0010360651716461453, -4.138062127402439e-6, 0.0019306971131216825, 0.0007468637234439394, 1.325096474026674e-5
0.4979646071760523, 0.1219, 0.054508715041288715, -0.0011825040794902096, 2.4631728167250704e-5, 0.055149834108287527, -0.0007983811107494005, 4.384065799108652e-6, 0.0009376708583401092, 0.0004956495828053881, 1.4234706206800229e-5
0.4979646071760523, 0.1242, 0.0537994336373652, -0.0010755685770370913, 7.565836232561186e-6, 0.055150372984264076, -0.0011064884261323044, 5.488530351493936e-6, 0.0014376618028978474, 0.0006353209662529862, 2.2350171686708915e-5
0.4979646071760523, 0.1265, 0.05458681876639729, -0.002201415601101445, 9.467615406810094e-7, 0.05579107493877146, -0.0017507818426154532, -8.742395576532162e-6, 0.0010948221455253026, 0.0007225499328247956, 8.449042367622778e-6
0.4979646071760523, 0.1288, 0.05398529684905987, -0.002557038874861845, -9.334196802930219e-6, 0.055352725023219404, -0.0018667625194117485, -1.2305159243028875e-5, 0.0014394909143874944, 0.0006018621445644591, 2.2364206440836317e-5
0.4979646071760523, 0.1311, 0.054918424928191524, -0.0022534584858001027, 4.298411436523126e-6, 0.05602658257505169, -0.0016445917850215494, 1.327107786201485e-5, 0.0009599671854944544, 0.0005062415183076305, 1.293993130571828e-5
0.4979646071760523, 0.1334, 0.05412538393756062, -0.003249826758724381, 2.7500357896589797e-5, 0.05578622487197998, -0.002058913098016699, 8.582056218113857e-6, 0.001472548778531038, 0.0009085629684344201, 2.5570830547872055e-5
0.4979646071760523, 0.1357, 0.05546018783595551, -0.004337219237360234, 7.01504912895263e-6, 0.0563938063563107, -0.002649290745320076, -2.0987679715460116e-5, 0.0007930725890362874, 0.0014162057362941615, 2.053201358239315e-5
0.4979646071760523, 0.138, 0.05536940406954917, -0.004057149838452469, -2.7631164276044408e-5, 0.0565152726044247, -0.0025671883576971304, -9.50716256114368e-6, 0.0008564085584604745, 0.0014050044745691507, 1.206254704177944e-5
0.4979646071760523, 0.1403, 0.05599047582293055, -0.003258222001570782, 4.656122022645088e-6, 0.05678214410281656, -0.002413993505048917, 1.3312551795120014e-5, 0.0007274142409691383, 0.0011359571368299015, 1.8411885999831038e-5
0.4979646071760523, 0.1426, 0.05599515069278487, -0.003794220471574574, 2.334064188291588e-5, 0.05736301607366862, -0.002864873952939905, 7.333095572586775e-6, 0.001107634414819078, 0.0013754220585214135, 1.6870315356631738e-5
0.4979646071760523, 0.1449, 0.05709392410505585, -0.0046472221962567195, 8.83614820682525e-6, 0.057340537898040694, -0.0030798925177416194, 1.2273440678732064e-6, 0.0005552279493177521, 0.001490572789932436, 9.512535546602068e-6
0.4979646071760523, 0.1472, 0.0560176374777759, -0.004446114244268889, -3.42307309977381e-5, 0.05781718022162428, -0.0029274897063637953, -1.2866686668847795e-5, 0.0017353861128354818, 0.0014871088823417914, 2.2946418784195073e-5
0.4979646071760523, 0.1495, 0.05671111450122881, -0.004054306847393933, -4.199157322467962e-6, 0.05756419224901607, -0.0028675439914685455, 3.1227941239614162e-6, 0.0011744288978081947, 0.0014652855476960088, 1.6530627471913268e-5
0.4979646071760523, 0.1518, 0.057546618881879674, -0.003930904120207048, 3.998545053295752e-5, 0.05849235402065017, -0.0030861773855730785, 1.3212392615456352e-5, 0.001966117165716168, 0.00171046699154477, 2.6374216584835934e-5
0.4979646071760523, 0.1541, 0.05598835102687036, -0.003981890876948113, -8.848778110740217e-6, 0.05787129094062805, -0.003084491081825541, -1.3463099399666678e-5, 0.0019331283336924555, 0.001493461726110001, 1.4622608722564596e-5
0.4979646071760523, 0.15639999999999998, 0.057869267895616236, -0.0034827554779864114, -1.4934728064500113e-5, 0.05848745301320276, -0.002688700280021076, -1.0829104198914214e-5, 0.0019372926747187303, 0.0014158425457022619, 8.699625561076444e-6
0.4979646071760523, 0.1587, 0.05703185668901319, -0.003114285382927181, 4.630919353989573e-6, 0.05876602560495532, -0.002622062503349708, 2.210018976403305e-6, 0.0021634533505570878, 0.0015532877904987387, 7.463257871703031e-6
0.4979646071760523, 0.161, 0.0571769523238211, -0.0028437579217110145, -1.2770406527844658e-5, 0.05815243864607487, -0.0025868452646019466, -1.9682113099901602e-6, 0.0018125492902957164, 0.001461841920744908, 1.9966979939400948e-5
0.4979646071760523, 0.1633, 0.05821610002409051, -0.0021478280661282627, 8.080020913342082e-6, 0.059036809685191226, -0.002077083672048261, -1.4032703004904855e-6, 0.002054252955196196, 0.0012085212263422379, 1.672663197320694e-5
0.4979646071760523, 0.1656, 0.05735627168959869, -0.0012130636693946906, 1.3311371134933841e-5, 0.058427985375315024, -0.001592772486876999, -4.326140105995873e-6, 0.0014667076043211314, 0.0009559764502596735, 1.0170145256733947e-5
0.4979646071760523, 0.1679, 0.05831707730741749, -0.0009820254066122797, -2.8505229619488363e-5, 0.05823419261849849, -0.0015990522612020278, -1.2731973904959727e-5, 0.0010961342391397776, 0.0009345469824842863, 1.372119007311431e-5
0.4979646071760523, 0.1702, 0.059049383769814875, -0.0005748266778557408, -1.9248563081113077e-5, 0.05895715996020826, -0.0016285646013758572, 4.770191362339988e-6, 0.0005429795082464641, 0.0010573257871568343, 1.7546827160837706e-5
0.4979646071760523, 0.1725, 0.05808850936978833, 0.000271205065241307, -3.98727979418154e-6, 0.05816831109754553, -0.0012112103098841105, 7.689078680987415e-6, 0.0006664819630374827, 0.0010252939141671491, 7.1156258008541824e-6
0.4979646071760523, 0.1748, 0.0590156059573703, -0.00018233467221549595, 7.779486002718727e-6, 0.05813849470162135, -0.0011547214302392004, 2.382078325781913e-6, 0.0006623849668124634, 0.0007305283841254974, 7.710730557604609e-6
0.4979646071760523, 0.1771, 0.05939049777586346, -0.0011530156694789116, 1.19441872931927e-6, 0.058556851096881225, -0.0014057726027968895, 7.809405223993669e-6, 0.0008093327749198954, 0.0008140170304080586, 9.311650305920634e-6
0.4979646071760523, 0.1794, 0.05908840324498838, -0.0007870972065090983, -2.039903695528984e-5, 0.05833979084488132, -0.001292180763001653, -1.4076612713021306e-6, 0.0012312188396459923, 0.0009805158108865746, 1.6938588222791845e-5
0.4979646071760523, 0.1817, 0.05882066210984717, -0.00027329940539155085, -1.7944198002653813e-5, 0.05820201548997205, -0.000988683046676413, 1.0290161615284252e-6, 0.0008919116380844119, 0.0007451380246199694, 1.6432700236925293e-5
0.4979646071760523, 0.184, 0.05928795065538605, -0.0007119720925794717, 1.4427254076589505e-6, 0.058462819653552385, -0.0012402963064439957, 9.56449171644774e-6, 0.000884092200027514, 0.0006767588247896106, 1.4419555880690007e-5
0.4979646071760523, 0.1863, 0.05903534694751369, -0.0012392876979769067, 2.1844027227544206e-6, 0.05839061571471659, -0.0014035644126455138, 4.7732218014845055e-6, 0.0007863330857315273, 0.0009281973229751725, 9.96032647016187e-6
0.4979646071760523, 0.1886, 0.059011390845227114, -0.0003804550730227318, -1.7655334341823652e-5, 0.05859695696932024, -0.0009554711638213357, -4.270049280587048e-6, 0.0006444691507007024, 0.0008182498994993397, 1.4395392065786043e-5
0.4979646071760523, 0.1909, 0.05909783112630463, 6.667397882889682e-5, -1.5691387968725315e-5, 0.058682975204155274, -0.0008308591043773887, -2.6194480039121884e-6, 0.0006716163919192493, 0.0007265779990295725, 8.909667373171434e-6
0.4979646071760523, 0.19319999999999998, 0.059325997160302194, -0.001027611081986118, 8.38202398545122e-6, 0.058934459834053744, -0.001289517997744487, 6.465389351897174e-6, 0.0005814121471479731, 0.0010644249312992539, 1.9201418037742007e-5
0.4979646071760523, 0.1955, 0.05920362837704273, -0.0008235106989367143, 2.2549267255672678e-6, 0.05911656570993493, -0.0013923357189307354, 7.324521469805415e-8, 0.0005252122929631899, 0.0013015356105374426, 8.770106449192594e-6
0.4979646071760523, 0.1978, 0.05913358535312085, 0.0004335077600010866, -3.077548643091634e-5, 0.05897237786066104, -0.0010348248144015483, -1.1188951499262622e-5, 0.00043577463795567477, 0.0010923721341446896, 2.4140246003064425e-5
0.4979646071760523, 0.2001, 0.05922404804219324, 0.00028143092677884843, -2.663027123979046e-6, 0.058983832541653104, -0.0011586488531492047, -9.910099548132865e-7, 0.0007397986950276788, 0.0010139104688700862, 3.410188458994857e-6
0.4979646071760523, 0.2024, 0.059172198860760264, -0.0007630410231114627, -5.6574629586409415e-6, 0.05895517197238348, -0.0014582589158470055, 1.0593545401956687e-6, 0.0008522750474024537, 0.0010329887068455525, 7.5492772947777955e-6
0.4979646071760523, 0.2047, 0.058783825933918094, -2.9997146921437226e-5, -1.81498559870732e-5, 0.05882342567211609, -0.0012002150374754287, -5.9810017965591385e-6, 0.0006484168237581618, 0.0011146439774186302, 2.2068034882521946e-5
0.4979646071760523, 0.207, 0.05903016672981413, 0.0014454173256623069, 4.568120265441901e-6, 0.058928796923692066, -0.000645819964457933, -2.1069707287717038e-6, 0.0006771466833632544, 0.0013569284424932225, 1.4935245039153775e-5
0.4979646071760523, 0.20929999999999999, 0.05931865570864419, 0.0011501770081483403, -2.1447931690616336e-5, 0.058908481051160366, -0.0007204502333337636, -5.791453832231702e-6, 0.0007528752033317649, 0.001462558956944845, 1.4486324543311167e-5
0.4979646071760523, 0.2116, 0.05903366362616866, -0.0001251917478731265, -1.1049872714591234e-5, 0.05862998433620172, -0.001094927058978778, 1.1080674414150508e-7, 0.000688094298211691, 0.0012331403723175145, 1.016836829699312e-5
0.4979646071760523, 0.2139, 0.058708241856518704, 0.00038457439161945745, 1.256648243543139e-5, 0.05819567434279243, -0.0009392498012882671, 2.1460203693263063e-6, 0.0008847124348535981, 0.0017435113659707378, 1.3513071077312123e-5
0.4979646071760523, 0.2162, 0.05918306744134088, 0.001206020651507069, 5.421819092823002e-6, 0.058257746932440284, -0.0007263523421310078, -2.5093104238889078e-8, 0.0011373434118135866, 0.002469328360140236, 1.2849073627019403e-5
0.4979646071760523, 0.2185, 0.059520929850315304, 0.00039916561819357596, -2.4951185407309736e-5, 0.05812693911852898, -0.000962410860675953, -4.8629742528900386e-6, 0.0016307204892713084, 0.0022483655255213777, 1.9593402055905726e-5
0.4979646071760523, 0.2208, 0.0590414744159932, -0.00012160675954572578, 9.007705036968537e-6, 0.057615229545664635, -0.0011306224011315017, 4.641640395809283e-6, 0.0018097993796338818, 0.002002999579140312, 1.0952016987372573e-5
0.4979646071760523, 0.2231, 0.05904212335794275, 0.0007130835557200765, 1.4458236047535374e-5, 0.057503694045487996, -0.00048574313995881793, 9.14973093824551e-6, 0.0019022105002215845, 0.0016508768465530886, 1.3558973151607339e-5
0.4979646071760523, 0.2254, 0.059710792555680854, 0.0007048492693442212, -6.428791182376281e-6, 0.0576793878240603, -1.1081541966406457e-5, 4.9943150717092325e-6, 0.002063838070347289, 0.0007547390904336835, 1.8081660745855188e-5
0.5975575286112628, 0.0023, 0.0597679530331681, -0.0007208823288388706, 1.6462366666652897e-5, 0.05794409916787606, -0.0001390425445277177, 1.0007511825678478e-5, 0.001573095267995922, 0.0005319991825315333, 1.3281722217337564e-5
0.5975575286112628, 0.0046, 0.06016480995044227, -0.0005319458447450028, -3.272679471311429e-5, 0.05814175522602484, 0.00030696352296477635, -9.368082617705014e-6, 0.001757398937753207, 0.0013183214156117882, 1.919318605342241e-5
0.5975575286112628, 0.0069, 0.060032627494472066, 0.001188180398217054, 2.3201280147089087e-5, 0.05806585843511462, 0.0011958000587222015, 7.11220363150582e-6, 0.0017122057783456465, 0.002004976616476708, 1.3793166463932726e-5
0.5975575286112628, 0.0092, 0.05930025554532603, 0.0007495604915851504, 2.5371264150587937e-5, 0.05781233761160359, 0.001145621456826636, 7.925840903917912e-6, 0.0014617340429928709, 0.002349635375496465, 1.6070059534672677e-5
0.5975575286112628, 0.0115, 0.059730304418502765, -0.0006936977238428138, -1.3552440190177686e-5, 0.0581960026916491, 0.0006081247491807229, -7.264437781373561e-6, 0.0014389520888419233, 0.0023075436956742465, 5.9411752098810025e-6
0.5975575286112628, 0.0138, 0.059815043955131666, 9.504678858029493e-5, -2.3453279946907063e-5, 0.05860497316710742, 0.0008492919338157467, -2.9310645646454564e-6, 0.0011181982656063808, 0.002184442690531403, 2.6875018798166307e-5
0.5975575286112628, 0.0161, 0.05955275678957834, 0.0011130420180520883, 1.3322109186992385e-5, 0.05857230082510779, 0.0010386731377463438, -3.6045895403313613e-6, 0.0008359423386042697, 0.0017152426388842117, 1.0474014885954179e-5
0.5975575286112628, 0.0184, 0.05886751206767416, 0.00016747533711674516, -1.0172490563504756e-5, 0.058569927629536576, 0.0005812487447272609, 1.41769295415145e-7, 0.0005314909040154221, 0.001242271864513188, 1.4114825821199356e-5
0.5975575286112628, 0.0207, 0.05961876057250485, -0.0004180322316067345, -2.7601748007435115e-5, 0.05895752255429974, 0.0004890106558205049, -6.827730369798785e-6, 0.0007224998978951404, 0.0011236653555575476, 2.2455224508165654e-5
0.5975575286112628, 0.023, 0.059422178592135964, 0.000724115996621981, -1.3984572498947522e-5, 0.05899151523395183, 0.0011022816012825367, -5.7051384580922285e-6, 0.0006904742734812178, 0.0010310204281136208, 1.73310035466836e-5
0.5975575286112628, 0.0253, 0.05914965043951549, 0.000854135819943006, 8.197257771847426e-6, 0.05877963884726209, 0.001265864527054457, -3.749564456122192e-7, 0.0006595945641208869, 0.0010917832880181233, 1.1959987180991217e-5
0.5975575286112628, 0.0276, 0.058871857837259574, 4.00338849859196e-5, -1.0484688672126272e-5, 0.058923534702099364, 0.001057690561257651, 1.7872516814048675e-6, 0.0006306326884711375, 0.0010174258866890193, 1.2386139892841737e-5
0.5975575286112628, 0.0299, 0.059657609447459105, 0.0005184876080266112, 1.857398560305296e-6, 0.05927195638863341, 0.0013541341130960238, -3.5678161765117707e-6, 0.000710391908637698, 0.0009335149548296608, 1.5099848113717577e-5
0.5975575286112628, 0.0322, 0.05941383452283964, 0.0013636634716586403, -1.132835662590331e-6, 0.05893140110799748, 0.0015434100512254827, -2.1392402972899078e-6, 0.0007261961427608431, 0.0010724406316856895, 8.38688674946498e-6
0.5975575286112628, 0.0345, 0.059448746891309794, 0.0008400023827082187, 1.7132182335586894e-5, 0.058881280303301635, 0.001169166024832864, 1.1074558050487047e-5, 0.0007821672540821876, 0.0012555149385951936, 2.3177160466661997e-5
0.5975575286112628, 0.0368, 0.05931415300113234, 0.00044841253276155745, -2.522645055266955e-6, 0.05895866483228529, 0.0009912428606558064, -1.343949626616564e-5, 0.0005756873960042562, 0.0011773158749977931, 1.3487027708582814e-5
0.5975575286112628, 0.039099999999999996, 0.05958228989503235, 0.0012243535131850384, -2.61660660937723e-5, 0.05876759654083325, 0.0014100857480357429, -2.1035893161870206e-5, 0.0008031475950771846, 0.0009407836227220191, 2.621651213468176e-5
0.5975575286112628, 0.0414, 0.05937875061276701, 0.0014465885653160559, 1.3558137598114778e-5, 0.05832106762053649, 0.001384492079052885, 3.7097525204956745e-7, 0.0009249200254043431, 0.000654442212644429, 1.019977516085849e-5
0.5975575286112628, 0.0437, 0.05903464122814698, 0.0006146446347971493, -1.6554393846090172e-5, 0.05834644747104526, 0.0009543418908287357, -1.2760880336314297e-5, 0.0007225389493678207, 0.000843022315040642, 6.483607061632224e-6
0.5975575286112628, 0.046, 0.05938652365640287, 0.000843031965770269, -3.103473823678536e-5, 0.05859943329873125, 0.0010979982629656312, -1.5547955755720652e-5, 0.0007667509669163921, 0.0009241342209328518, 1.594599011367815e-5
0.5975575286112628, 0.048299999999999996, 0.0591235329285554, 0.0017661505654967418, -2.3581496082129003e-5, 0.058238380043909375, 0.0013165630342505089, -1.5126229249272916e-5, 0.0008909505304423575, 0.0008460227662407321, 1.3121764781510836e-5
0.5975575286112628, 0.0506, 0.05919113651367432, 0.001505981776810748, 3.233955747531783e-6, 0.0583838848664615, 0.0011398346877065967, -8.226755711660068e-6, 0.00088526776466004, 0.0006066546872112096, 1.6072243025112924e-5
0.5975575286112628, 0.0529, 0.05890531674812811, 0.0007828639739635101, 1.5558593239045093e-5, 0.058618433042371285, 0.0009800364428178996, 1.0823943532651438e-5, 0.0002799840080310403, 0.0008583322573916314, 1.331540034160849e-5
0.5975575286112628, 0.0552, 0.05855158507701585, 0.0011658092519506815, -2.1361040959055105e-5, 0.05833572334688472, 0.0013486397442003825, 1.8572152180891465e-6, 0.0004823316877009779, 0.00111128869820336, 1.4415383558295692e-5
0.5975575286112628, 0.057499999999999996, 0.05802605812722816, 0.0016592593793986598, -6.1210456095096005e-6, 0.05834099006700695, 0.0015516214000488367, 1.9423306095268905e-6, 0.0007974374967142468, 0.0010797569965315813, 2.253828357545476e-5
0.5975575286112628, 0.0598, 0.05849269850288306, 0.0012493254263504809, 2.9906816697996718e-5, 0.05889123578722824, 0.001375143577789756, 1.3784469604376284e-5, 0.0010578158290749243, 0.0011067130536067922, 1.6402606667709748e-5
0.5975575286112628, 0.0621, 0.057015459035127114, 0.0015689624062769714, -5.184611469181731e-6, 0.05787459340537527, 0.0017191985326007995, -2.7826294769329e-6, 0.001549034186838479, 0.0011760462938419643, 5.517378499449866e-6
0.5975575286112628, 0.0644, 0.05759728481600088, 0.002916240854488663, -3.6695180049075503e-6, 0.058702448937018356, 0.0024062997306504713, -3.977141844849812e-6, 0.0017853009013330194, 0.0011661728103122854, 1.3759312312947646e-5
0.5975575286112628, 0.0667, 0.058200664062265324, 0.0031003326230909577, 3.51232894249788e-6, 0.05894463719127539, 0.0024943888170293024, -5.074793028498044e-7, 0.0020165486372106787, 0.0013014573738450573, 1.5025850842524534e-5
0.5975575286112628, 0.069, 0.05625863067262389, 0.002248610078258876, -8.195074560824917e-6, 0.05749793426731761, 0.0023034059430722268, 1.2835690484683474e-6, 0.0018551905138212965, 0.0012651556629783335, 1.1162437476883869e-5
0.5975575286112628, 0.0713, 0.05757624170313196, 0.0032343653740280753, -2.3773539016837503e-6, 0.059045156889093516, 0.0028801714150350865, -2.9254810725312554e-6, 0.002139720058391542, 0.0014153783019864752, 8.188420384544722e-6
0.5975575286112628, 0.0736, 0.05779812632938373, 0.004704062835263844, -4.87861384196525e-6, 0.058070901318481416, 0.0034076256537550584, -8.259100262815616e-6, 0.0016936244966743877, 0.00153436934915655, 1.0685205967976798e-5
0.5975575286112628, 0.0759, 0.05569559693923577, 0.004082996953233268, -4.440951590399645e-6, 0.0570016287859148, 0.0029509391816138694, 9.836112211735892e-7, 0.0016603673726811737, 0.001293913821757976, 1.5914048517646847e-5
0.5975575286112628, 0.07819999999999999, 0.058606394460839394, 0.003561299888066744, -7.120556877261296e-6, 0.058709185179897524, 0.0026742736734945796, 9.483961532154769e-6, 0.0014318726650118607, 0.0014362637890324398, 1.586747992439751e-5
0.5975575286112628, 0.0805, 0.05575356200268453, 0.004476721211143556, -3.3060028719876776e-5, 0.05669817715657801, 0.003233198565979731, -6.14289051153849e-6, 0.0009403510554416418, 0.0013788042519043465, 1.9800258590810383e-5
0.5975575286112628, 0.0828, 0.057743682141889324, 0.004575324395011257, -1.986746148663186e-5, 0.05793739235973761, 0.0031686094754102972, -9.54291683283934e-6, 0.0010324464533136967, 0.0013230834424205152, 1.540280164204613e-5
0.5975575286112628, 0.0851, 0.05619645144502928, 0.0035755171769653433, -4.013219429577267e-6, 0.056364511667658566, 0.002510535730787467, 9.015098194689929e-6, 0.000605351946573507, 0.0009788011386298744, 1.3857263737464866e-5
0.5975575286112628, 0.0874, 0.05634839223942368, 0.0035642107984615854, 3.591180590475469e-6, 0.057272505715355804, 0.002633087786655752, 1.263156072880507e-5, 0.0007251051308723362, 0.0011416632277224318, 2.072731157967174e-5
0.5975575286112628, 0.0897, 0.05710843098474184, 0.004147961335315142, -7.209113715890602e-6, 0.056559773800333016, 0.0028474601891164244, 5.416352586086258e-7, 0.0008112973128817137, 0.0012713416173358845, 1.8038808600893585e-5
0.5975575286112628, 0.092, 0.054242090036998286, 0.0033782667445610903, -1.814670805291237e-5, 0.05572659971262886, 0.002152185612548639, -1.3451431005252363e-5, 0.001262418456925438, 0.0010985816523502228, 1.5588705288880928e-5
0.5975575286112628, 0.0943, 0.05584407572471395, 0.003153302011305351, 4.2633264400748384e-6, 0.056237660544889406, 0.0018440521063792681, -5.172770940110403e-6, 0.0006619016667485222, 0.0008131199572283102, 1.007555851977955e-5
0.5975575286112628, 0.09659999999999999, 0.05415216239861678, 0.004351559480240531, 2.8814362102346147e-5, 0.05530293165586981, 0.002379679232827355, 1.4558444970555809e-5, 0.0017008619291151094, 0.001251495469397633, 2.1065634296318962e-5
0.5975575286112628, 0.0989, 0.053698705729510444, 0.004111395763402541, 5.229328831133384e-6, 0.05553126114809441, 0.0023532667677135825, 2.67515888553976e-6, 0.0013716947069034203, 0.0011936086613623114, 1.109140573705697e-5
0.5975575286112628, 0.1012, 0.05326232177590353, 0.0018458109787453953, -1.9472081598490916e-5, 0.05461075250228827, 0.0015028439831775411, -9.511955827904709e-6, 0.0014337572623493203, 0.0005141999973918465, 1.6623861608767053e-5
0.5975575286112628, 0.1035, 0.052657606295845656, 0.0017434190293384249, -2.220805510062484e-6, 0.05521806077241465, 0.0013711912547374303, -4.60314672009942e-6, 0.0016155481640962193, 0.0005030411307245971, 1.3756727045026536e-5
0.5975575286112628, 0.1058, 0.05132709916706053, 0.002443159671790341, 7.6002071780311734e-6, 0.05453780291392817, 0.0015951725940251398, 4.620633882587934e-6, 0.002059911381958907, 0.0007302957239162667, 1.3528866788880196e-5
0.5975575286112628, 0.1081, 0.05221673519756532, 0.000954518121642311, 5.571740969177023e-6, 0.05463018955378471, 0.0009244179503295839, -6.067562364548308e-7, 0.0014635132299365776, 0.0003913018811804703, 8.132931822210248e-6
0.5975575286112628, 0.1104, 0.051229563987351796, -0.0014628090553901786, -1.7090103114367645e-5, 0.05440605861929118, -9.654174478303332e-8, -7.779202876081118e-6, 0.0023709415410331364, 0.0008115048546982018, 9.414591632691041e-6
0.5975575286112628, 0.1127, 0.054953558028467984, -0.0010942335913539086, -9.71398540471603e-6, 0.05535736325242012, -4.620495022327503e-5, 2.9403747927781246e-6, 0.0009601928897870212, 0.0005587024554646426, 8.559054810613903e-6
0.5975575286112628, 0.11499999999999999, 0.05315592270877194, 0.0002710427026007048, -3.3706164287749503e-6, 0.05456557784851982, 9.079416849609361e-6, 7.0236972173820616e-6, 0.002105408758843852, 0.0002820199096925434, 1.3399156151170148e-5
0.5975575286112628, 0.1173, 0.05433795571115953, -0.0009457558624945665, -1.7610790589556778e-5, 0.05490328363853175, -0.0007614314141358564, -6.047216609282458e-6, 0.0011633848409692636, 0.0005115086762698863, 7.362212768652059e-6
0.5975575286112628, 0.1196, 0.05275786236632454, -0.0023605992331574817, -6.448392101401253e-6, 0.0549007296726005, -0.0012568208485647014, -4.523117123068907e-6, 0.002020921657127423, 0.0008594432793779096, 1.1889493569381335e-5
0.5975575286112628, 0.1219, 0.05200683816954294, -0.0013756446904216984, 1.0993873582852356e-5, 0.054626001451830095, -0.0008945917073614501, 5.485700429732603e-6, 0.0015329009174410828, 0.0005020693981421328, 1.301472557495829e-5
0.5975575286112628, 0.1242, 0.05221119710633878, -0.001466619493236291, -6.411153914429699e-6, 0.0546605103379432, -0.0011665102706496355, 3.5052496405066633e-6, 0.001758775039955987, 0.0005869598921937329, 2.057242216686545e-5
0.5975575286112628, 0.1265, 0.05318614777492522, -0.0037427029172868664, -1.9226039396305884e-5, 0.055356920411463756, -0.002082768688394022, -1.0489669546494449e-5, 0.0014456311236815478, 0.001038727259178324, 8.684863355318516e-6
0.5975575286112628, 0.1288, 0.054083965854399604, -0.0043421592568072456, -7.158975932551744e-6, 0.055141265161749435, -0.002279328642310998, -1.144746202461602e-5, 0.0013878036288181047, 0.0011450132171431455, 2.0113181023734524e-5
0.5975575286112628, 0.1311, 0.055167367024178376, -0.0033068045583688126, 2.242255662962763e-5, 0.05588337998323947, -0.0019216272472460934, 1.4796324323283648e-5, 0.0009275082164548937, 0.0008157918017892384, 1.2161896166430805e-5
0.5975575286112628, 0.1334, 0.05478932881807861, -0.004091970270579768, 5.065804948912656e-6, 0.05562007552966308, -0.0023977559601105437, 7.996014339913657e-6, 0.0013785331145230503, 0.0011615835076480652, 2.2916251229736852e-5
0.5975575286112628, 0.1357, 0.05580038611993025, -0.0054328984908187375, 7.339877635110308e-6, 0.05629490298358063, -0.003113225369569853, -1.626642015703171e-5, 0.0007495749248800164, 0.0017017411564267584, 2.1702364302222256e-5
0.5975575286112628, 0.138, 0.055737674622450516, -0.004511641323720744, 4.62583082936528e-6, 0.05638567294076234, -0.0028912638520343995, -7.15166366272552e-6, 0.0008291712320937497, 0.0014863982020397967, 1.2234961514888737e-5
0.5975575286112628, 0.1403, 0.05717825911173362, -0.0032866719398955977, -1.1329228849625083e-5, 0.05684816327096941, -0.002559439910856697, 9.205588354329165e-6, 0.0006704150697540486, 0.0010766832566480446, 1.929769232526457e-5
0.5975575286112628, 0.1426, 0.05636733353562042, -0.004663671279199711, 2.2365294843391865e-5, 0.057197068983993925, -0.0031646735073165393, 9.838462117720958e-6, 0.0010708472425805186, 0.001432727227381541, 1.6289481309686604e-5
0.5975575286112628, 0.1449, 0.05735953508921347, -0.005946863763440106, -2.4485346618879122e-6, 0.05734370409656949, -0.003557721058691367, 6.1469761291302e-7, 0.0004966715307339647, 0.0017740818698545346, 8.639599533134971e-6
0.5975575286112628, 0.1472, 0.05663448326265772, -0.004831857467798443, -7.32521618554757e-6, 0.05762006406179652, -0.00324488433326957, -1.1943108254964425e-5, 0.0016255401106368467, 0.0015406590659467192, 2.0648207925514415e-5
0.5975575286112628, 0.1495, 0.05736904582898749, -0.003804600320896109, -1.6364843401769727e-5, 0.057531667845677974, -0.0030237200463731394, -1.2514546366044063e-7, 0.0010534579297155496, 0.001365282077001969, 1.6789996577759817e-5
0.5975575286112628, 0.1518, 0.05791732668956082, -0.004078846731565442, 3.5979584853538334e-6, 0.058396516132135284, -0.003251622276571806, 1.1609986927105932e-5, 0.0017741484641114395, 0.0015826528157106528, 2.3914131059091705e-5
0.5975575286112628, 0.1541, 0.05665134092500777, -0.004261577864289313, -6.903578376345754e-6, 0.05766796593802467, -0.0032806722122361697, -1.2369845895779857e-5, 0.0017993427866089449, 0.0014196001399899634, 1.3350197302854465e-5
0.5975575286112628, 0.15639999999999998, 0.05796956432346704, -0.0030147129866712743, -1.9476399757026826e-5, 0.05840113823158014, -0.002743035731129442, -1.2270320125266317e-5, 0.001745618450628443, 0.0012733428991671598, 8.544554289169998e-6
0.5975575286112628, 0.1587, 0.05738297765137581, -0.0023532510895601178, 5.634309155482423e-6, 0.05853551761269207, -0.002577260601051443, 2.7807340062498246e-6, 0.0020157450054540046, 0.001393630378108637, 6.82015163463292e-6
0.5975575286112628, 0.161, 0.05810718148405899, -0.0028053332691737724, -1.3733239192086457e-5, 0.058144895785738886, -0.0026232599320305844, -3.929049290339543e-6, 0.0016212986499265004, 0.0013105501169437817, 1.8493608188545465e-5
0.5975575286112628, 0.1633, 0.058232432106184846, -0.0027371388791967086, -3.6646342831590575e-6, 0.05890274675535683, -0.0021870928732396692, -1.7801642976019142e-6, 0.0018664944087996987, 0.001114015704420915, 1.4989211728574613e-5
0.5975575286112628, 0.1656, 0.05789626213911853, -0.001991961648452728, 1.1331042230945617e-5, 0.05833936483594894, -0.0016593040138062872, -1.7166097165056243e-6, 0.0013297016797928613, 0.0008704432452573369, 1.1117705552698057e-5
0.5975575286112628, 0.1679, 0.058710814646613804, -0.002293945890739384, 1.4164378688555427e-6, 0.05831362962318438, -0.0017148678661249206, -1.0373905275990515e-5, 0.0009995347129802064, 0.0008827128502737011, 1.3563914315992894e-5
0.5975575286112628, 0.1702, 0.05923261783909557, -0.002626184749235565, 2.4850717411906903e-5, 0.05900306960668948, -0.0017948346260191418, 8.116945703934474e-6, 0.0004985053369229262, 0.001029672075332106, 1.7706425457097168e-5
0.5975575286112628, 0.1725, 0.058447860104345065, -0.0017049414428241874, -9.672272004148079e-6, 0.058214902598678786, -0.00129349883204079, 4.795520233464833e-6, 0.0006069457747694915, 0.0009389411555656386, 9.525848380359682e-6
0.5975575286112628, 0.1748, 0.05951368995719612, -0.0013424729633625186, -2.02115604487504e-5, 0.05836769391088381, -0.0011860133524264202, -1.3835281366401392e-6, 0.0008162087604078666, 0.0006578848549521674, 1.1517076224658336e-5
0.5975575286112628, 0.1771, 0.05983498484857682, -0.0019966234356969766, 1.9258518212150496e-5, 0.05876987338883049, -0.0015042477416135707, 9.717590722019806e-6, 0.0008923489304367103, 0.0007669961528099545, 9.550523362887765e-6
0.5975575286112628, 0.1794, 0.059710730918348845, -0.0017513818888427112, -3.1373931396289186e-6, 0.058568280857125905, -0.0013687142839751627, -1.695949916023262e-6, 0.0012352999550929201, 0.0008968128474294185, 1.5166782085897224e-5
0.5975575286112628, 0.1817, 0.05909020493717111, -0.0007162474433483793, -3.207955901525942e-5, 0.05835004706450523, -0.0009432771127884073, -4.4890797012695495e-6, 0.000876290578788203, 0.0006756883405691501, 1.996805452134695e-5
0.5975575286112628, 0.184, 0.059744311857264344, -0.0007568622141531226, -1.0585186168028001e-5, 0.058676401687504376, -0.0011597239577288503, 6.206212069035116e-6, 0.0009481555388658629, 0.0006366737200555258, 1.529729147850784e-5
0.5975575286112628, 0.1863, 0.05971138089770942, -0.0012327038659737189, -8.651836025149977e-7, 0.058610743245215396, -0.0013750876548668813, 3.8334875674845885e-6, 0.0008862237615150402, 0.0008331301043079159, 9.201363230362892e-6
0.5975575286112628, 0.1886, 0.05964475146330969, -0.0010382594262083888, 1.5634258577174295e-6, 0.05877158938498515, -0.0009692692075525112, -3.2978034242029683e-6, 0.0007178100532659574, 0.0007326449580044813, 1.309402238480188e-5
0.5975575286112628, 0.1909, 0.0596362495253695, -0.000638841173785429, -8.457877141888235e-6, 0.05884185425769098, -0.0007988561159453953, -3.592519526908196e-6, 0.0007157584678018918, 0.0006545820181998003, 8.317869155837874e-6
0.5975575286112628, 0.19319999999999998, 0.060009563627340626, -0.001154845388915977, -1.6527831415264078e-5, 0.05911364379960156, -0.0012670725629397354, 2.633185890703632e-6, 0.0006804949881796435, 0.0009536367928926521, 1.9572180868160857e-5
0.5975575286112628, 0.1955, 0.059970097764392154, -0.0016482824403819423, 1.6096130799374014e-5, 0.05925882105234447, -0.0014349935058392699, 2.7437261454773805e-6, 0.0005848913205100997, 0.0011688088282953985, 1.0213746820539059e-5
0.5975575286112628, 0.1978, 0.059456388533999614, -0.0010959814032586357, 1.7354370509186554e-6, 0.05905304630621747, -0.0010450175792110629, -9.034886740899076e-6, 0.0004369942982685957, 0.000977366286655843, 2.2227036499950173e-5
0.5975575286112628, 0.2001, 0.05968163212133895, -0.0007078171763110209, -2.9877753341025326e-5, 0.059100132471600744, -0.0010835102403428407, -5.805467185848626e-6, 0.0007204135823030288, 0.0009253574541301727, 1.2181030286371519e-5
0.5975575286112628, 0.2024, 0.05980369946807122, -0.0008682282832381681, 2.1070836776352786e-6, 0.05909659322166477, -0.001359920477078866, 1.2339760631022704e-6, 0.0008373159640360196, 0.0009548168546964849, 6.765813047692891e-6
0.5975575286112628, 0.2047, 0.059563927239670175, -0.0005969794162643481, 8.89937603394406e-6, 0.05894684260004177, -0.001099675767273582, -3.500938824808605e-6, 0.0006540228822126749, 0.0010269341878780835, 2.0651944337617533e-5
0.5975575286112628, 0.207, 0.05958458547482363, 5.3317949605126965e-5, -1.4149720013629645e-5, 0.059038095015547326, -0.0005292969787807563, -4.114095609581361e-6, 0.0006621922243058204, 0.001246783652276692, 1.423448408712606e-5
0.5975575286112628, 0.20929999999999999, 0.0602453859760719, -9.395075169981712e-5, -1.0864966599691197e-5, 0.05913129853864562, -0.0006160336530614392, -6.637039293474951e-6, 0.0008668002386991659, 0.0013329215638762377, 1.312146972152538e-5
0.5975575286112628, 0.2116, 0.05998820886757045, -0.0006225346228456056, -2.1957095696090708e-6, 0.05885635509142984, -0.0010161949862899158, -2.736126414835909e-7, 0.0008283968393954982, 0.0011196877144502427, 9.143480772818526e-6
0.5975575286112628, 0.2139, 0.05977015241280698, -0.00045822153113605704, 1.0551425184025792e-6, 0.05845808735446152, -0.0008590784229295655, 1.964207394172352e-6, 0.0010194784971087546, 0.0015717602253724717, 1.2094660297007002e-5
0.5975575286112628, 0.2162, 0.0599503688247203, -0.00016845762724126433, -7.800076436435521e-6, 0.05853985058115362, -0.0006333698896493838, -1.3209236596049942e-6, 0.0012297702390369025, 0.002220346923111629, 1.1922835880249927e-5
0.5975575286112628, 0.2185, 0.06061695777340097, -0.0004986344046270312, 1.032868506907111e-5, 0.05854194222767431, -0.0008851147846677993, -2.33103103256318e-6, 0.0017778540251958694, 0.0020198926034024596, 1.8589931202811148e-5
0.5975575286112628, 0.2208, 0.060208535363285305, -0.0004656824021095255, 4.645499428721738e-6, 0.05804744718193475, -0.0010197990679611723, 4.642283567961359e-6, 0.001934210832933184, 0.0018119869531204981, 9.795781916487343e-6
0.5975575286112628, 0.2231, 0.06016381994984156, 0.00033879581385575354, 1.2234655199336323e-7, 0.057947048362880255, -0.00034831998098972265, 7.645166873870152e-6, 0.0020184405203584146, 0.0015144722637652785, 1.2675128420795787e-5
0.5975575286112628, 0.2254, 0.06083075591529473, 0.0004802986815512074, -6.659774047132004e-6, 0.05820461583926603, 7.081516195319585e-5, 3.051966885235693e-6, 0.00225005085992153, 0.0007042352564167042, 1.6858038531440798e-5
0.6971504500464732, 0.0023, 0.060605229353448704, -0.00032672268954284485, 2.4841387104025512e-5, 0.05832426062295787, -0.000165853993815593, 1.212663686544234e-5, 0.0017532397797607093, 0.0004907999441750823, 1.3358079605785825e-5
0.6971504500464732, 0.0046, 0.060794715944708276, 9.036699436404224e-6, -2.1666708493123116e-5, 0.05852074961440819, 0.0002644025481750089, -1.1125029171336172e-5, 0.0018918684979835566, 0.0012087139936350854, 1.8127052180299162e-5
0.6971504500464732, 0.0069, 0.06057336588134353, 0.0009909475481326517, 7.748341358790756e-6, 0.0584240737845759, 0.0011665354143522658, 7.203080449689382e-6, 0.0018279136136483986, 0.0018319218405050334, 1.2593676101813196e-5
0.6971504500464732, 0.0092, 0.06008920771261854, 0.0002717651425525796, 1.770780620066981e-5, 0.05813760476889144, 0.0010207848405017709, 9.323264517739611e-6, 0.001587811830468082, 0.0021701945988586145, 1.5128622778314477e-5
0.6971504500464732, 0.0115, 0.060590268847260646, -0.0007072302055817962, -1.1938141667194343e-5, 0.05853804071387932, 0.00042021689850036304, -7.932109765062245e-6, 0.001595122562337109, 0.002164362210591414, 5.7039580006670165e-6
0.6971504500464732, 0.0138, 0.06064471784931069, 0.0005205227941131543, 3.5532420779743392e-6, 0.058896365264565036, 0.0008023249138582335, -2.0047350442711997e-6, 0.0012791943879760731, 0.0019979821980169277, 2.4655536244361924e-5
0.6971504500464732, 0.0161, 0.06047051803970244, 0.0011708135642828615, -1.8043637339296715e-6, 0.058843474712907025, 0.0010575503415372748, -3.34741442513112e-6, 0.0010474158374439346, 0.0015665914805609489, 9.585603604980016e-6
0.6971504500464732, 0.0184, 0.06015957871902775, -0.0003344346382447285, -9.622017259248801e-6, 0.05879702064232103, 0.0004504368328741195, -1.253057355251133e-6, 0.0007722699049325844, 0.0011856707448161757, 1.340307351568509e-5
0.6971504500464732, 0.0207, 0.060746595986137235, -0.0005761391417431636, -1.1376806172728425e-5, 0.059213104473133674, 0.0003368463990256951, -7.477598341645877e-6, 0.0009445951016313277, 0.0011019365922721276, 2.057070461666132e-5
0.6971504500464732, 0.023, 0.06028711549408847, 0.000678197348763213, 1.08627328348614e-6, 0.059176600985399924, 0.001041698136636919, -4.734936780723891e-6, 0.0007981809003435521, 0.0009547399799468592, 1.6027854161095448e-5
0.6971504500464732, 0.0253, 0.059991012195572034, 0.0005893210902480667, -1.8088657495406763e-5, 0.05895269218273494, 0.001169215464653544, -2.9054851670114397e-6, 0.0007564300072992884, 0.001028937759133442, 1.2807267744397311e-5
0.6971504500464732, 0.0276, 0.059911769298739904, -0.0006413507291042153, 9.941615807174607e-7, 0.05906471107304801, 0.0008149703769202416, 1.673953095592381e-6, 0.0006862434192567719, 0.0011291683418697808, 1.131091982073228e-5
0.6971504500464732, 0.0299, 0.06029679277181963, 1.3389154381910735e-5, 1.240993603147686e-5, 0.05941836158623144, 0.0011625991189940076, -1.285280146799109e-6, 0.0007553731482304779, 0.0009914676260482749, 1.5049063292101336e-5
0.6971504500464732, 0.0322, 0.05964455027007515, 0.0014883216489088103, -2.199195598924631e-5, 0.05903327955972286, 0.0015355402794659581, -4.975342538997965e-6, 0.0007156269260461986, 0.0009792212672466642, 1.0720116103300513e-5
0.6971504500464732, 0.0345, 0.0595106993553915, 0.001041343100036958, 1.8951285208858635e-5, 0.058971197310743045, 0.0011509056070048774, 1.2199804787397275e-5, 0.0007526066848333999, 0.0011471408955360189, 2.1366185924188468e-5
0.6971504500464732, 0.0368, 0.059451279113458926, 0.0003633055153072781, 1.9702232432587126e-5, 0.05902903830102438, 0.0009015375256060167, -8.704963594915245e-6, 0.0005575365076074126, 0.0011006315859040275, 1.756399330968603e-5
0.6971504500464732, 0.039099999999999996, 0.05947796217188125, 0.0013559113511030021, -5.0602154288570595e-5, 0.05886907734526868, 0.0014023465484739228, -2.5259644751398833e-5, 0.0007807860517328581, 0.0008590580813429569, 2.6412783512034136e-5
0.6971504500464732, 0.0414, 0.05904820126719311, 0.002058784524436714, 8.985818067575913e-6, 0.05842494385577315, 0.0014808195712505748, 1.6016670828390455e-6, 0.0008879354989094476, 0.0006495114125356987, 9.863994852661128e-6
0.6971504500464732, 0.0437, 0.05894428693821253, 0.0013724364616835233, 1.2248081486065098e-5, 0.05843185310921201, 0.0010140696866651339, -9.188171504545812e-6, 0.0006972165892623706, 0.0007856275963937307, 1.1152609823902883e-5
0.6971504500464732, 0.046, 0.05912557116397661, 0.0014942178273177691, -3.569531696094624e-5, 0.05867459585090916, 0.0011546010578730795, -1.8426150213610023e-5, 0.0007276457946500916, 0.0008568044409249115, 1.642813208949544e-5
0.6971504500464732, 0.048299999999999996, 0.0588770680956757, 0.002439146552751532, -2.5173421943749733e-5, 0.058329621194161706, 0.0014769321083220835, -1.6561542491341033e-5, 0.0008483918152845688, 0.0008811865751708715, 1.2566017449364815e-5
0.6971504500464732, 0.0506, 0.05861696823697375, 0.002294887919543044, 3.6418374061080195e-6, 0.05841718249082039, 0.0013048422922546606, -6.53124240912177e-6, 0.0008129228961823143, 0.0007051837761701604, 1.5342344042838848e-5
0.6971504500464732, 0.0529, 0.05864562510535061, 0.0019172061249043103, 3.154409970366467e-5, 0.058622317622796905, 0.0011139178259731012, 1.3783965842796186e-5, 0.0002557958177593729, 0.0008598923149759475, 1.445966907471625e-5
0.6971504500464732, 0.0552, 0.05867228845307144, 0.00299119443637535, -1.8579438487355606e-5, 0.05838380407633997, 0.0015832904145110921, -1.0623067398315326e-6, 0.00045831449531411733, 0.0011893536207409562, 1.52589207301866e-5
0.6971504500464732, 0.057499999999999996, 0.05814891299561783, 0.003593118191234008, -9.428239780862241e-6, 0.058313550485379936, 0.0018432637987895754, 3.179634108998717e-7, 0.000731568622060818, 0.0012517786002997956, 2.101860692366423e-5
0.6971504500464732, 0.0598, 0.058801467564031734, 0.0024897502758534445, 6.0103767738685855e-5, 0.05887841175534302, 0.0015343731060845688, 2.0401512194991935e-5, 0.0009662452056411159, 0.0010946033305662124, 2.303695631881841e-5
0.6971504500464732, 0.0621, 0.05732595471613029, 0.0025854810745745103, 1.3938270933968416e-5, 0.057796216449768845, 0.0018429531814541868, -3.9392941823271207e-7, 0.0014291919827369391, 0.0011223979817809543, 8.081404810728537e-6
0.6971504500464732, 0.0644, 0.05753467865535743, 0.004293252263730749, -1.0976261533828446e-5, 0.058535624611066796, 0.0026758643782333683, -4.977016086132474e-6, 0.001688459430078622, 0.001281387872911692, 1.2836035301435225e-5
0.6971504500464732, 0.0667, 0.058194670373979004, 0.004082003786902342, 1.0567095296810869e-5, 0.05883749907451877, 0.0027211909555825936, 1.0746027828160061e-6, 0.0018625449536316255, 0.0013310023354523033, 1.4341119692408566e-5
0.6971504500464732, 0.069, 0.05622759502575603, 0.0026472852855880815, -1.7205610645936605e-6, 0.057316457232808815, 0.0023525315634316344, 8.544076037452035e-7, 0.0017602974939450408, 0.0011622144075004687, 1.0252931231632052e-5
0.6971504500464732, 0.0713, 0.05752339916418946, 0.003710128101656163, -8.59698023439052e-6, 0.05882776292839294, 0.0029987366559809546, -3.73569523851115e-6, 0.0020362111578319957, 0.00132959284343076, 7.776266410793662e-6
0.6971504500464732, 0.0736, 0.057176173518695396, 0.005379817757695117, -7.414395309757323e-6, 0.057943083061369124, 0.0036893673828893524, -8.138428126664431e-6, 0.0015826136065819113, 0.001586680989752399, 9.75943754353577e-6
0.6971504500464732, 0.0759, 0.054840435126309726, 0.003980434627544676, 2.549946394465166e-5, 0.05669288683454264, 0.0030980099596039845, 4.485875895956171e-6, 0.0017218016701447002, 0.0012436181801303004, 1.7231031749452044e-5
0.6971504500464732, 0.07819999999999999, 0.058488599705158406, 0.002641775041873021, -2.1725578082655266e-7, 0.05867767296922051, 0.002669631011834357, 8.098073344586009e-6, 0.001309771192470556, 0.0013111809968710992, 1.494185068094746e-5
0.6971504500464732, 0.0805, 0.05466594577003774, 0.004193541443507044, -2.9075542902203457e-5, 0.056407858387072254, 0.00337039040562649, -9.418983710204915e-6, 0.0011519020524259778, 0.001309962662426257, 2.004589833549262e-5
0.6971504500464732, 0.0828, 0.05596130005184501, 0.004740426658754421, 2.8845926412662692e-6, 0.0576550934586101, 0.0033931547873166006, -7.767558336538538e-6, 0.0012025542619128005, 0.001346007309056354, 1.4824592177175101e-5
0.6971504500464732, 0.0851, 0.05541326173792748, 0.003519946732032792, 3.494155628368544e-5, 0.056228618820554126, 0.002654737302393942, 1.2718877921689288e-5, 0.0006592752666951804, 0.0009715631958836868, 1.600142769997839e-5
0.6971504500464732, 0.0874, 0.0536936033864189, 0.0036750952696806777, 2.365081483643186e-5, 0.0567612339540791, 0.002781945998516456, 1.4205739887037468e-5, 0.0015059679853283762, 0.0011141246827053202, 1.9374316794564774e-5
0.6971504500464732, 0.0897, 0.05471057214465167, 0.004681706222919259, 8.706027788973061e-7, 0.056295602135235684, 0.0031094953368025436, 5.886306186498659e-7, 0.0010183366120245627, 0.0013518733373860843, 1.64675733811467e-5
0.6971504500464732, 0.092, 0.05371807235112582, 0.004041889476694204, -4.311571379661259e-6, 0.05543966723241414, 0.0024221433074265767, -1.2145736773025063e-5, 0.0013799983228505017, 0.0012312086764234796, 1.4643780448236545e-5
0.6971504500464732, 0.0943, 0.053452215943977935, 0.003396248322720226, 8.224928032935587e-6, 0.05583973988761634, 0.002065794422999405, -3.2588139439609757e-6, 0.0012138701715708605, 0.0009461277074984448, 1.0499524715577236e-5
0.6971504500464732, 0.09659999999999999, 0.05041126297808315, 0.0036921193369333447, 4.175661705494748e-5, 0.05460412184475743, 0.002567170676271068, 1.8443898125468906e-5, 0.0024143575024581773, 0.0012455007217265072, 2.1805458348504782e-5
0.6971504500464732, 0.0989, 0.05362734087982162, 0.003955429178859844, 8.815531148495018e-6, 0.055259272538341155, 0.0025821471121630483, 3.5523549231047967e-6, 0.0014442298758522753, 0.001246577253225708, 1.0387606938314627e-5
0.6971504500464732, 0.1012, 0.0511433786493185, 0.0023944726785023376, -7.5057687414556285e-6, 0.05411541338043545, 0.0016302195110810835, -9.225357672697697e-6, 0.0018521813695158678, 0.0005778463234509286, 1.519437226434541e-5
0.6971504500464732, 0.1035, 0.050518367137993195, 0.0010820682764705848, -3.1929207020384476e-6, 0.0545466759674973, 0.0013298879721278809, -4.401685860376424e-6, 0.0023087441288890346, 0.0004720350030250275, 1.2569422732918408e-5
0.6971504500464732, 0.1058, 0.05011469691527285, 0.0019935569832344674, 7.991297394203329e-6, 0.053905930628405985, 0.0016520846496264723, 5.1021572413901335e-6, 0.002516121455947716, 0.0006834589074343612, 1.2415645386966116e-5
0.6971504500464732, 0.1081, 0.049173236705231556, 0.0017139633670657775, 1.5991506056364558e-5, 0.05385062486113426, 0.0010372101527204686, 1.7644240910907958e-6, 0.0024574255326845276, 0.00046545912991452135, 9.719977179711334e-6
0.6971504500464732, 0.1104, 0.04953195183850921, 0.0002421934713439942, 3.2106081193374e-5, 0.05370975765060804, 3.4516317267899425e-5, -2.081305151873244e-6, 0.0028422376921633467, 0.0007464380691404886, 1.735293584202242e-5
0.6971504500464732, 0.1127, 0.05479624946645344, -0.0001312737113046473, -1.8328616997675256e-5, 0.05527720414013917, -5.8357630377756786e-5, -9.805260585807263e-8, 0.0009018242831263308, 0.0005110357210897728, 1.1210358458737735e-5
0.6971504500464732, 0.11499999999999999, 0.055914049070564374, -0.00010257652302300447, -1.9362559383955056e-5, 0.054758216594526184, -6.871431703621184e-6, 3.254231988619616e-6, 0.0019883970529266386, 0.0002608838148923807, 1.5782159698389755e-5
0.6971504500464732, 0.1173, 0.05370292949220479, -0.0028134083612588066, 2.371447165997857e-5, 0.05473180447477076, -0.0010545709780105635, -1.7955468565308827e-6, 0.001154869097369953, 0.0009052899529672159, 1.3103638827223706e-5
0.6971504500464732, 0.1196, 0.051816254183861266, -0.004249963518419816, 1.5474865456132308e-5, 0.05446009031706632, -0.0016844126585440033, -1.666262468897305e-6, 0.0021823332112805073, 0.0013767276118097974, 1.322616260998381e-5
0.6971504500464732, 0.1219, 0.047786105144045486, -0.003258376410968958, -6.1534283225103165e-6, 0.05364887340786086, -0.001232275236448237, 3.822967750840757e-6, 0.002939661349955301, 0.001004127761380269, 1.2669069732610406e-5
0.6971504500464732, 0.1242, 0.05172468139412451, -0.003154113319352374, -9.449975653308109e-6, 0.054241106203111955, -0.0014504535633214552, 1.6545031699616958e-6, 0.0019516762451385929, 0.0009227503183653032, 1.9407832585430296e-5
0.6971504500464732, 0.1265, 0.052102704143291406, -0.004537658202179841, -1.740421296767568e-5, 0.05489203237315342, -0.0024334671903634246, -1.1477461463806053e-5, 0.0018039920561388851, 0.001326670522065863, 8.347804483044525e-6
0.6971504500464732, 0.1288, 0.05415169296748256, -0.004737092300020632, 1.3468218049198088e-5, 0.0549998977054256, -0.002630437736269517, -7.88807915692829e-6, 0.0013209437525570718, 0.0013983880817628389, 2.063494981504562e-5
0.6971504500464732, 0.1311, 0.05253018306231684, -0.004154208497110277, 2.4887036937136686e-5, 0.0554043518516791, -0.0022405674257981196, 1.6237854696691226e-5, 0.0015241943988359965, 0.001125458461703066, 1.1739072962748508e-5
0.6971504500464732, 0.1334, 0.05133656938240092, -0.005570870877968391, 4.6592412331711194e-7, 0.0550081460800542, -0.002851058091233093, 6.92028716611415e-6, 0.002050568583496027, 0.0016008674603461197, 2.111229810688945e-5
0.6971504500464732, 0.1357, 0.055386639614403266, -0.006525767456252782, -2.2711122762216967e-5, 0.05616515107369815, -0.0036007313819531287, -1.718709195777246e-5, 0.000765550594997566, 0.0020191344484703005, 1.9960643849203118e-5
0.6971504500464732, 0.138, 0.05559372713157387, -0.004783821759695253, -2.347151980831538e-5, 0.05627253782516399, -0.0031616292674145215, -9.483071683524072e-6, 0.0008139621146671329, 0.001533894352302317, 1.2759054807277607e-5
0.6971504500464732, 0.1403, 0.05525756549082677, -0.00411583173967075, -4.820551503070259e-6, 0.056620935016663314, -0.002781781600687276, 7.20185408898639e-6, 0.0008578902775682095, 0.001145464891886938, 1.8396705265071436e-5
0.6971504500464732, 0.1426, 0.05483311491891217, -0.005934775690093698, 3.531299718816294e-5, 0.056859361260410815, -0.003560402390570419, 1.3477681413498384e-5, 0.0013243565960215202, 0.0016753503713223307, 1.7715250135448333e-5
0.6971504500464732, 0.1449, 0.05714655343129287, -0.006297378753591531, 7.840397165636428e-6, 0.05731553971581569, -0.003949100729391391, 1.6469404061592211e-6, 0.00045947956168263443, 0.0019222517335795572, 8.346311143268586e-6
0.6971504500464732, 0.1472, 0.056006824839493874, -0.004226545673087899, -3.377440722576702e-5, 0.05738960131575328, -0.0033851216675293313, -1.5061865250793367e-5, 0.0016042990423455646, 0.0014545414629171523, 2.0576125125315034e-5
0.6971504500464732, 0.1495, 0.0576204668589875, -0.003951826518806097, 2.5528071503322193e-6, 0.057544353419007904, -0.0031563066852921336, 2.5741919548136795e-7, 0.0009622566226300758, 0.0012947524123262041, 1.536048428913051e-5
0.6971504500464732, 0.1518, 0.05783544817425069, -0.005418759233800153, 2.778078563741913e-5, 0.0583163635667232, -0.00356121327046157, 1.3920101028579246e-5, 0.0016333932002998502, 0.0016607983111687414, 2.2669975232870455e-5
0.6971504500464732, 0.1541, 0.05694709329564082, -0.005546447320759699, 5.048914986721933e-6, 0.05756498413196984, -0.0036043543705966737, -9.881451483993887e-6, 0.001665012158038567, 0.0015533119804799907, 1.3851638432373465e-5
0.6971504500464732, 0.15639999999999998, 0.05850437039068598, -0.004006242405869659, -2.234907047377075e-6, 0.058415885682880975, -0.0029234938275209017, -1.0836689685567853e-5, 0.0015940019522837682, 0.0012566321342867722, 8.67342187358722e-6
0.6971504500464732, 0.1587, 0.05769341313060384, -0.0038771648902426155, 2.989927231362677e-5, 0.058415216972393755, -0.0027629612137930392, 6.654810907303673e-6, 0.0018674391505224305, 0.0013637806698039514, 1.1992554347584785e-5
0.6971504500464732, 0.161, 0.058799915713381425, -0.004424200783983079, -5.010963255687013e-6, 0.05823847006111639, -0.0028805371965952265, -4.083608428246325e-6, 0.0015006001383773828, 0.0013764540712343147, 1.6887229086382703e-5
0.6971504500464732, 0.1633, 0.0590361927382567, -0.003560064132297051, -5.804645469988919e-6, 0.05892181046719967, -0.002383231624533581, -2.3550901793714864e-6, 0.001704614851170698, 0.001141702833371116, 1.3767504079900075e-5
0.6971504500464732, 0.1656, 0.058358026045605915, -0.002748463453295288, 7.25645464146e-6, 0.058342030723042795, -0.001814898219447573, -4.347433796533923e-7, 0.0012138664999556629, 0.0008949076863839661, 1.070070479466792e-5
0.6971504500464732, 0.1679, 0.05928006084659536, -0.003541615914790371, 2.0759869259568325e-7, 0.0584516912265288, -0.001975831873077128, -8.862261851906773e-6, 0.0009828453996449567, 0.0010611473996750543, 1.3011992053513309e-5
0.6971504500464732, 0.1702, 0.05991138937198593, -0.0039561466711813716, 1.9345926497226533e-5, 0.059132829573160406, -0.002103593489613746, 9.72108581726191e-6, 0.0005700466513718638, 0.001245329167945792, 1.6711596091100494e-5
0.6971504500464732, 0.1725, 0.05884317702491585, -0.0031103218663756835, 8.95009851094888e-6, 0.05830465608814123, -0.0015530449798029176, 5.389031415962554e-6, 0.0006028066025021921, 0.0010982826735740222, 8.83651202705286e-6
0.6971504500464732, 0.1748, 0.05959976729064328, -0.0026424650005973426, 1.1763082307387274e-5, 0.05854370439370659, -0.0013940778735936949, 4.945590696494913e-7, 0.0008786477001146031, 0.0008146858188443972, 1.1628686577518552e-5
0.6971504500464732, 0.1771, 0.06003004712515838, -0.0028389083329672365, 8.848803956625586e-7, 0.0589498982083059, -0.00169491354037838, 8.455774961111628e-6, 0.0009436284901554403, 0.0008629658412038985, 9.335719943076422e-6
0.6971504500464732, 0.1794, 0.059776724916098076, -0.0022419325887010717, -8.002333910003889e-6, 0.05874091572269336, -0.001493459756078864, -2.5968619151633517e-6, 0.0012166584950361334, 0.0008826991366077185, 1.4048993892052897e-5
0.6971504500464732, 0.1817, 0.059468265076671724, -0.0014049347925060975, 4.231316960111881e-6, 0.05850979249481473, -0.0010092282098909345, -3.243308749643631e-6, 0.000904728983136666, 0.0006410219250910469, 1.8523848177965297e-5
0.6971504500464732, 0.184, 0.06003253705770335, -0.0015686480375690457, -4.459125060219831e-6, 0.05887013531181851, -0.0012181416834203067, 4.682592479141552e-6, 0.0010059298145982112, 0.0006014008116327419, 1.4534643284178292e-5
0.6971504500464732, 0.1863, 0.0603070745060245, -0.001801875940036109, -5.191332436074781e-6, 0.05885307628247384, -0.0014360574098910568, 2.544227566976107e-6, 0.001032264938306314, 0.0007774591003909603, 9.065846744234086e-6
0.6971504500464732, 0.1886, 0.05994766147857363, -0.0011594178407557153, 1.8410309707439958e-6, 0.05893959968406921, -0.0009964332980101117, -2.5636842249248304e-6, 0.0007918132890163942, 0.0006726606946154535, 1.210992852315757e-5
0.6971504500464732, 0.1909, 0.0597908056480709, -0.0008019236715036099, 7.517588105252259e-6, 0.05897741874203097, -0.0007992943381679974, -2.005361293742417e-6, 0.0007453651852787744, 0.0005975500199953566, 8.676940025787162e-6
0.6971504500464732, 0.19319999999999998, 0.060280222814929396, -0.0012331567359023824, 6.879642932984508e-6, 0.05928029794464839, -0.001262227444791542, 3.2398226110294715e-6, 0.0007617806459498141, 0.0008706416810727834, 1.7938820382617193e-5
0.6971504500464732, 0.1955, 0.06044290259831342, -0.0007504745476384151, 5.660250654782838e-6, 0.05942797555891147, -0.0013372050832391477, 3.160372503949589e-6, 0.0006966880772508588, 0.0010978918101282682, 9.388770566191837e-6
0.6971504500464732, 0.1978, 0.06014699930053972, 0.0002393662183282857, -2.793570612368759e-6, 0.05920932530540637, -0.0008615341795625845, -8.143270151109031e-6, 0.0005745420434674534, 0.0010157265810913235, 2.0427085466215833e-5
0.6971504500464732, 0.2001, 0.060574176474136585, 0.00020427117870419796, -1.5522399323542787e-6, 0.05931071018624872, -0.0008995414661932637, -5.1978632924922905e-6, 0.0008619148790049534, 0.0009749274762582336, 1.1235310104152411e-5
0.6971504500464732, 0.2024, 0.06090129808499184, -0.00034433995380307345, -1.993564455898416e-5, 0.059354408202140066, -0.001214837545182324, -1.7902554543386484e-6, 0.0010244648857462024, 0.0009524036722442238, 1.0107852841290798e-5
0.6971504500464732, 0.2047, 0.060784983007740316, 0.00020640194935045845, -1.4875097579389505e-6, 0.05920943408685585, -0.0009130932363272904, -3.213306100970083e-6, 0.0009160431019765073, 0.001059490195569367, 1.88679127671859e-5
0.6971504500464732, 0.207, 0.060766198338280286, 0.0008755838423441871, 1.575922254719477e-5, 0.05928496691879489, -0.00032859971862005, -1.2750501586133422e-6, 0.0008899638239281251, 0.0012559247434881485, 1.5009053974101974e-5
0.6971504500464732, 0.20929999999999999, 0.061245373877271844, -0.0001422415044954197, -1.0284174550977755e-5, 0.05943330930130651, -0.0005483490604091507, -7.158058615975352e-6, 0.0011245409656900863, 0.001229892275004647, 1.2057267558821978e-5
0.6971504500464732, 0.2116, 0.06120749178895453, -0.0009531680350888836, -2.1852759695227035e-5, 0.0591922317625048, -0.0010071911361183399, -3.3563479348755114e-6, 0.0011668589189816952, 0.0010224079258305163, 1.1670139906028872e-5
0.6971504500464732, 0.2139, 0.06061518446776669, -0.00010825097760571902, 1.9498044056844498e-6, 0.05876624408493369, -0.0007518173593118731, 1.962149824388366e-6, 0.0012372702475488828, 0.0014626094450551587, 1.1040865125454852e-5
0.6971504500464732, 0.2162, 0.06076604801158031, 0.00044578867355705634, 1.2261546069659327e-5, 0.05885787878550029, -0.0004792043806198924, 6.194291588613375e-7, 0.0014029513909388197, 0.00206752333603025, 1.20339712042087e-5
0.6971504500464732, 0.2185, 0.06127682370481321, -0.0005597256496835261, -1.7112087424742086e-5, 0.058932639581551295, -0.0008386306225271888, -4.442610517160167e-6, 0.0019241833944229378, 0.0018479981644226198, 1.786615031867355e-5
0.6971504500464732, 0.2208, 0.06052496975425193, -0.0008813453563555333, 1.190360859206783e-6, 0.05840137897798006, -0.0010000199663032238, 4.1491517524249915e-6, 0.0019986287721735006, 0.0016549377899493754, 9.036963301276028e-6
0.6971504500464732, 0.2231, 0.06023127267901968, 0.0003814828424977045, 1.4153371383983763e-5, 0.058273366122328744, -0.00024406243477723306, 8.574910375314955e-6, 0.002034814014295737, 0.0014097668777819327, 1.1829343229968691e-5
0.6971504500464732, 0.2254, 0.06095095059580895, 0.0005528136404327659, -1.4455502953968248e-5, 0.058596949375915024, 0.0001396720874502773, 5.508997653494159e-7, 0.002301395219148129, 0.0006681903523492578, 1.6751574347112943e-5
0.7967433714816837, 0.0023, 0.06045055404526065, -0.000918235070651354, 3.510334186916366e-5, 0.05859004730074572, -0.00025990162842006316, 1.4998724990907505e-5, 0.0017888177103097356, 0.0005265284058809247, 1.4796561356089246e-5
0.7967433714816837, 0.0046, 0.06067398059151971, -0.0006960824605215042, -3.8373146337022056e-5, 0.058789903486547126, 0.00014434192208794477, -1.4531043817046908e-5, 0.0019098186775439077, 0.0011694413886794144, 1.935086756055991e-5
0.7967433714816837, 0.0069, 0.06060641459568774, 0.001049026605153468, 7.5077611996658025e-6, 0.05869686638596488, 0.0011518468132024162, 7.241165543436434e-6, 0.0018599114442294843, 0.001696538831963709, 1.1659976066556945e-5
0.7967433714816837, 0.0092, 0.06014934465416236, 0.00045007374178758264, 2.798506723586929e-5, 0.058389072254550305, 0.0009494459531624973, 1.1655989857505822e-5, 0.0016330553594451423, 0.0020193161800439747, 1.548262336397673e-5
0.7967433714816837, 0.0115, 0.06063968385364918, -0.00066717781347338, -2.0856954848690785e-5, 0.058800746106350554, 0.00028429255950364514, -9.547715400515812e-6, 0.0016531911493634457, 0.0020403573399912023, 6.983459939861593e-6
0.7967433714816837, 0.0138, 0.0605547731846275, 0.0007742761592037838, -2.8883232271693904e-5, 0.05910366625457284, 0.0007988188195264274, -5.364547197699038e-6, 0.0013215011442099288, 0.001849798659801087, 2.4725694317959627e-5
0.7967433714816837, 0.0161, 0.060401231357776634, 0.0017593801401775378, 7.2492460360552915e-6, 0.05903819429351573, 0.0011452790663673076, -2.0228318674828185e-6, 0.0011152039956391236, 0.0014714544619318416, 9.63294822207539e-6
0.7967433714816837, 0.0184, 0.06010657299403147, 0.00016745141939951657, 4.3017494346691046e-6, 0.05896071468628483, 0.00041506365618979415, -5.587065065111034e-7, 0.0008518019788344556, 0.001102267879152998, 1.2563286488047683e-5
0.7967433714816837, 0.0207, 0.06074316071737262, -0.0002250605132944734, -2.8812835043015388e-5, 0.059404361503663544, 0.00026660803498567407, -1.0144502929317066e-5, 0.0010283132883425546, 0.001039358145077933, 2.0484198143311484e-5
0.7967433714816837, 0.023, 0.060159877908763607, 0.001773956139845493, -3.996246728767714e-5, 0.059299510600820386, 0.0011332303870379907, -9.138378094093047e-6, 0.0008166600811980259, 0.0009210511957392339, 1.9373063761212736e-5
0.7967433714816837, 0.0253, 0.05986121499438685, 0.002154945014922533, -1.7849082821308932e-5, 0.059066257534191424, 0.0012924316584371678, -4.773434873798626e-6, 0.0007704687925947807, 0.0010143599231614423, 1.298105137970019e-5
0.7967433714816837, 0.0276, 0.05979022180715421, 0.0007223881200285627, -6.492608564637081e-7, 0.05915539991481129, 0.0008033975948087817, 1.3835513515853699e-6, 0.0006851642430812538, 0.001045919069915509, 1.0504040724745988e-5
0.7967433714816837, 0.0299, 0.060332304489079815, 0.0012301913074787532, 7.051790768819257e-6, 0.059532604449087485, 0.0011710481425546008, -2.431462823468132e-7, 0.0007703813280599875, 0.0009182316807679817, 1.42411087215777e-5
0.7967433714816837, 0.0322, 0.059599620978362355, 0.002838091615208234, -1.9081502955486076e-5, 0.059104072237052795, 0.0016983591964337425, -6.738612591058979e-6, 0.0006921375958220469, 0.0010168442587473734, 1.1107501500550955e-5
0.7967433714816837, 0.0345, 0.05944942455847011, 0.002076685110070196, 6.317223282093604e-6, 0.05903097571670893, 0.0012666280448880422, 1.1464482099234315e-5, 0.0007169991602152436, 0.001111339451326703, 1.9890279661909015e-5
0.7967433714816837, 0.0368, 0.05981195807483345, 0.0009687088587221263, 1.9562379726935195e-5, 0.05912690327275051, 0.0009099339422455304, -5.17154567968394e-6, 0.0005857138129281735, 0.0010192635518445385, 1.9086740075852645e-5
0.7967433714816837, 0.039099999999999996, 0.05993314899028147, 0.002082628498397549, -1.08341635867707e-5, 0.059002086300895276, 0.001487381792214376, -2.3456459605820315e-5, 0.0008149038995917353, 0.0008309048692919716, 2.497968743541913e-5
0.7967433714816837, 0.0414, 0.0591535294263411, 0.0029403869255470927, -7.940862165206487e-6, 0.05851601705209414, 0.0016632654905376395, 4.088509268333539e-7, 0.0008614820301812343, 0.0007923955725787496, 9.7355588885981e-6
0.7967433714816837, 0.0437, 0.05898912828144586, 0.0019489299008617722, -1.9087842200961154e-5, 0.058501512505741246, 0.0011309272134397137, -1.042563034159773e-5, 0.0006748970291243007, 0.0007989262873980263, 1.0902406550951245e-5
0.7967433714816837, 0.046, 0.05973204250527985, 0.001407620272384767, -6.136781175208361e-7, 0.058806776682705494, 0.0011862284596870405, -1.6199591201598875e-5, 0.0007704571614416043, 0.0007982748794816409, 1.646175127639684e-5
0.7967433714816837, 0.048299999999999996, 0.0595244400365402, 0.0019073664898934595, -1.661795045935636e-5, 0.05847897354945902, 0.0015307364060185055, -1.656859348734295e-5, 0.0008918484089071035, 0.0008298926969194882, 1.1633888622425096e-5
0.7967433714816837, 0.0506, 0.059032577946893615, 0.0018057390989581611, -2.0445545439384866e-5, 0.05849410692282954, 0.0013674543930925981, -8.270530287904656e-6, 0.0007834387962475599, 0.000676465642527044, 1.5032022839775552e-5
0.7967433714816837, 0.0529, 0.059033121098580124, 0.0015252640635539333, 1.902076199097546e-5, 0.058673668057269805, 0.0011653361056707051, 1.4438565361318596e-5, 0.00027781123114452224, 0.0008092804362433495, 1.3514480108187767e-5
0.7967433714816837, 0.0552, 0.05902814963021394, 0.002452334586783686, -2.6646649874171812e-5, 0.058464347270574216, 0.0016919209360451663, -4.2603496316240674e-6, 0.0004816039575341243, 0.0011431913514811179, 1.6774754662946923e-5
0.7967433714816837, 0.057499999999999996, 0.058709978442305376, 0.002594256281037353, -1.582884441789846e-5, 0.05836310397999562, 0.0019371378590705476, -1.7003875676999198e-6, 0.0006916508850059762, 0.0011889484537579947, 2.027954810621726e-5
0.7967433714816837, 0.0598, 0.05957314713656023, 0.0016911923206199004, 6.593974320355905e-5, 0.058965253677995176, 0.0015539755079014852, 2.6093791071062825e-5, 0.0009276778903894768, 0.0010149213157757187, 2.6722709207116614e-5
0.7967433714816837, 0.0621, 0.058072032157622994, 0.00241014342106963, 1.1704936893393062e-5, 0.05783069341325062, 0.0019138519614061173, 1.1184288707205096e-6, 0.0013267631588477146, 0.0010583109891953448, 8.61841357263179e-6
0.7967433714816837, 0.0644, 0.05829350982638599, 0.003994864529833632, -7.74263885914993e-6, 0.0585053602629817, 0.0028407393971834013, -5.322718932759656e-6, 0.00156555164193554, 0.0012746999932758537, 1.1924017774555758e-5
0.7967433714816837, 0.0667, 0.05920110962983483, 0.0034789343895155573, 3.2153107096869384e-6, 0.05888295039393328, 0.002815908884824214, 1.3421912736748727e-6, 0.0017291669456804461, 0.0012610543505103104, 1.329885110943573e-5
0.7967433714816837, 0.069, 0.057520640094024626, 0.0023244109412824342, -1.2493312034452298e-5, 0.05734198009046079, 0.0023490164856629844, -8.140573510294843e-7, 0.0016313168613050725, 0.0010760473899034566, 1.0600721068068155e-5
0.7967433714816837, 0.0713, 0.05837641403651849, 0.0033775246941620592, -1.044871724362072e-5, 0.058771344316908634, 0.0030460851607535928, -4.574822989149846e-6, 0.0018919070733785623, 0.0012382273104522804, 7.58055310021049e-6
0.7967433714816837, 0.0736, 0.0582861734330079, 0.004810558029609463, 2.452361484479024e-6, 0.05798596935782397, 0.003829516213729366, -6.814579425271499e-6, 0.0014702279752353063, 0.0015215252820516276, 9.780621865352788e-6
0.7967433714816837, 0.0759, 0.05532491591812435, 0.003917583476776423, 3.467823214785085e-5, 0.05652189046999036, 0.003200456649250539, 8.259920427443007e-6, 0.001665834510839365, 0.0011872690887673816, 1.919479769528305e-5
0.7967433714816837, 0.07819999999999999, 0.05903529359358021, 0.0030698916653105917, 1.5891754282916933e-5, 0.05872237554726547, 0.002719663593518886, 9.072283461877374e-6, 0.0012191864621747303, 0.0012221384160687018, 1.410522795874849e-5
0.7967433714816837, 0.0805, 0.055472402738539345, 0.004951235747750063, -3.80538162978238e-5, 0.05629092643100564, 0.0035679960733919366, -1.2998337783657275e-5, 0.0011165612158942479, 0.0013353812220782766, 2.1140643567434862e-5
0.7967433714816837, 0.0828, 0.05604931283547197, 0.0055682074310634735, -1.972080795301861e-5, 0.05745437088071784, 0.0036650363677849596, -9.261714538598547e-6, 0.0012497448597046852, 0.0014643336519135463, 1.4360816499180845e-5
0.7967433714816837, 0.0851, 0.05669845477214733, 0.0039355713198700164, 4.5764468992369027e-5, 0.05628734831450328, 0.002814841554578451, 1.6849576805524257e-5, 0.000632570251026862, 0.0010070522095529076, 1.886714390409604e-5
0.7967433714816837, 0.0874, 0.055232605133653696, 0.004298147185336186, 5.0364500129466264e-5, 0.05657015535152592, 0.0029714711468689222, 1.8725584917341068e-5, 0.0014953382440490472, 0.001162457411553445, 2.2026636008714206e-5
0.7967433714816837, 0.0897, 0.05343597185854046, 0.006148360288567821, -1.4919960337305633e-5, 0.05593814835064878, 0.003489353455773203, -1.3499432508445714e-6, 0.0013824076505867782, 0.0016494904751249832, 1.6202017875384534e-5
0.7967433714816837, 0.092, 0.053924610775711, 0.004647255661605251, -4.399807642257266e-5, 0.05525028517532625, 0.002700282351698911, -1.6127279229218513e-5, 0.0013853748221558943, 0.0013849952653107046, 1.762462535935487e-5
0.7967433714816837, 0.0943, 0.054577160664020095, 0.0027765999390084732, 9.692485796783226e-6, 0.05568191748466681, 0.0021546451125005386, -1.6399014763679505e-6, 0.001209233982406785, 0.0009112812608604499, 1.0745160105640115e-5
0.7967433714816837, 0.09659999999999999, 0.0504103430409983, 0.0039471612743168915, 2.8778048505838267e-5, 0.054079899494287535, 0.0027396695010267957, 1.9735666923015077e-5, 0.0026823241779966667, 0.0012520816713027215, 2.051589423490215e-5
0.7967433714816837, 0.0989, 0.0530091961406364, 0.004703798874602851, -1.2343347771737004e-6, 0.05497801298862806, 0.002847353582468024, 2.9540187105699845e-6, 0.0015558547456483377, 0.0013764581626919679, 9.764824743730802e-6
0.7967433714816837, 0.1012, 0.04923416799087929, 0.002351060590668074, -1.3841100028248017e-5, 0.05350525770674093, 0.0017203246460294574, -9.802325467141487e-6, 0.002432861100415969, 0.0005925849692445744, 1.4161596125998513e-5
0.7967433714816837, 0.1035, 0.05344629179095831, 0.0010290156540544106, -2.1249278971874524e-5, 0.05440912794542993, 0.001292278932368697, -6.507634999313686e-6, 0.00217259839116528, 0.00044977945346184737, 1.3072892053389987e-5
0.7967433714816837, 0.1058, 0.04953320337383472, 0.0024033014284522637, -9.761785918061895e-6, 0.053359339721584575, 0.0017459867469796961, 3.2441643464586296e-6, 0.0027958094604500572, 0.0006862405124609789, 1.2638994126544876e-5
0.7967433714816837, 0.1081, 0.04887207050501143, 0.001704860688577676, 3.677789031094035e-5, 0.05322830556661891, 0.0011206664697026197, 6.14110736857199e-6, 0.0028765404453067753, 0.0004913466615917224, 1.5304377071759255e-5
0.7967433714816837, 0.1104, 0.04982661077062511, -6.186364624252125e-5, 1.6351880912337948e-5, 0.05322436429061018, 2.246882182909684e-5, 2.228431061531551e-7, 0.0029680168119615587, 0.0006919069618059281, 1.7337226046624063e-5
0.7967433714816837, 0.1127, 0.05224300610255889, -0.0005934656165688543, -4.897909892815662e-5, 0.054897929385441635, -0.00012524612865164397, -6.208183396145391e-6, 0.0013593740807900712, 0.0005095506475111561, 2.0159081342475176e-5
0.7967433714816837, 0.11499999999999999, 0.05489857179145027, -0.0009462434524072419, -2.0697575857073142e-5, 0.05477576099414169, -0.00012429293429157376, 2.602560079080215e-7, 0.0018415666534682866, 0.0004106579230519719, 1.6888023440826057e-5
0.7967433714816837, 0.1173, 0.05114440239697262, -0.003558155840364328, 3.985305675559637e-5, 0.054283379215045995, -0.001367519085804784, 3.410528594985024e-6, 0.001658876889933029, 0.001219001020232279, 1.907883087564792e-5
0.7967433714816837, 0.1196, 0.05144686190850873, -0.005144937393697519, 2.1224693871893338e-5, 0.05408343676599662, -0.0021169782504381926, 1.1951070737015253e-6, 0.0022841088206568983, 0.0017667808100368062, 1.4677897188999557e-5
0.7967433714816837, 0.1219, 0.04962459520589349, -0.003587289090597434, -2.4722298576120603e-5, 0.05314583863261494, -0.0015266519682168866, 2.548094599705873e-7, 0.003071065805698224, 0.001247996356372178, 1.5473526554852047e-5
0.7967433714816837, 0.1242, 0.054682227241944506, -0.0031572907422098215, -4.3561452811688846e-5, 0.05429624633296602, -0.001663808210682501, -3.997491327744622e-6, 0.0018136193211589666, 0.0010459404798068958, 2.4050263244482316e-5
0.7967433714816837, 0.1265, 0.052284932560023, -0.005373092458529423, 1.3380425935618794e-5, 0.05456614489651212, -0.0028009203488841743, -8.370225538877948e-6, 0.0019076414865274568, 0.0016089726168448555, 1.1703420033355351e-5
0.7967433714816837, 0.1288, 0.053534134996885585, -0.005987313967540953, 1.3391845835201231e-5, 0.054816677366858094, -0.003050047265178446, -5.228088532912101e-6, 0.0013282242260436938, 0.0017563345004120634, 2.053233592558867e-5
0.7967433714816837, 0.1311, 0.054078025514239944, -0.004477968686198352, 1.6185153119019422e-5, 0.0552385610594992, -0.0025202425833481487, 1.623126699948225e-5, 0.0014870037108162852, 0.001308224497125216, 1.0868285673874704e-5
0.7967433714816837, 0.1334, 0.053882517219864666, -0.005219661906177206, 4.150192453819678e-6, 0.05486744247253051, -0.0031471335681011073, 6.574025327077341e-6, 0.001939721975043094, 0.0017023369769532805, 1.9570710749742854e-5
0.7967433714816837, 0.1357, 0.056590487661923525, -0.0066836021335979585, -2.990931720789754e-5, 0.05621831814722632, -0.003986090225908732, -1.8777370114038098e-5, 0.00072453961664628, 0.0021639086357932934, 1.9019489837115343e-5
0.7967433714816837, 0.138, 0.05574782681629737, -0.005743896211877221, -2.1444325278997504e-5, 0.05620694894905566, -0.003484412635472359, -1.097822838295825e-5, 0.0007760810324180018, 0.0016882611957301044, 1.2546761201766123e-5
0.7967433714816837, 0.1403, 0.055625943110415355, -0.004932746681640871, 3.510761594764307e-6, 0.05649656102838232, -0.0030506522358064755, 6.74046752720863e-6, 0.0008686699317172807, 0.0013049826678279688, 1.7081960957125137e-5
0.7967433714816837, 0.1426, 0.05840290763672305, -0.006503150969213602, 4.45972965274832e-5, 0.05705230455744985, -0.003928245962900817, 1.7367633302746485e-5, 0.0013420794552485948, 0.0018676987845094827, 1.974970944960329e-5
0.7967433714816837, 0.1449, 0.058587371834400735, -0.006733727292528404, -7.386279424711067e-6, 0.05747451873063882, -0.0042971790497835175, 5.17787927300435e-7, 0.0006189958603895565, 0.0020338277537199196, 8.361174184033357e-6
0.7967433714816837, 0.1472, 0.05679759213971035, -0.004571274812073693, -4.0518151059486555e-5, 0.05731560016874791, -0.0035333908105973765, -1.8243900976880015e-5, 0.0014999675239379365, 0.0014104322830807397, 2.1068870833235274e-5
0.7967433714816837, 0.1495, 0.059636098343430706, -0.00400787582380895, 1.2366273822900421e-5, 0.05780582153456076, -0.0032627528276067356, 1.7710260239087496e-6, 0.0011578365954297892, 0.0012359395849377184, 1.485147025390908e-5
0.7967433714816837, 0.1518, 0.05843344444610982, -0.005658258781978556, 3.2685784274913875e-5, 0.058330998676646525, -0.0038233439594011934, 1.6265811434371075e-5, 0.001512794694856081, 0.0017070193770340287, 2.2012005398330127e-5
0.7967433714816837, 0.1541, 0.05836418168935783, -0.0053585695008641545, -1.6115737927702627e-5, 0.05766488382664334, -0.003823631261880109, -1.066073728945748e-5, 0.00156718446640854, 0.0015661271858161986, 1.3012166614895836e-5
0.7967433714816837, 0.15639999999999998, 0.06030014089480517, -0.003079526756052825, -1.376223191977669e-6, 0.0586514175843715, -0.002942997943587392, -9.65413137386908e-6, 0.0016191562544385508, 0.0011647224633221634, 8.69878772321693e-6
0.7967433714816837, 0.1587, 0.05875712045391811, -0.0033083044392184205, 2.744438449092286e-5, 0.0584579549075843, -0.0028311291169712117, 9.25350760525607e-6, 0.0017331333980175612, 0.0012772521074172797, 1.331545145548571e-5
0.7967433714816837, 0.161, 0.06030942607073688, -0.004298486936171173, 4.3124661709066557e-7, 0.05849733956231895, -0.00305778091404222, -3.5192515475792007e-6, 0.0015704210580218673, 0.0013694114294768693, 1.5715810800710826e-5
0.7967433714816837, 0.1633, 0.05992807378815292, -0.0033417248363145835, -5.799858525500488e-6, 0.05904759338231883, -0.0025030432760062065, -2.7856862226376117e-6, 0.0016177703299029053, 0.0011100053243609292, 1.2804285760629814e-5
0.7967433714816837, 0.1656, 0.059060941952958836, -0.0024204381813338768, 9.242454619714169e-6, 0.0584318946267823, -0.001890590714683361, 7.749063702675529e-7, 0.0011522066075407929, 0.0008557371440256076, 1.04810893626492e-5
0.7967433714816837, 0.1679, 0.06043074218177452, -0.0030632380619148936, 1.657768561863986e-5, 0.058699072595934515, -0.0021117576466818484, -5.682268418088444e-6, 0.0011478534516744193, 0.001054977895171615, 1.5034074082350928e-5
0.7967433714816837, 0.1702, 0.060787313381111936, -0.0032747534080998313, 2.443110011693551e-5, 0.059339640049154346, -0.0022499884794245067, 1.155983760472111e-5, 0.0007878425509279599, 0.0012250499715495073, 1.6322644739668694e-5
0.7967433714816837, 0.1725, 0.05953074508247838, -0.002009397159162053, 1.6510681804557524e-5, 0.058457917212433375, -0.0016100890022228095, 6.779237714536925e-6, 0.0007066659388991751, 0.0010295334681365226, 9.07692040106482e-6
0.7967433714816837, 0.1748, 0.060207823441059224, -0.0013132157726483526, 1.2746477204369454e-5, 0.05875171927462567, -0.0013839701109755272, 2.0260488364894867e-6, 0.0010039394805174617, 0.0007547941294537708, 1.1604826088691079e-5
0.7967433714816837, 0.1771, 0.06080877410365298, -0.002147914202983844, -1.3151207547375152e-5, 0.05918225769522428, -0.001751538623204063, 5.75490214755078e-6, 0.0010932324618574834, 0.0008148460554686193, 1.1535274983502474e-5
0.7967433714816837, 0.1794, 0.06036822608727733, -0.002204735322838801, -5.823321554907755e-6, 0.05894432951826636, -0.001582369201923856, -3.000169370131402e-6, 0.0012648359016155099, 0.0008550372097161312, 1.3056767062412364e-5
0.7967433714816837, 0.1817, 0.059870095806888936, -0.0011887777600701705, 1.5864015673861598e-5, 0.058679830408824005, -0.001031671903663339, -8.548931967054772e-7, 0.0009658696422543694, 0.000596856400118028, 1.8432313720818796e-5
0.7967433714816837, 0.184, 0.06056155011043589, -0.001675082174826695, -1.8615753936549338e-5, 0.05908156216164569, -0.0012752592448461054, 1.7702991771801907e-6, 0.0011067740942386616, 0.0005797527679347461, 1.5777454347817238e-5
0.7967433714816837, 0.1863, 0.06068997698701831, -0.002849605864841439, -2.478114717697192e-5, 0.0590826888705419, -0.0016127509667598545, -8.714442760173963e-7, 0.001155474799793246, 0.0008762754171463741, 1.2797762387702683e-5
0.7967433714816837, 0.1886, 0.06035482211675739, -0.0023015683284796033, 2.869010332648516e-5, 0.05911650248815523, -0.0011595751768187982, 1.3430392190014185e-6, 0.0008875574367904009, 0.0007750843020759595, 1.5741671470454272e-5
0.7967433714816837, 0.1909, 0.060351078292139135, -0.00130476516970657, -7.998086391958168e-6, 0.05914912618579449, -0.0008624781921103189, -2.754451931019386e-6, 0.0008438422792887748, 0.0005813726767282221, 8.307994335118958e-6
0.7967433714816837, 0.19319999999999998, 0.060749534491615055, -0.0018933849281278713, -1.7944791649169642e-5, 0.059463952513019225, -0.0013411221302085832, 5.917458285045822e-7, 0.0008759225783087231, 0.00083637537869432, 1.821889543657928e-5
0.7967433714816837, 0.1955, 0.06064547661420745, -0.0025376017058962403, 1.4281740316146666e-5, 0.05958016319082347, -0.0014872546610712842, 4.550543480474223e-6, 0.0007754506412487767, 0.001101494543511943, 9.540277741763695e-6
0.7967433714816837, 0.1978, 0.060356933138774216, -0.001604642104592274, -5.29675607963941e-6, 0.05935277628457735, -0.0009544226701912957, -7.787455892175329e-6, 0.000669004551562232, 0.0009763917641664496, 1.8938565098491896e-5
0.7967433714816837, 0.2001, 0.06080928671637542, -0.0008983070979463484, -1.2533146443880563e-5, 0.05949803225251456, -0.0008993871701623993, -6.1147736864158245e-6, 0.0009578546502073194, 0.0009026075588447964, 1.0720299438554985e-5
0.7967433714816837, 0.2024, 0.06102859517946004, -0.0016136097920674344, -1.1451494329574508e-5, 0.05956368157430506, -0.0012646840760429628, -2.997910313743131e-6, 0.0011180154032551994, 0.0008929548397796076, 9.961957846126186e-6
0.7967433714816837, 0.2047, 0.06091677772551818, -0.0017091207855170277, -1.4788728106879975e-5, 0.05942285204168864, -0.0010125966799760075, -4.66023385170882e-6, 0.001040978543829458, 0.001020473925174761, 1.794129469937544e-5
0.7967433714816837, 0.207, 0.06058445412004352, -0.0006500929992875849, -8.627212775361972e-6, 0.059447402818950966, -0.00036878637870349187, -2.194070485706921e-6, 0.0009433827628227429, 0.001168302795643548, 1.4136718731401287e-5
0.7967433714816837, 0.20929999999999999, 0.061280253520181065, -0.00029618307678459544, -1.5385238681810052e-6, 0.05966417732866583, -0.0005168283124560813, -6.455616772501059e-6, 0.0012289575652485217, 0.0011421439283571557, 1.1338291508638736e-5
0.7967433714816837, 0.2116, 0.06119352827929693, -0.000891633277057753, -2.3329668171821603e-5, 0.05944239382710382, -0.0009927464037357665, -5.853012964493773e-6, 0.0012913944678110863, 0.0009474471125268444, 1.2907471942828727e-5
0.7967433714816837, 0.2139, 0.06079705916365015, -0.0009033476628418444, -1.0004021016734547e-5, 0.05902009596977324, -0.0007707586472531196, 4.6637846924800196e-7, 0.001351914496517937, 0.0013551726082134468, 1.1062774163414525e-5
0.7967433714816837, 0.2162, 0.06108833723646931, -0.00043368088618351826, 9.00643772671949e-6, 0.05913668609187142, -0.0004735139438153456, 1.6678052298436064e-6, 0.00151952588568346, 0.0019142223266215674, 1.152914289522739e-5
0.7967433714816837, 0.2185, 0.06167753343282028, -0.0002684735327906443, -6.04519929764576e-6, 0.059275751312959916, -0.0007673609863101207, -4.642934114720866e-6, 0.0020286352690956117, 0.0017227481166049359, 1.6550542579392784e-5
0.7967433714816837, 0.2208, 0.06124775726541479, -0.0002131716443340413, -2.5403069231386226e-5, 0.0587571762639094, -0.000901663926057076, 4.5512412944858935e-7, 0.0021063250834278333, 0.001557225257958969, 1.3385318602820934e-5
0.7967433714816837, 0.2231, 0.06095979506919352, -1.8544290421303008e-5, 8.164542497460527e-6, 0.05860916974068684, -0.0002158726667327418, 8.52361439058315e-6, 0.0021097595110878622, 0.0013076236367330425, 1.0952804722895767e-5
0.7967433714816837, 0.2254, 0.061694908822235654, 4.847185386338453e-5, 4.628092045494322e-6, 0.0589841943067051, 0.0001282720582519157, 1.0605488003675291e-6, 0.0023957165157831623, 0.0006194638095178151, 1.5575791740569857e-5
0.8963362929168941, 0.0023, 0.05875748087492058, 0.0003129361969904249, 2.914080346062294e-5, 0.058608651031209595, -0.00019625298115223113, 1.657006704309811e-5, 0.0016742162613332234, 0.0005282409437139396, 1.4621661741190454e-5
0.8963362929168941, 0.0046, 0.058975201082744726, 0.0012565037601901452, -4.2129656972701714e-5, 0.05881049210834686, 0.0002679154596548559, -1.7597556389897443e-5, 0.0017875392249086808, 0.001155022852173536, 2.0304693057593663e-5
0.8963362929168941, 0.0069, 0.05908396047161854, 0.0019507631946418867, 1.530245850092997e-5, 0.058739876839926396, 0.001240615300029024, 8.136864760935716e-6, 0.0017445660922357207, 0.001609155712041895, 1.1233038566329908e-5
0.8963362929168941, 0.0092, 0.05892059628784518, 0.0016275666634939497, 2.98610577370386e-5, 0.058448130480471955, 0.0010247926987548808, 1.3678775177453907e-5, 0.0015378237700000143, 0.0019023741204758427, 1.570263089444857e-5
0.8963362929168941, 0.0115, 0.059296665807557936, 0.001471141382058799, -2.2061315550324668e-5, 0.058855848295373596, 0.00041616465089866223, -1.093811541716124e-5, 0.0015552289591594245, 0.0019491505975421806, 7.750582784332008e-6
0.8963362929168941, 0.0138, 0.05920602751856773, 0.0021879206582464646, -1.5249466883259146e-5, 0.05911503972835005, 0.0009531634682730982, -6.462871607205717e-6, 0.0012366219381975561, 0.0017912108005333316, 2.3362294689171632e-5
0.8963362929168941, 0.0161, 0.05916644035291442, 0.00209224349501351, 7.65056458170181e-6, 0.05905244385567114, 0.0012504973362168856, -9.480100397956377e-7, 0.0010440533550053232, 0.0014121504569761616, 9.570353058769178e-6
0.8963362929168941, 0.0184, 0.05915379674342217, 0.0009136390194976629, -9.335892601880683e-6, 0.05898216824818898, 0.00047046091877955734, -1.5339494059966124e-6, 0.0007993829386585531, 0.0010443849281073741, 1.21105959752251e-5
0.8963362929168941, 0.0207, 0.05963632766429724, 0.001026000726492194, -2.9040690917909714e-5, 0.05943013552151173, 0.0003509850007086207, -1.2244079372494027e-5, 0.0009650017572903646, 0.0010046429393689399, 2.0169929797704616e-5
0.8963362929168941, 0.023, 0.05905712111689517, 0.0019741668914406065, -2.401472463309758e-5, 0.059272578435939804, 0.0012266677764160591, -1.0791305487315773e-5, 0.0007681764450573599, 0.0009060178274350828, 1.878804594055505e-5
0.8963362929168941, 0.0253, 0.05903282973170746, 0.0012946877713521704, -5.876703705776752e-6, 0.059062543333915425, 0.0012926823376499458, -4.8960202995739735e-6, 0.0007207936930012385, 0.0009488471228613099, 1.2148229407474445e-5
0.8963362929168941, 0.0276, 0.05926857770047334, 0.00044293181143841503, -8.977576444283902e-6, 0.059167975224329296, 0.0007633458411009632, 2.323149298221176e-7, 0.0006420218303786344, 0.000985718342117541, 1.0414946965437716e-5
0.8963362929168941, 0.0299, 0.05961675551416767, 0.001526156471376141, -4.732589674002092e-6, 0.05954195456742973, 0.0012105046235347718, -7.419733258640664e-7, 0.000721171470049018, 0.000867045020251135, 1.3405129100139966e-5
0.8963362929168941, 0.0322, 0.058901396218323986, 0.00238037211848791, -2.242083594926636e-5, 0.05908155267941626, 0.0017741384099953168, -8.48108185308202e-6, 0.0006509507042717133, 0.0009779612050593593, 1.1631006321402509e-5
0.8963362929168941, 0.0345, 0.05898052318168215, 0.0011733267686050337, 1.1549353936217607e-5, 0.05902536987948373, 0.0012562612364121523, 1.1473912303343569e-5, 0.0006709021165413422, 0.0010400279758388843, 1.860567446396605e-5
0.8963362929168941, 0.0368, 0.05967342543958757, 0.0007118124973634032, 8.615233780667088e-6, 0.05918762795795463, 0.0008879204483697385, -3.6396812952004924e-6, 0.000577378102599375, 0.000955718190586261, 1.8435974813250427e-5
0.8963362929168941, 0.039099999999999996, 0.059851852318174074, 0.0021672705319171546, -3.0891022938379236e-5, 0.05909650474725959, 0.0015629249855146847, -2.4282522198326863e-5, 0.0008131994878246309, 0.0008096070068697159, 2.349740626080844e-5
0.8963362929168941, 0.0414, 0.05884514423082405, 0.002520481612374305, -4.059205941523457e-6, 0.05855258673861968, 0.001758511726297269, -8.759983631740289e-8, 0.0008132763706377577, 0.0007943871910784528, 9.227764558997374e-6
0.8963362929168941, 0.0437, 0.05897335231918269, 0.001578454790527661, 1.0221860575738341e-7, 0.05855393915167918, 0.001180652499782819, -9.255869347447161e-6, 0.0006506052787746372, 0.0007620703694710737, 1.0785162357510973e-5
0.8963362929168941, 0.046, 0.060039906175469365, 0.002074182604411602, -1.737212881750437e-5, 0.05894379107079037, 0.0012848900313231029, -1.6329873158921708e-5, 0.0008296747500044979, 0.0008032399310102061, 1.540351773770666e-5
0.8963362929168941, 0.048299999999999996, 0.05971939982966041, 0.0032713119431749004, -2.1358330277236185e-5, 0.058616798691703616, 0.0017241336879247715, -1.7100786463997756e-5, 0.0009310914643170464, 0.0009691512937559594, 1.0999000327244492e-5
0.8963362929168941, 0.0506, 0.058976470544862575, 0.00288175826746084, -2.0238127830110573e-5, 0.05854770288083321, 0.0015357103791335139, -9.600263348149758e-6, 0.0007502713139002305, 0.0008094416201166043, 1.4616094106401044e-5
0.8963362929168941, 0.0529, 0.059225612928767706, 0.002568771246413937, 1.9173981111057164e-5, 0.058734995265214016, 0.0013212733435310643, 1.4964722666845103e-5, 0.0003184037264847468, 0.0008898964944245548, 1.2739803750910284e-5
0.8963362929168941, 0.0552, 0.05950082205546789, 0.003723144184217425, -1.5283656199656898e-5, 0.0585795111355624, 0.001917612408064306, -5.485161472516604e-6, 0.000567727062605455, 0.0012656837767460196, 1.6115825177821866e-5
0.8963362929168941, 0.057499999999999996, 0.058992593472319395, 0.004014010242018061, -8.927581883088923e-6, 0.05843304725692048, 0.002167901457175827, -2.5034091582986977e-6, 0.0006801557808849754, 0.0013100248724265847, 1.9122137839243882e-5
0.8963362929168941, 0.0598, 0.05978461903993717, 0.003168025288733859, 5.331043049518997e-5, 0.05905629427376651, 0.0017333143724384155, 2.9117862118188063e-5, 0.0009097299024894029, 0.001091223612539834, 2.6592204501124966e-5
0.8963362929168941, 0.0621, 0.05856947345257014, 0.0035652104488857164, 9.948698833009797e-7, 0.05791278008428612, 0.0020973362377927395, 1.1047000943405618e-6, 0.0012652695024267903, 0.0011327037115902272, 8.061892907935232e-6
0.8963362929168941, 0.0644, 0.05827881818453472, 0.004867134965140919, -1.3065442587112507e-5, 0.058480188920932034, 0.003065894460289792, -6.183021561021084e-6, 0.001466385119525704, 0.0013704035120110662, 1.1448602989521173e-5
0.8963362929168941, 0.0667, 0.059001936197160085, 0.004415667315018999, -2.3864151291097045e-5, 0.058896171038736254, 0.0029936598215125234, -1.4585134557442293e-6, 0.001617973765028553, 0.0012945402176122228, 1.5011579982120043e-5
0.8963362929168941, 0.069, 0.05838278227186335, 0.0031787883428688636, -1.0928182252998276e-5, 0.0574576247772833, 0.00244121335868586, -1.9378490068037945e-6, 0.0015648989125638228, 0.0010438609139679733, 1.047351638361743e-5
0.8963362929168941, 0.0713, 0.058265187267066094, 0.004388176731899167, -1.508702005979635e-5, 0.058715104644703905, 0.003195206446436434, -5.7428448858883465e-6, 0.0017777413856012953, 0.0012416482730223906, 7.909498309205045e-6
0.8963362929168941, 0.0736, 0.05790589123773095, 0.005809771609620232, -3.41022757754392e-5, 0.05797707178892474, 0.0040495445910505735, -9.846545686401244e-6, 0.001375531356370982, 0.0015688759247854595, 1.2901099497389812e-5
0.8963362929168941, 0.0759, 0.05640184644316371, 0.005028833922853172, 2.587803151886999e-5, 0.056508552244787395, 0.003403609679650832, 1.021748832649045e-5, 0.001558759190696107, 0.0012668256734243715, 1.889110571027851e-5
0.8963362929168941, 0.07819999999999999, 0.05841292338067206, 0.00458960749499454, 1.9803153900143128e-5, 0.05868799197319954, 0.002927435138127292, 1.0264602399462458e-5, 0.0011450998853140702, 0.001302090877115617, 1.3670493547694018e-5
0.8963362929168941, 0.0805, 0.05514399049567301, 0.00598942328280132, -4.679436784641698e-5, 0.05616348910485757, 0.0038370435411040904, -1.675345223507502e-5, 0.0011122197530597365, 0.0014872177013420947, 2.2758930555473756e-5
0.8963362929168941, 0.0828, 0.05772767905769087, 0.0063218618077277855, -4.365772208083286e-5, 0.05748473845593706, 0.003960239194445273, -1.308349315440236e-5, 0.001172573726545907, 0.0016311165787351958, 1.766091292378991e-5
0.8963362929168941, 0.0851, 0.05545676354702444, 0.005475995053124811, 1.0334034463350577e-5, 0.05619506111811674, 0.0031105252766391576, 1.6125627656393848e-5, 0.0006532834926168352, 0.001293926062452866, 1.778172940254616e-5
0.8963362929168941, 0.0874, 0.05359451141016995, 0.005448420211574954, 4.2105229571787325e-5, 0.05623952824693081, 0.003246687709614037, 2.132332321227954e-5, 0.001714747925130025, 0.0013653172661140759, 2.202862468173503e-5
0.8963362929168941, 0.0897, 0.05651749951469838, 0.006596788171242845, -1.940127583713323e-5, 0.056002520702209846, 0.0038346239797142747, -3.3556468715433115e-6, 0.0013074646248217435, 0.001858392339203408, 1.630637401315054e-5
0.8963362929168941, 0.092, 0.052151515856831816, 0.005913757591493603, -5.0486593971717145e-5, 0.05490597747327131, 0.003057335156120543, -1.9944980867273916e-5, 0.0016571920879547136, 0.0016810162835691415, 2.0074177538577045e-5
0.8963362929168941, 0.0943, 0.05321280485341316, 0.004463701879347502, 6.154840387096149e-7, 0.05540757163674974, 0.0024112069754835346, -1.3893030858037765e-6, 0.0013988769672867898, 0.0011484969526218758, 1.0079253616416252e-5
0.8963362929168941, 0.09659999999999999, 0.05204966138864833, 0.005353524991944268, 1.3227698860650054e-5, 0.053854317482549846, 0.003030097888906515, 1.9012559360530076e-5, 0.002598747836470271, 0.0014597543574308665, 1.9313082033890575e-5
0.8963362929168941, 0.0989, 0.05102462397503802, 0.005668330752553824, -3.5770796948843734e-6, 0.05453874754267361, 0.003160795490255335, 2.228341109963945e-6, 0.0019633353455148577, 0.0015943713198161597, 9.390010586335738e-6
0.8963362929168941, 0.1012, 0.04869521337781831, 0.003915431902702286, -2.5639967894438035e-5, 0.05297080833686064, 0.0019642254523264385, -1.1562063514618881e-5, 0.002783825902039585, 0.0009179601066297084, 1.4260156247147682e-5
0.8963362929168941, 0.1035, 0.05167539745562081, 0.0024256045514812535, -1.8625292092561247e-5, 0.054105380113228914, 0.001418204001158981, -7.854041343007859e-6, 0.002227223722088455, 0.0005654449298653435, 1.2878401829835017e-5
0.8963362929168941, 0.1058, 0.046727532891432985, 0.002988643301919961, -2.1410365689419146e-6, 0.05262247229601218, 0.0018840596975286145, 2.6458086891919023e-6, 0.0034243603997792843, 0.0007639617417674952, 1.1958194529180785e-5
0.8963362929168941, 0.1081, 0.04808172283129244, 0.0022597524556413778, 1.9249032242149124e-5, 0.05265646304047152, 0.0012472315792513705, 7.597543465636116e-6, 0.0031911140984295125, 0.0005961647353885922, 1.4967859493052072e-5
0.8963362929168941, 0.1104, 0.0462406418566989, -0.00019899648912294213, 2.988404890152516e-6, 0.052448395131286706, -2.138434943351936e-6, 5.301277488197507e-7, 0.0036231390461264777, 0.0006514161435625145, 1.624366940633615e-5
0.8963362929168941, 0.1127, 0.04927749241424424, -0.0013237776454534116, -5.642255676715725e-5, 0.054273436388641925, -0.00025841629718517374, -1.1787558215146708e-5, 0.0022642513514515824, 0.0006219286724913856, 2.5214178567605932e-5
0.8963362929168941, 0.11499999999999999, 0.0502723510754723, -0.002327757073311788, -2.9868081785361912e-5, 0.05427538211428954, -0.00036912228307159757, -3.0873370802330826e-6, 0.0022849196883893883, 0.0008288743142124408, 1.871929710551614e-5
0.8963362929168941, 0.1173, 0.049783111785114874, -0.0053715336264403245, 3.4636049014065395e-5, 0.0537833495006092, -0.001812409590319844, 6.880030863771732e-6, 0.0021582761423963558, 0.001755439005058393, 2.0660072073250964e-5
0.8963362929168941, 0.1196, 0.051026299773515346, -0.007016641197260643, -5.969658125790585e-6, 0.053743754877943146, -0.002661385244529576, 3.9902205153573517e-7, 0.002367163499247882, 0.002323518001612117, 1.3936080687091918e-5
0.8963362929168941, 0.1219, 0.05168586073427098, -0.005680687052160864, -3.2278170002492544e-5, 0.05298361886613228, -0.0019882114219884396, -3.359966035858649e-6, 0.0029136492254219584, 0.0018111162874375304, 1.8085925135460312e-5
0.8963362929168941, 0.1242, 0.05240935787082886, -0.005418278165719686, -2.929111444780632e-5, 0.05408659205939523, -0.002080971539019966, -6.807893896640366e-6, 0.00180932512049644, 0.0015885432741894912, 2.402495640487381e-5
0.8963362929168941, 0.1265, 0.05302482250487992, -0.007652065670012976, 1.429751653477481e-5, 0.05439488685299743, -0.0033399364956762634, -5.851587530694308e-6, 0.0018569256563462392, 0.0022090811279942457, 1.3301902952732204e-5
0.8963362929168941, 0.1288, 0.05467940200543661, -0.007645428047067686, 2.159239426207967e-5, 0.054801424548922374, -0.0035606451298328063, -2.2480348890241266e-6, 0.0012432823417924909, 0.0022462220798880974, 2.1185046465021424e-5
0.8963362929168941, 0.1311, 0.05413430412094491, -0.006634273155861743, 1.6647266799685262e-5, 0.05511586584410428, -0.002977357091405215, 1.627748919950481e-5, 0.0014388431375278485, 0.0018379616370601947, 1.0167295989042796e-5
0.8963362929168941, 0.1334, 0.05484560038305524, -0.007411739702084705, -9.248124832546772e-6, 0.054865015573699924, -0.0036209786940992845, 4.816008642674662e-6, 0.0018144583713737693, 0.002134588980601345, 1.9051292168973257e-5
0.8963362929168941, 0.1357, 0.05796186381963928, -0.008166161719098607, -1.1836917181877554e-5, 0.05641204544416109, -0.0044505426140409405, -1.800620867713137e-5, 0.0008928103601983921, 0.002457362854490276, 1.7940891257461697e-5
0.8963362929168941, 0.138, 0.05681906941237471, -0.006814998331830737, -2.5500747972637037e-5, 0.05627496233386889, -0.003854477712845512, -1.2591841670700338e-5, 0.0007540864886688314, 0.0019304095641347245, 1.2695562025911897e-5
0.8963362929168941, 0.1403, 0.05636423310505663, -0.005532790151093245, 3.4060988981086183e-7, 0.05648185792579057, -0.0033264453375050056, 6.029372234164434e-6, 0.0008137626496825728, 0.0014746741360095249, 1.612048774123353e-5
0.8963362929168941, 0.1426, 0.05894162767104325, -0.006787151526551661, 6.769172259277486e-7, 0.057262229347849115, -0.0042459021366397995, 1.551310929421107e-5, 0.0014045091188001969, 0.0019900779905273414, 1.9293729009963036e-5
0.8963362929168941, 0.1449, 0.059133280734682485, -0.007035177889231249, -4.893414973643729e-5, 0.057658825619977004, -0.004601401143055487, -4.976871813114867e-6, 0.000800613924372817, 0.002110061172961403, 1.8245332293089223e-5
0.8963362929168941, 0.1472, 0.05829437630085063, -0.005234688902716148, -2.864738174115509e-5, 0.05742435307231488, -0.0037224239319439065, -1.939984328402169e-5, 0.0014405240357481576, 0.0014360557129533354, 2.0010896455957894e-5
0.8963362929168941, 0.1495, 0.059792387426122764, -0.005279031062647723, 2.0832186188167236e-5, 0.058026551078067645, -0.0034867837426112895, 3.888932708826359e-6, 0.0012694511280048277, 0.0013372778257766849, 1.5276293927162805e-5
0.8963362929168941, 0.1518, 0.05899941207075412, -0.0069756123248912155, 2.6824633730401367e-5, 0.05840526683154737, -0.004173596000011196, 1.7439013911707774e-5, 0.0014325226506683923, 0.001911482196343109, 2.088899160860957e-5
0.8963362929168941, 0.1541, 0.05950700193511174, -0.006451200240614845, -2.6013622535141618e-5, 0.05786956361647316, -0.004115583370628412, -1.2366613427866828e-5, 0.0015893719215672006, 0.0017068346056682614, 1.320386460883453e-5
0.8963362929168941, 0.15639999999999998, 0.060072649347110686, -0.004042039728242947, -1.673614322144676e-5, 0.05880933222467585, -0.003065113697438009, -1.0441021579155489e-5, 0.0015869442040770132, 0.001149441790845836, 8.472488425986316e-6
0.8963362929168941, 0.1587, 0.05988622578272577, -0.003719854817220814, 1.1675223994712758e-5, 0.058616651671488905, -0.0029298764169989455, 9.522587204084591e-6, 0.0016896580776217904, 0.0012309389062943182, 1.2481595491163116e-5
0.8963362929168941, 0.161, 0.06132918958758666, -0.004868177001894426, -4.844269733999872e-6, 0.058811989565126475, -0.003258936034914687, -3.666475790514831e-6, 0.0017461346255213755, 0.0014159968747010354, 1.4707428234828938e-5
0.8963362929168941, 0.1633, 0.05988173454367622, -0.0045024728130575445, -4.701712918563712e-6, 0.059140275733580765, -0.0027252021134563553, -2.9985780777405117e-6, 0.0015386173661420333, 0.0012338106759591297, 1.1994328809383474e-5
0.8963362929168941, 0.1656, 0.059486665992990496, -0.003542877029039021, -1.1455415672232208e-5, 0.058549091445249876, -0.002074178082945101, -5.840183011213093e-7, 0.001133687966983588, 0.0009716425259705399, 1.0617987865501749e-5
0.8963362929168941, 0.1679, 0.061008257071589106, -0.0037879006960118465, -1.393026598338131e-5, 0.058955648648785025, -0.0022979957632740704, -6.598712592009874e-6, 0.0013211181026966889, 0.0011340272435151205, 1.4329315750922817e-5
0.8963362929168941, 0.1702, 0.06157715261269531, -0.003610411987653964, 1.5313497137765084e-5, 0.05958825255621445, -0.0024011466470055575, 1.1976910886170441e-5, 0.001048514428809397, 0.0012323932523072402, 1.5319617847196616e-5
0.8963362929168941, 0.1725, 0.06021809638834034, -0.0027006875628108264, 1.9522523783517387e-5, 0.05865349267642304, -0.0017312666200659224, 8.195158388868087e-6, 0.000883856614266798, 0.0010293701483707152, 9.49395363772881e-6
0.8963362929168941, 0.1748, 0.06021147113400997, -0.0030181900649086466, 1.2207151985638852e-5, 0.058913913925668374, -0.0015655501058569848, 3.1572825197283052e-6, 0.001057672734788853, 0.0008917631728749473, 1.1373442609650609e-5
0.8963362929168941, 0.1771, 0.06085659860686266, -0.0036397454348548893, -1.1609385168402764e-5, 0.05936829557429522, -0.0019613393800541547, 3.825536890222608e-6, 0.0011650121869510614, 0.0009884961054665389, 1.2244664164139244e-5
0.8963362929168941, 0.1794, 0.060929195640529274, -0.002689713356701443, -7.5527924198353876e-6, 0.059164870198517794, -0.001705407441343588, -3.506016375654067e-6, 0.0013555727020619262, 0.0008808792349038655, 1.2307404319912488e-5
0.8963362929168941, 0.1817, 0.06052028968121908, -0.0013803245805032712, 1.905483982484458e-5, 0.058884325883534566, -0.001070411089978887, 1.3572993612445293e-6, 0.0010920882462941814, 0.0005702757123305681, 1.8474998746573535e-5
0.8963362929168941, 0.184, 0.06071612187420035, -0.0019289165507143584, -1.6491647857095653e-5, 0.05926317990748509, -0.0013478878343870225, -2.5880604885045865e-7, 0.0011699125326930088, 0.0005844427440779179, 1.5964569197132097e-5
0.8963362929168941, 0.1863, 0.06058304367202629, -0.002574165676139189, -6.081606315887831e-6, 0.05924939495959572, -0.0017195748233575583, -1.4503511693363334e-6, 0.001190945020765515, 0.000880101305477859, 1.209653175855687e-5
0.8963362929168941, 0.1886, 0.06033184177846462, -0.00123561552433992, 2.9730789082182643e-5, 0.0592515401870785, -0.0011680241043211452, 4.497233648243777e-6, 0.0009237992473076162, 0.000725467900938742, 1.7503304704410007e-5
0.8963362929168941, 0.1909, 0.06053426504627675, -0.0003317388232322292, -1.7547212443905105e-5, 0.05930303050362585, -0.0008035071511238646, -4.398091988006688e-6, 0.0009144615463211666, 0.0005718768824367754, 9.203743660637317e-6
0.8963362929168941, 0.19319999999999998, 0.06063569816263707, -0.001696045751464919, -1.0155692698994814e-5, 0.059594146474087874, -0.0013805580881259538, -6.024140078842395e-7, 0.0009076836041709863, 0.0007912522071482989, 1.7414686086647692e-5
0.8963362929168941, 0.1955, 0.06017394155432408, -0.0023656073913651127, 2.699343098635905e-5, 0.05964613856454576, -0.0015848494088817097, 7.04419764779476e-6, 0.0007518862841724536, 0.0010711449780094597, 1.1644938253249715e-5
0.8963362929168941, 0.1978, 0.06009494212783474, -0.0011412102142022863, -1.3079823676320076e-5, 0.059435239156050396, -0.0009751768417480724, -8.375496757080302e-6, 0.0006729207459306238, 0.0009154506476176834, 1.780302560016898e-5
0.8963362929168941, 0.2001, 0.06032106705109458, -0.0011982021664092449, -1.3928623902337748e-5, 0.05958948056346789, -0.0009325888364120488, -6.982979265962705e-6, 0.0009370512161799242, 0.0008501670485258003, 1.0360658565021533e-5
0.8963362929168941, 0.2024, 0.06032293288222297, -0.0024787230127965056, -2.8210379384699736e-6, 0.059648042830740385, -0.001399577291237801, -2.978257827601669e-6, 0.0010759949028515505, 0.0009281502670368116, 9.318744797122601e-6
0.8963362929168941, 0.2047, 0.06019271456771169, -0.0018169886314469298, -2.2269465451639592e-5, 0.05950839232235786, -0.0011019735634727767, -6.616815140590017e-6, 0.0010069935670980574, 0.000991509051243982, 1.7779417639889323e-5
0.8963362929168941, 0.207, 0.0600197099198481, -0.0005363475083665184, 5.239707824366749e-6, 0.059510992496828424, -0.0003874042819993837, -1.3680951179209576e-6, 0.0009028385690339213, 0.0010942735633415349, 1.3453850088473203e-5
0.8963362929168941, 0.20929999999999999, 0.060326948638157435, -0.0013786116462179137, 2.0278999073856887e-6, 0.059737818585276006, -0.000612582016207396, -5.513003808069198e-6, 0.0011706203150936743, 0.0011063227851701226, 1.0976516767601907e-5
0.8963362929168941, 0.2116, 0.060336412459036155, -0.0024294006833294217, -2.724077309881279e-5, 0.05954172923065185, -0.0011523746570239503, -8.229430757195886e-6, 0.0012442045306696593, 0.0010073627154042145, 1.4021545267544073e-5
0.8963362929168941, 0.2139, 0.05988706989331858, -0.001209899068094235, -2.1339104901647343e-5, 0.059116426405722726, -0.0008195520273465768, -1.9564530164070362e-6, 0.0012972007096707834, 0.001276071449317801, 1.2645863447697258e-5
0.8963362929168941, 0.2162, 0.05976493401009215, -0.00042522143232073524, 2.9780456457896443e-5, 0.05920649141611817, -0.0004681481092048333, 4.7914331440717e-6, 0.0014367303512639673, 0.0017906633843073447, 1.4287038042580945e-5
0.8963362929168941, 0.2185, 0.06023263043157846, -0.0016705921203502686, -1.9077529507867928e-6, 0.05938207121502864, -0.0008677200012034705, -4.339025096505969e-6, 0.0019242339299899143, 0.0016393675078947047, 1.5508437975354834e-5
0.8963362929168941, 0.2208, 0.0597097644154941, -0.0018916114066429574, -2.451383285421846e-5, 0.05886301939186326, -0.0010116580905666184, -2.319204424292194e-6, 0.001995709046193387, 0.0014935595525648036, 1.5034726474184988e-5
0.8963362929168941, 0.2231, 0.05939587758662213, -0.0002007091568961417, 2.8583708921640626e-6, 0.05869658172356854, -0.0002141878323064529, 7.894142890758808e-6, 0.001990845859944782, 0.0012231803531893716, 1.0417991611029056e-5
0.8963362929168941, 0.2254, 0.059806318709446034, 0.00042434676516681433, 4.2971772494298025e-7, 0.059075541462565204, 0.00016116924790912667, 9.904564586536904e-7, 0.0022576811437734646, 0.0005877997198669084, 1.4571336374187029e-5
