t_phys, y_phys, u, v, w, mean_u, mean_v, mean_w, std_u, std_v, std_w
0.09898004191868608, 0.00153, 0.030036113507692648, 1.2143064331837674e-16, 0.0, 0.030036113507692648, 1.2143064331837674e-16, 0.0, 0.0, 0.0, 0.0
0.09898004191868608, 0.00306, 0.06491100340398785, 3.5388358909926934e-16, 0.0, 0.06491100340398785, 3.5388358909926934e-16, 0.0, 0.0, 0.0, 0.0
0.09898004191868608, 0.0045899999999999995, 0.05338112228635244, 1.0408340855860859e-16, 0.0, 0.05338112228635244, 1.0408340855860859e-16, 0.0, 0.0, 0.0, 0.0
0.09898004191868608, 0.00612, 0.062140699216962296, -4.996003610813215e-16, 0.0, 0.062140699216962296, -4.996003610813215e-16, 0.0, 0.0, 0.0, 0.0
0.09898004191868608, 0.00765, 0.0530650307420619, -6.175615574477441e-16, 0.0, 0.0530650307420619, -6.175615574477441e-16, 0.0, 0.0, 0.0, 0.0
0.09898004191868608, 0.009179999999999999, 0.06210355888850389, -3.1225022567582567e-16, 0.0, 0.06210355888850389, -3.1225022567582567e-16, 0.0, 0.0, 0.0, 0.0
0.09898004191868608, 0.010709999999999999, 0.05467319116403376, -5.134781488891359e-16, 0.0, 0.05467319116403376, -5.134781488891359e-16, 0.0, 0.0, 0.0, 0.0
0.09898004191868608, 0.01224, 0.0583927455502969, -5.342948306008574e-16, 0.0, 0.0583927455502969, -5.342948306008574e-16, 0.0, 0.0, 0.0, 0.0
0.09898004191868608, 0.01377, 0.05991627788703995, -3.5388358909926934e-16, 0.0, 0.05991627788703995, -3.5388358909926934e-16, 0.0, 0.0, 0.0, 0.0
0.09898004191868608, 0.0153, 0.0539077478721728, -4.2327252813834157e-16, 0.0, 0.0539077478721728, -4.2327252813834157e-16, 0.0, 0.0, 0.0, 0.0
0.09898004191868608, 0.016829999999999998, 0.06024725297072965, -6.453171330633737e-16, 0.0, 0.06024725297072965, -6.453171330633737e-16, 0.0, 0.0, 0.0, 0.0
0.09898004191868608, 0.018359999999999998, 0.05899949714033486, -4.926614671774139e-16, 0.0, 0.05899949714033486, -4.926614671774139e-16, 0.0, 0.0, 0.0, 0.0
0.09898004191868608, 0.019889999999999998, 0.05481389167407301, -1.526556658859592e-16, 0.0, 0.05481389167407301, -1.526556658859592e-16, 0.0, 0.0, 0.0, 0.0
0.09898004191868608, 0.021419999999999998, 0.05698034865140654, -2.0816681711721707e-16, 0.0, 0.05698034865140654, -2.0816681711721707e-16, 0.0, 0.0, 0.0, 0.0
0.09898004191868608, 0.022949999999999998, 0.05884198718647866, -1.526556658859592e-16, 0.0, 0.05884198718647866, -1.526556658859592e-16, 0.0, 0.0, 0.0, 0.0
0.09898004191868608, 0.02448, 0.05841774115000162, -1.8041124150158806e-16, 0.0, 0.05841774115000162, -1.8041124150158806e-16, 0.0, 0.0, 0.0, 0.0
0.09898004191868608, 0.02601, 0.05787901283839016, -1.7347234759768083e-16, 0.0, 0.05787901283839016, -1.7347234759768083e-16, 0.0, 0.0, 0.0, 0.0
0.09898004191868608, 0.02754, 0.05774563313690417, -1.3877787807814463e-17, 0.0, 0.05774563313690417, -1.3877787807814463e-17, 0.0, 0.0, 0.0, 0.0
0.09898004191868608, 0.02907, 0.057735026918962526, 0.0, 0.0, 0.057735026918962526, 0.0, 0.0, 0.0, 0.0, 0.0
0.09898004191868608, 0.0306, 0.057735026918962526, 0.0, 0.0, 0.057735026918962526, 0.0, 0.0, 0.0, 0.0, 0.0
0.09898004191868608, 0.03213, 0.057735026918962526, 0.0, 0.0, 0.057735026918962526, 0.0, 0.0, 0.0, 0.0, 0.0
0.09898004191868608, 0.033659999999999995, 0.057735026918962526, 0.0, 0.0, 0.057735026918962526, 0.0, 0.0, 0.0, 0.0, 0.0
0.09898004191868608, 0.03519, 0.057735026918962526, 0.0, 0.0, 0.057735026918962526, 0.0, 0.0, 0.0, 0.0, 0.0
0.09898004191868608, 0.036719999999999996, 0.057735026918962526, 0.0, 0.0, 0.057735026918962526, 0.0, 0.0, 0.0, 0.0, 0.0
0.09898004191868608, 0.03825, 0.057735026918962526, 0.0, 0.0, 0.057735026918962526, 0.0, 0.0, 0.0, 0.0, 0.0
0.09898004191868608, 0.039779999999999996, 0.057735026918962526, 0.0, 0.0, 0.057735026918962526, 0.0, 0.0, 0.0, 0.0, 0.0
0.09898004191868608, 0.04131, 0.057735026918962526, 0.0, 0.0, 0.057735026918962526, 0.0, 0.0, 0.0, 0.0, 0.0
0.09898004191868608, 0.042839999999999996, 0.057735026918962526, 0.0, 0.0, 0.057735026918962526, 0.0, 0.0, 0.0, 0.0, 0.0
0.09898004191868608, 0.04437, 0.057735026918962526, 0.0, 0.0, 0.057735026918962526, 0.0, 0.0, 0.0, 0.0, 0.0
0.09898004191868608, 0.045899999999999996, 0.057735026918962526, 0.0, 0.0, 0.057735026918962526, 0.0, 0.0, 0.0, 0.0, 0.0
0.09898004191868608, 0.04743, 0.057735026918962526, 0.0, 0.0, 0.057735026918962526, 0.0, 0.0, 0.0, 0.0, 0.0
0.09898004191868608, 0.04896, 0.057735026918962526, 0.0, 0.0, 0.057735026918962526, 0.0, 0.0, 0.0, 0.0, 0.0
0.09898004191868608, 0.05048999999999999, 0.057735026918962526, 0.0, 0.0, 0.057735026918962526, 0.0, 0.0, 0.0, 0.0, 0.0
0.09898004191868608, 0.05202, 0.057735026918962526, 0.0, 0.0, 0.057735026918962526, 0.0, 0.0, 0.0, 0.0, 0.0
0.09898004191868608, 0.05354999999999999, 0.057735026918962526, 0.0, 0.0, 0.057735026918962526, 0.0, 0.0, 0.0, 0.0, 0.0
0.09898004191868608, 0.05508, 0.057735026918962526, 0.0, 0.0, 0.057735026918962526, 0.0, 0.0, 0.0, 0.0, 0.0
0.09898004191868608, 0.056609999999999994, 0.057735026918962526, 0.0, 0.0, 0.057735026918962526, 0.0, 0.0, 0.0, 0.0, 0.0
0.09898004191868608, 0.05814, 0.057735026918962526, 0.0, 0.0, 0.057735026918962526, 0.0, 0.0, 0.0, 0.0, 0.0
0.09898004191868608, 0.059669999999999994, 0.057735026918962526, 0.0, 0.0, 0.057735026918962526, 0.0, 0.0, 0.0, 0.0, 0.0
0.09898004191868608, 0.0612, 0.057735026918962526, 0.0, 0.0, 0.057735026918962526, 0.0, 0.0, 0.0, 0.0, 0.0
0.09898004191868608, 0.06273, 0.057735026918962526, 0.0, 0.0, 0.057735026918962526, 0.0, 0.0, 0.0, 0.0, 0.0
0.09898004191868608, 0.06426, 0.057735026918962526, 0.0, 0.0, 0.057735026918962526, 0.0, 0.0, 0.0, 0.0, 0.0
0.09898004191868608, 0.06579, 0.057735026918962526, 0.0, 0.0, 0.057735026918962526, 0.0, 0.0, 0.0, 0.0, 0.0
0.09898004191868608, 0.06731999999999999, 0.057735026918962526, 0.0, 0.0, 0.057735026918962526, 0.0, 0.0, 0.0, 0.0, 0.0
0.09898004191868608, 0.06885, 0.057735026918962526, 0.0, 0.0, 0.057735026918962526, 0.0, 0.0, 0.0, 0.0, 0.0
0.09898004191868608, 0.07038, 0.057735026918962526, 0.0, 0.0, 0.057735026918962526, 0.0, 0.0, 0.0, 0.0, 0.0
0.09898004191868608, 0.07191, 0.057735026918962526, 0.0, 0.0, 0.057735026918962526, 0.0, 0.0, 0.0, 0.0, 0.0
0.09898004191868608, 0.07343999999999999, 0.057735026918962526, 0.0, 0.0, 0.057735026918962526, 0.0, 0.0, 0.0, 0.0, 0.0
0.09898004191868608, 0.07497, 0.057735026918962526, 0.0, 0.0, 0.057735026918962526, 0.0, 0.0, 0.0, 0.0, 0.0
0.09898004191868608, 0.0765, 0.057735026918962526, 0.0, 0.0, 0.057735026918962526, 0.0, 0.0, 0.0, 0.0, 0.0
0.09898004191868608, 0.07802999999999999, 0.057735026918962526, 0.0, 0.0, 0.057735026918962526, 0.0, 0.0, 0.0, 0.0, 0.0
0.09898004191868608, 0.07955999999999999, 0.057735026918962526, 0.0, 0.0, 0.057735026918962526, 0.0, 0.0, 0.0, 0.0, 0.0
0.09898004191868608, 0.08109, 0.057735026918962526, 0.0, 0.0, 0.057735026918962526, 0.0, 0.0, 0.0, 0.0, 0.0
0.09898004191868608, 0.08262, 0.057735026918962526, 0.0, 0.0, 0.057735026918962526, 0.0, 0.0, 0.0, 0.0, 0.0
0.09898004191868608, 0.08414999999999999, 0.057735026918962526, 0.0, 0.0, 0.057735026918962526, 0.0, 0.0, 0.0, 0.0, 0.0
0.09898004191868608, 0.08567999999999999, 0.057735026918962526, 0.0, 0.0, 0.057735026918962526, 0.0, 0.0, 0.0, 0.0, 0.0
0.09898004191868608, 0.08721, 0.057735026918962526, 0.0, 0.0, 0.057735026918962526, 0.0, 0.0, 0.0, 0.0, 0.0
0.09898004191868608, 0.08874, 0.057735026918962526, 0.0, 0.0, 0.057735026918962526, 0.0, 0.0, 0.0, 0.0, 0.0
0.09898004191868608, 0.09026999999999999, 0.057735026918962526, 0.0, 0.0, 0.057735026918962526, 0.0, 0.0, 0.0, 0.0, 0.0
0.09898004191868608, 0.09179999999999999, 0.057735026918962526, 0.0, 0.0, 0.057735026918962526, 0.0, 0.0, 0.0, 0.0, 0.0
0.09898004191868608, 0.09333, 0.057735026918962526, 0.0, 0.0, 0.057735026918962526, 0.0, 0.0, 0.0, 0.0, 0.0
0.09898004191868608, 0.09486, 0.057735026918962526, 0.0, 0.0, 0.057735026918962526, 0.0, 0.0, 0.0, 0.0, 0.0
0.09898004191868608, 0.09638999999999999, 0.057735026918962526, 0.0, 0.0, 0.057735026918962526, 0.0, 0.0, 0.0, 0.0, 0.0
0.09898004191868608, 0.09792, 0.057735026918962526, 0.0, 0.0, 0.057735026918962526, 0.0, 0.0, 0.0, 0.0, 0.0
0.09898004191868608, 0.09945, 0.057735026918962526, 0.0, 0.0, 0.057735026918962526, 0.0, 0.0, 0.0, 0.0, 0.0
0.09898004191868608, 0.10097999999999999, 0.057735026918962526, 0.0, 0.0, 0.057735026918962526, 0.0, 0.0, 0.0, 0.0, 0.0
0.09898004191868608, 0.10250999999999999, 0.057735026918962526, 0.0, 0.0, 0.057735026918962526, 0.0, 0.0, 0.0, 0.0, 0.0
0.09898004191868608, 0.10404, 0.057735026918962526, 0.0, 0.0, 0.057735026918962526, 0.0, 0.0, 0.0, 0.0, 0.0
0.09898004191868608, 0.10557, 0.057735026918962526, 0.0, 0.0, 0.057735026918962526, 0.0, 0.0, 0.0, 0.0, 0.0
0.09898004191868608, 0.10709999999999999, 0.057735026918962526, 0.0, 0.0, 0.057735026918962526, 0.0, 0.0, 0.0, 0.0, 0.0
0.09898004191868608, 0.10862999999999999, 0.057735026918962526, 0.0, 0.0, 0.057735026918962526, 0.0, 0.0, 0.0, 0.0, 0.0
0.09898004191868608, 0.11016, 0.057735026918962526, 0.0, 0.0, 0.057735026918962526, 0.0, 0.0, 0.0, 0.0, 0.0
0.09898004191868608, 0.11169, 0.057735026918962526, 0.0, 0.0, 0.057735026918962526, 0.0, 0.0, 0.0, 0.0, 0.0
0.09898004191868608, 0.11321999999999999, 0.057735026918962526, 0.0, 0.0, 0.057735026918962526, 0.0, 0.0, 0.0, 0.0, 0.0
0.09898004191868608, 0.11474999999999999, 0.057735026918962526, 0.0, 0.0, 0.057735026918962526, 0.0, 0.0, 0.0, 0.0, 0.0
0.09898004191868608, 0.11628, 0.057735026918962526, 0.0, 0.0, 0.057735026918962526, 0.0, 0.0, 0.0, 0.0, 0.0
0.09898004191868608, 0.11781, 0.057735026918962526, 0.0, 0.0, 0.057735026918962526, 0.0, 0.0, 0.0, 0.0, 0.0
0.09898004191868608, 0.11933999999999999, 0.057735026918962526, 0.0, 0.0, 0.057735026918962526, 0.0, 0.0, 0.0, 0.0, 0.0
0.09898004191868608, 0.12086999999999999, 0.057735026918962526, 0.0, 0.0, 0.057735026918962526, 0.0, 0.0, 0.0, 0.0, 0.0
0.09898004191868608, 0.1224, 0.057735026918962526, 0.0, 0.0, 0.057735026918962526, 0.0, 0.0, 0.0, 0.0, 0.0
0.09898004191868608, 0.12392999999999998, 0.057735026918962526, 0.0, 0.0, 0.057735026918962526, 0.0, 0.0, 0.0, 0.0, 0.0
0.09898004191868608, 0.12546, 0.057735026918962526, 0.0, 0.0, 0.057735026918962526, 0.0, 0.0, 0.0, 0.0, 0.0
0.09898004191868608, 0.12699, 0.057735026918962526, 0.0, 0.0, 0.057735026918962526, 0.0, 0.0, 0.0, 0.0, 0.0
0.09898004191868608, 0.12852, 0.057735026918962526, 0.0, 0.0, 0.057735026918962526, 0.0, 0.0, 0.0, 0.0, 0.0
0.09898004191868608, 0.13005, 0.057735026918962526, 0.0, 0.0, 0.057735026918962526, 0.0, 0.0, 0.0, 0.0, 0.0
0.09898004191868608, 0.13158, 0.057735026918962526, 0.0, 0.0, 0.057735026918962526, 0.0, 0.0, 0.0, 0.0, 0.0
0.09898004191868608, 0.13310999999999998, 0.057735026918962526, 0.0, 0.0, 0.057735026918962526, 0.0, 0.0, 0.0, 0.0, 0.0
0.09898004191868608, 0.13463999999999998, 0.057735026918962526, 0.0, 0.0, 0.057735026918962526, 0.0, 0.0, 0.0, 0.0, 0.0
0.09898004191868608, 0.13616999999999999, 0.057735026918962526, 0.0, 0.0, 0.057735026918962526, 0.0, 0.0, 0.0, 0.0, 0.0
0.09898004191868608, 0.1377, 0.057735026918962526, 0.0, 0.0, 0.057735026918962526, 0.0, 0.0, 0.0, 0.0, 0.0
0.09898004191868608, 0.13923, 0.057735026918962526, 0.0, 0.0, 0.057735026918962526, 0.0, 0.0, 0.0, 0.0, 0.0
0.09898004191868608, 0.14076, 0.057735026918962526, 0.0, 0.0, 0.057735026918962526, 0.0, 0.0, 0.0, 0.0, 0.0
0.09898004191868608, 0.14229, 0.057735026918962526, 0.0, 0.0, 0.057735026918962526, 0.0, 0.0, 0.0, 0.0, 0.0
0.09898004191868608, 0.14382, 0.057735026918962526, 0.0, 0.0, 0.057735026918962526, 0.0, 0.0, 0.0, 0.0, 0.0
0.09898004191868608, 0.14534999999999998, 0.057735026918962526, 0.0, 0.0, 0.057735026918962526, 0.0, 0.0, 0.0, 0.0, 0.0
0.09898004191868608, 0.14687999999999998, 0.057735026918962526, 0.0, 0.0, 0.057735026918962526, 0.0, 0.0, 0.0, 0.0, 0.0
0.09898004191868608, 0.14841, 0.057735026918962526, 0.0, 0.0, 0.057735026918962526, 0.0, 0.0, 0.0, 0.0, 0.0
0.09898004191868608, 0.14994, 0.057735026918962526, 0.0, 0.0, 0.057735026918962526, 0.0, 0.0, 0.0, 0.0, 0.0
0.09898004191868608, 0.15147, 0.057735026918962526, 0.0, 0.0, 0.057735026918962526, 0.0, 0.0, 0.0, 0.0, 0.0
0.09898004191868608, 0.153, 0.057735026918962526, 0.0, 0.0, 0.057735026918962526, 0.0, 0.0, 0.0, 0.0, 0.0
0.09898004191868608, 0.15453, 0.057735026918962526, 0.0, 0.0, 0.057735026918962526, 0.0, 0.0, 0.0, 0.0, 0.0
0.09898004191868608, 0.15605999999999998, 0.057735026918962526, 0.0, 0.0, 0.057735026918962526, 0.0, 0.0, 0.0, 0.0, 0.0
0.09898004191868608, 0.15758999999999998, 0.057735026918962526, 0.0, 0.0, 0.057735026918962526, 0.0, 0.0, 0.0, 0.0, 0.0
0.09898004191868608, 0.15911999999999998, 0.057735026918962526, 0.0, 0.0, 0.057735026918962526, 0.0, 0.0, 0.0, 0.0, 0.0
0.09898004191868608, 0.16065, 0.057735026918962526, 0.0, 0.0, 0.057735026918962526, 0.0, 0.0, 0.0, 0.0, 0.0
0.09898004191868608, 0.16218, 0.057735026918962526, 0.0, 0.0, 0.057735026918962526, 0.0, 0.0, 0.0, 0.0, 0.0
0.09898004191868608, 0.16371, 0.057735026918962526, 0.0, 0.0, 0.057735026918962526, 0.0, 0.0, 0.0, 0.0, 0.0
0.09898004191868608, 0.16524, 0.057735026918962526, 0.0, 0.0, 0.057735026918962526, 0.0, 0.0, 0.0, 0.0, 0.0
0.09898004191868608, 0.16677, 0.057735026918962526, 0.0, 0.0, 0.057735026918962526, 0.0, 0.0, 0.0, 0.0, 0.0
0.09898004191868608, 0.16829999999999998, 0.057735026918962526, 0.0, 0.0, 0.057735026918962526, 0.0, 0.0, 0.0, 0.0, 0.0
0.09898004191868608, 0.16982999999999998, 0.057735026918962526, 0.0, 0.0, 0.057735026918962526, 0.0, 0.0, 0.0, 0.0, 0.0
0.09898004191868608, 0.17135999999999998, 0.057735026918962526, 0.0, 0.0, 0.057735026918962526, 0.0, 0.0, 0.0, 0.0, 0.0
0.09898004191868608, 0.17289, 0.057735026918962526, 0.0, 0.0, 0.057735026918962526, 0.0, 0.0, 0.0, 0.0, 0.0
0.09898004191868608, 0.17442, 0.057735026918962526, 0.0, 0.0, 0.057735026918962526, 0.0, 0.0, 0.0, 0.0, 0.0
0.09898004191868608, 0.17595, 0.057735026918962526, 0.0, 0.0, 0.057735026918962526, 0.0, 0.0, 0.0, 0.0, 0.0
0.09898004191868608, 0.17748, 0.057735026918962526, 0.0, 0.0, 0.057735026918962526, 0.0, 0.0, 0.0, 0.0, 0.0
0.09898004191868608, 0.17900999999999997, 0.057735026918962526, 0.0, 0.0, 0.057735026918962526, 0.0, 0.0, 0.0, 0.0, 0.0
0.09898004191868608, 0.18053999999999998, 0.057735026918962526, 0.0, 0.0, 0.057735026918962526, 0.0, 0.0, 0.0, 0.0, 0.0
0.09898004191868608, 0.18206999999999998, 0.057735026918962526, 0.0, 0.0, 0.057735026918962526, 0.0, 0.0, 0.0, 0.0, 0.0
0.09898004191868608, 0.18359999999999999, 0.057735026918962526, 0.0, 0.0, 0.057735026918962526, 0.0, 0.0, 0.0, 0.0, 0.0
0.09898004191868608, 0.18513, 0.057735026918962526, 0.0, 0.0, 0.057735026918962526, 0.0, 0.0, 0.0, 0.0, 0.0
0.09898004191868608, 0.18666, 0.057735026918962526, 0.0, 0.0, 0.057735026918962526, 0.0, 0.0, 0.0, 0.0, 0.0
0.09898004191868608, 0.18819, 0.057735026918962526, 0.0, 0.0, 0.057735026918962526, 0.0, 0.0, 0.0, 0.0, 0.0
0.09898004191868608, 0.18972, 0.057735026918962526, 0.0, 0.0, 0.057735026918962526, 0.0, 0.0, 0.0, 0.0, 0.0
0.09898004191868608, 0.19124999999999998, 0.057735026918962526, 0.0, 0.0, 0.057735026918962526, 0.0, 0.0, 0.0, 0.0, 0.0
0.09898004191868608, 0.19277999999999998, 0.057735026918962526, 0.0, 0.0, 0.057735026918962526, 0.0, 0.0, 0.0, 0.0, 0.0
0.09898004191868608, 0.19430999999999998, 0.057735026918962526, 0.0, 0.0, 0.057735026918962526, 0.0, 0.0, 0.0, 0.0, 0.0
0.09898004191868608, 0.19584, 0.057735026918962526, 0.0, 0.0, 0.057735026918962526, 0.0, 0.0, 0.0, 0.0, 0.0
0.09898004191868608, 0.19737, 0.057735026918962526, 0.0, 0.0, 0.057735026918962526, 0.0, 0.0, 0.0, 0.0, 0.0
0.09898004191868608, 0.1989, 0.057735026918962526, 0.0, 0.0, 0.057735026918962526, 0.0, 0.0, 0.0, 0.0, 0.0
0.09898004191868608, 0.20043, 0.057735026918962526, 0.0, 0.0, 0.057735026918962526, 0.0, 0.0, 0.0, 0.0, 0.0
0.09898004191868608, 0.20195999999999997, 0.05774563313690417, 1.3877787807814463e-17, 0.0, 0.05774563313690417, 1.3877787807814463e-17, 0.0, 0.0, 0.0, 0.0
0.09898004191868608, 0.20348999999999998, 0.05787901283839011, 2.289834988289387e-16, 0.0, 0.05787901283839011, 2.289834988289387e-16, 0.0, 0.0, 0.0, 0.0
0.09898004191868608, 0.20501999999999998, 0.05841774115000157, 1.8041124150158809e-16, 0.0, 0.05841774115000157, 1.8041124150158809e-16, 0.0, 0.0, 0.0, 0.0
0.09898004191868608, 0.20654999999999998, 0.05884198718647868, 7.632783294297956e-17, 0.0, 0.05884198718647868, 7.632783294297956e-17, 0.0, 0.0, 0.0, 0.0
0.09898004191868608, 0.20808, 0.05698034865140654, 1.387778780781447e-16, 0.0, 0.05698034865140654, 1.387778780781447e-16, 0.0, 0.0, 0.0, 0.0
0.09898004191868608, 0.20961, 0.05481389167407295, 1.7347234759768086e-16, 0.0, 0.05481389167407295, 1.7347234759768086e-16, 0.0, 0.0, 0.0, 0.0
0.09898004191868608, 0.21114, 0.058999497140335075, 5.898059818321153e-16, 0.0, 0.058999497140335075, 5.898059818321153e-16, 0.0, 0.0, 0.0, 0.0
0.09898004191868608, 0.21267, 0.060247252970729685, 7.632783294297968e-16, 0.0, 0.060247252970729685, 7.632783294297968e-16, 0.0, 0.0, 0.0, 0.0
0.09898004191868608, 0.21419999999999997, 0.053907747872172826, 7.563394355258896e-16, 0.0, 0.053907747872172826, 7.563394355258896e-16, 0.0, 0.0, 0.0, 0.0
0.09898004191868608, 0.21572999999999998, 0.05991627788704013, 5.481726184086722e-16, 0.0, 0.05991627788704013, 5.481726184086722e-16, 0.0, 0.0, 0.0, 0.0
0.09898004191868608, 0.21725999999999998, 0.05839274555029698, 5.412337245047644e-16, 0.0, 0.05839274555029698, 5.412337245047644e-16, 0.0, 0.0, 0.0, 0.0
0.09898004191868608, 0.21878999999999998, 0.05467319116403379, 6.5225602696728075e-16, 0.0, 0.05467319116403379, 6.5225602696728075e-16, 0.0, 0.0, 0.0, 0.0
0.09898004191868608, 0.22032, 0.062103558888504176, -1.1102230246251585e-16, 0.0, 0.062103558888504176, -1.1102230246251585e-16, 0.0, 0.0, 0.0, 0.0
0.09898004191868608, 0.22185, 0.05306503074206188, -1.665334536937737e-16, 0.0, 0.05306503074206188, -1.665334536937737e-16, 0.0, 0.0, 0.0, 0.0
0.09898004191868608, 0.22338, 0.06214069921696236, 3.538835890992692e-16, 0.0, 0.06214069921696236, 3.538835890992692e-16, 0.0, 0.0, 0.0, 0.0
0.09898004191868608, 0.22490999999999997, 0.053381122286352604, -9.020562075079409e-17, 0.0, 0.053381122286352604, -9.020562075079409e-17, 0.0, 0.0, 0.0, 0.0
0.09898004191868608, 0.22643999999999997, 0.06491100340398766, 2.5673907444456775e-16, 0.0, 0.06491100340398766, 2.5673907444456775e-16, 0.0, 0.0, 0.0, 0.0
0.09898004191868608, 0.22796999999999998, 0.030036113507692475, 1.8041124150158838e-16, 0.0, 0.030036113507692475, 1.8041124150158838e-16, 0.0, 0.0, 0.0, 0.0
0.19796008383737215, 0.00153, 0.028610065078327012, -1.4571677198205204e-16, 0.0, 0.02932308929300983, -1.214306433183765e-17, 0.0, 0.0010083685147048653, 1.8890174893539203e-16, 0.0
0.19796008383737215, 0.00306, 0.06128254720473903, 1.179611963664232e-16, 0.0, 0.06309677530436344, 2.3592239273284626e-16, 0.0, 0.0025657059837272105, 1.6682232373515136e-16, 0.0
0.19796008383737215, 0.0045899999999999995, 0.056448746241575004, 2.775557561562901e-16, 0.0, 0.054914934263963724, 1.9081958235744937e-16, 0.0, 0.002169137700868172, 1.226634733346705e-16, 0.0
0.19796008383737215, 0.00612, 0.058828469782280256, 1.9428902930940304e-16, 0.0, 0.060484584499621276, -1.5265566588595922e-16, 0.0, 0.0023420998941093554, 4.906538933386809e-16, 0.0
0.19796008383737215, 0.00765, 0.05689356858748676, -8.326672684688706e-17, 0.0, 0.05497929966477433, -3.504141421473156e-16, 0.0, 0.002707185072529254, 3.778034978707837e-16, 0.0
0.19796008383737215, 0.009179999999999999, 0.05813689929210794, 9.714451465470146e-17, 0.0, 0.06012022909030591, -1.0755285551056211e-16, 0.0, 0.002804851899270268, 2.894857970698215e-16, 0.0
0.19796008383737215, 0.010709999999999999, 0.05791446233750329, 3.816391647148984e-16, 0.0, 0.05629382675076852, -6.591949208711877e-17, 0.0, 0.0022919248264247835, 6.329435224068981e-16, 0.0
0.19796008383737215, 0.01224, 0.056888218468025165, -3.3306690738754785e-16, 0.0, 0.05764048200916103, -4.336808689942026e-16, 0.0, 0.0010638613023531557, 1.4228962906821706e-16, 0.0
0.19796008383737215, 0.01377, 0.05925674399710698, -6.453171330633737e-16, 0.0, 0.05958651094207347, -4.996003610813215e-16, 0.0, 0.0004663608859939486, 2.0607463520224603e-16, 0.0
0.19796008383737215, 0.0153, 0.05564769730750385, -1.332267629550193e-15, 0.0, 0.054777722589838325, -8.777700788442673e-16, 0.0, 0.0012303300446442921, 6.427566002736735e-16, 0.0
0.19796008383737215, 0.016829999999999998, 0.06012789043817655, -7.632783294297975e-16, 0.0, 0.0601875717044531, -7.042977312465857e-16, 0.0, 8.440205618790206e-5, 8.341116186757614e-17, 0.0
0.19796008383737215, 0.018359999999999998, 0.05544762926515786, -9.020562075079425e-17, 0.0, 0.05722356320274636, -2.914335439641041e-16, 0.0, 0.0025115498604163108, 2.845792581364345e-16, 0.0
0.19796008383737215, 0.019889999999999998, 0.05941216690179193, -8.812395257962204e-16, 0.0, 0.057113029287932465, -5.169475958410898e-16, 0.0, 0.003251471595282166, 5.151865880056152e-16, 0.0
0.19796008383737215, 0.021419999999999998, 0.05713252863460573, -1.2767564783189346e-15, 0.0, 0.057056438643006135, -7.424616477180758e-16, 0.0, 0.00010760749808100284, 7.556069957415698e-16, 0.0
0.19796008383737215, 0.022949999999999998, 0.057042930295069766, -1.1032841307212527e-15, 0.0, 0.05794245874077421, -6.279698983036059e-16, 0.0, 0.001272125327655615, 6.721958338739934e-16, 0.0
0.19796008383737215, 0.02448, 0.05949433118887106, -4.2327252813834236e-16, 0.0, 0.05895603616943634, -3.018418848199652e-16, 0.0, 0.0007612641170424707, 1.7172886266853882e-16, 0.0
0.19796008383737215, 0.02601, 0.055648724043853806, -1.0061396160665517e-15, 0.0, 0.05676386844112198, -5.898059818321163e-16, 0.0, 0.0015770523306210264, 5.88784672006418e-16, 0.0
0.19796008383737215, 0.02754, 0.05911458356109422, -8.465450562766841e-16, 0.0, 0.0584301083489992, -4.302114220422493e-16, 0.0, 0.000967994128052979, 5.887846720064172e-16, 0.0
0.19796008383737215, 0.02907, 0.05784737543211951, -8.049116928532409e-16, 0.0, 0.05779120117554102, -4.0245584642662043e-16, 0.0, 7.944239550953181e-5, 5.691585162728702e-16, 0.0
0.19796008383737215, 0.0306, 0.05623161109794476, -1.3600232051658219e-15, 0.0, 0.056983319008453645, -6.800116025829109e-16, 0.0, 0.0010630755219848075, 9.616816309438158e-16, 0.0
0.19796008383737215, 0.03213, 0.05944993580950016, -1.2975731600306557e-15, 0.0, 0.05859248136423134, -6.487865800153278e-16, 0.0, 0.0012126237056162576, 9.175227805433337e-16, 0.0
0.19796008383737215, 0.033659999999999995, 0.05730684621639537, -1.2351231148954888e-15, 0.0, 0.05752093656767895, -6.175615574477444e-16, 0.0, 0.0003027694783584572, 8.733639301428514e-16, 0.0
0.19796008383737215, 0.03519, 0.056517906493678806, -7.910339050454265e-16, 0.0, 0.05712646670632067, -3.9551695252271325e-16, 0.0, 0.0008606341062387756, 5.593454384060966e-16, 0.0
0.19796008383737215, 0.036719999999999996, 0.05910569528538503, -7.563394355258899e-16, 0.0, 0.05842036110217377, -3.7816971776294493e-16, 0.0, 0.0009692088966552411, 5.348127437391622e-16, 0.0
0.19796008383737215, 0.03825, 0.0580039190221467, -5.551115123125793e-16, 0.0, 0.057869472970554614, -2.7755575615628963e-16, 0.0, 0.00019013542956904385, 3.9252311467094447e-16, 0.0
0.19796008383737215, 0.039779999999999996, 0.05639941691325119, -2.4980018054066076e-16, 0.0, 0.05706722191610686, -1.2490009027033038e-16, 0.0, 0.0009444188920590885, 1.7663540160192509e-16, 0.0
0.19796008383737215, 0.04131, 0.05772777218357985, -7.355227538141682e-16, 0.0, 0.057731399551271184, -3.677613769070841e-16, 0.0, 5.129872584802131e-6, 5.200931269390018e-16, 0.0
0.19796008383737215, 0.042839999999999996, 0.058824495161097085, -4.649058915617851e-16, 0.0, 0.058279761040029805, -2.3245294578089255e-16, 0.0, 0.0007703703819007338, 3.28738108536916e-16, 0.0
0.19796008383737215, 0.04437, 0.05821256449420215, -4.3021142204224875e-16, 0.0, 0.05797379570658234, -2.1510571102112438e-16, 0.0, 0.00033767005772331884, 3.0420541386998185e-16, 0.0
0.19796008383737215, 0.045899999999999996, 0.05745594851520083, -4.64905891561785e-16, 0.0, 0.05759548771708168, -2.324529457808925e-16, 0.0, 0.00019733823178261028, 3.287381085369159e-16, 0.0
0.19796008383737215, 0.04743, 0.0573543620960407, -2.9837243786801097e-16, 0.0, 0.05754469450750162, -1.4918621893400548e-16, 0.0, 0.00026917067764720034, 2.1098117413563238e-16, 0.0
0.19796008383737215, 0.04896, 0.05754317271094038, -2.91433543964104e-16, 0.0, 0.05763909981495145, -1.45716771982052e-16, 0.0, 0.00013566141149163422, 2.0607463520224576e-16, 0.0
0.19796008383737215, 0.05048999999999999, 0.05767842473528787, -3.538835890992692e-16, 0.0, 0.0577067258271252, -1.769417945496346e-16, 0.0, 4.0023787906317284e-5, 2.5023348560272704e-16, 0.0
0.19796008383737215, 0.05202, 0.057724450440248466, -3.6082248300317637e-16, 0.0, 0.0577297386796055, -1.8041124150158818e-16, 0.0, 7.478699819789244e-6, 2.551400245361138e-16, 0.0
0.19796008383737215, 0.05354999999999999, 0.05773378438900934, -1.8041124150158809e-16, 0.0, 0.05773440565398594, -9.020562075079404e-17, 0.0, 8.7860135572628e-7, 1.2757001226805684e-16, 0.0
0.19796008383737215, 0.05508, 0.057734942788528996, -9.0205620750794e-17, 0.0, 0.05773498485374576, -4.5102810375397e-17, 0.0, 5.948920005038502e-8, 6.378500613402838e-17, 0.0
0.19796008383737215, 0.056609999999999994, 0.05773502441200668, -6.245004513516508e-17, 0.0, 0.05773502566548461, -3.122502256758254e-17, 0.0, 1.772685480097165e-9, 4.415885040048119e-17, 0.0
0.19796008383737215, 0.05814, 0.057735026918962526, 0.0, 0.0, 0.057735026918962526, 0.0, 0.0, 0.0, 0.0, 0.0
0.19796008383737215, 0.059669999999999994, 0.057735026918962526, 0.0, 0.0, 0.057735026918962526, 0.0, 0.0, 0.0, 0.0, 0.0
0.19796008383737215, 0.0612, 0.057735026918962526, 0.0, 0.0, 0.057735026918962526, 0.0, 0.0, 0.0, 0.0, 0.0
0.19796008383737215, 0.06273, 0.057735026918962526, 0.0, 0.0, 0.057735026918962526, 0.0, 0.0, 0.0, 0.0, 0.0
0.19796008383737215, 0.06426, 0.057735026918962526, 0.0, 0.0, 0.057735026918962526, 0.0, 0.0, 0.0, 0.0, 0.0
0.19796008383737215, 0.06579, 0.057735026918962526, 0.0, 0.0, 0.057735026918962526, 0.0, 0.0, 0.0, 0.0, 0.0
0.19796008383737215, 0.06731999999999999, 0.057735026918962526, 0.0, 0.0, 0.057735026918962526, 0.0, 0.0, 0.0, 0.0, 0.0
0.19796008383737215, 0.06885, 0.057735026918962526, 0.0, 0.0, 0.057735026918962526, 0.0, 0.0, 0.0, 0.0, 0.0
0.19796008383737215, 0.07038, 0.057735026918962526, 0.0, 0.0, 0.057735026918962526, 0.0, 0.0, 0.0, 0.0, 0.0
0.19796008383737215, 0.07191, 0.057735026918962526, 0.0, 0.0, 0.057735026918962526, 0.0, 0.0, 0.0, 0.0, 0.0
0.19796008383737215, 0.07343999999999999, 0.057735026918962526, 0.0, 0.0, 0.057735026918962526, 0.0, 0.0, 0.0, 0.0, 0.0
0.19796008383737215, 0.07497, 0.057735026918962526, 0.0, 0.0, 0.057735026918962526, 0.0, 0.0, 0.0, 0.0, 0.0
0.19796008383737215, 0.0765, 0.057735026918962526, 0.0, 0.0, 0.057735026918962526, 0.0, 0.0, 0.0, 0.0, 0.0
0.19796008383737215, 0.07802999999999999, 0.057735026918962526, 0.0, 0.0, 0.057735026918962526, 0.0, 0.0, 0.0, 0.0, 0.0
0.19796008383737215, 0.07955999999999999, 0.057735026918962526, 0.0, 0.0, 0.057735026918962526, 0.0, 0.0, 0.0, 0.0, 0.0
0.19796008383737215, 0.08109, 0.057735026918962526, 0.0, 0.0, 0.057735026918962526, 0.0, 0.0, 0.0, 0.0, 0.0
0.19796008383737215, 0.08262, 0.057735026918962526, 0.0, 0.0, 0.057735026918962526, 0.0, 0.0, 0.0, 0.0, 0.0
0.19796008383737215, 0.08414999999999999, 0.057735026918962526, 0.0, 0.0, 0.057735026918962526, 0.0, 0.0, 0.0, 0.0, 0.0
0.19796008383737215, 0.08567999999999999, 0.057735026918962526, 0.0, 0.0, 0.057735026918962526, 0.0, 0.0, 0.0, 0.0, 0.0
0.19796008383737215, 0.08721, 0.057735026918962526, 0.0, 0.0, 0.057735026918962526, 0.0, 0.0, 0.0, 0.0, 0.0
0.19796008383737215, 0.08874, 0.057735026918962526, 0.0, 0.0, 0.057735026918962526, 0.0, 0.0, 0.0, 0.0, 0.0
0.19796008383737215, 0.09026999999999999, 0.057735026918962526, 0.0, 0.0, 0.057735026918962526, 0.0, 0.0, 0.0, 0.0, 0.0
0.19796008383737215, 0.09179999999999999, 0.057735026918962526, 0.0, 0.0, 0.057735026918962526, 0.0, 0.0, 0.0, 0.0, 0.0
0.19796008383737215, 0.09333, 0.057735026918962526, 0.0, 0.0, 0.057735026918962526, 0.0, 0.0, 0.0, 0.0, 0.0
0.19796008383737215, 0.09486, 0.057735026918962526, 0.0, 0.0, 0.057735026918962526, 0.0, 0.0, 0.0, 0.0, 0.0
0.19796008383737215, 0.09638999999999999, 0.057735026918962526, 0.0, 0.0, 0.057735026918962526, 0.0, 0.0, 0.0, 0.0, 0.0
0.19796008383737215, 0.09792, 0.057735026918962526, 0.0, 0.0, 0.057735026918962526, 0.0, 0.0, 0.0, 0.0, 0.0
0.19796008383737215, 0.09945, 0.057735026918962526, 0.0, 0.0, 0.057735026918962526, 0.0, 0.0, 0.0, 0.0, 0.0
0.19796008383737215, 0.10097999999999999, 0.057735026918962526, 0.0, 0.0, 0.057735026918962526, 0.0, 0.0, 0.0, 0.0, 0.0
0.19796008383737215, 0.10250999999999999, 0.057735026918962526, 0.0, 0.0, 0.057735026918962526, 0.0, 0.0, 0.0, 0.0, 0.0
0.19796008383737215, 0.10404, 0.057735026918962526, 0.0, 0.0, 0.057735026918962526, 0.0, 0.0, 0.0, 0.0, 0.0
0.19796008383737215, 0.10557, 0.057735026918962526, 0.0, 0.0, 0.057735026918962526, 0.0, 0.0, 0.0, 0.0, 0.0
0.19796008383737215, 0.10709999999999999, 0.057735026918962526, 0.0, 0.0, 0.057735026918962526, 0.0, 0.0, 0.0, 0.0, 0.0
0.19796008383737215, 0.10862999999999999, 0.057735026918962526, 0.0, 0.0, 0.057735026918962526, 0.0, 0.0, 0.0, 0.0, 0.0
0.19796008383737215, 0.11016, 0.057735026918962526, 0.0, 0.0, 0.057735026918962526, 0.0, 0.0, 0.0, 0.0, 0.0
0.19796008383737215, 0.11169, 0.057735026918962526, 0.0, 0.0, 0.057735026918962526, 0.0, 0.0, 0.0, 0.0, 0.0
0.19796008383737215, 0.11321999999999999, 0.057735026918962526, 0.0, 0.0, 0.057735026918962526, 0.0, 0.0, 0.0, 0.0, 0.0
0.19796008383737215, 0.11474999999999999, 0.057735026918962526, 0.0, 0.0, 0.057735026918962526, 0.0, 0.0, 0.0, 0.0, 0.0
0.19796008383737215, 0.11628, 0.057735026918962526, 0.0, 0.0, 0.057735026918962526, 0.0, 0.0, 0.0, 0.0, 0.0
0.19796008383737215, 0.11781, 0.057735026918962526, 0.0, 0.0, 0.057735026918962526, 0.0, 0.0, 0.0, 0.0, 0.0
0.19796008383737215, 0.11933999999999999, 0.057735026918962526, 0.0, 0.0, 0.057735026918962526, 0.0, 0.0, 0.0, 0.0, 0.0
0.19796008383737215, 0.12086999999999999, 0.057735026918962526, 0.0, 0.0, 0.057735026918962526, 0.0, 0.0, 0.0, 0.0, 0.0
0.19796008383737215, 0.1224, 0.057735026918962526, 0.0, 0.0, 0.057735026918962526, 0.0, 0.0, 0.0, 0.0, 0.0
0.19796008383737215, 0.12392999999999998, 0.057735026918962526, 0.0, 0.0, 0.057735026918962526, 0.0, 0.0, 0.0, 0.0, 0.0
0.19796008383737215, 0.12546, 0.057735026918962526, 0.0, 0.0, 0.057735026918962526, 0.0, 0.0, 0.0, 0.0, 0.0
0.19796008383737215, 0.12699, 0.057735026918962526, 0.0, 0.0, 0.057735026918962526, 0.0, 0.0, 0.0, 0.0, 0.0
0.19796008383737215, 0.12852, 0.057735026918962526, 0.0, 0.0, 0.057735026918962526, 0.0, 0.0, 0.0, 0.0, 0.0
0.19796008383737215, 0.13005, 0.057735026918962526, 0.0, 0.0, 0.057735026918962526, 0.0, 0.0, 0.0, 0.0, 0.0
0.19796008383737215, 0.13158, 0.057735026918962526, 0.0, 0.0, 0.057735026918962526, 0.0, 0.0, 0.0, 0.0, 0.0
0.19796008383737215, 0.13310999999999998, 0.057735026918962526, 0.0, 0.0, 0.057735026918962526, 0.0, 0.0, 0.0, 0.0, 0.0
0.19796008383737215, 0.13463999999999998, 0.057735026918962526, 0.0, 0.0, 0.057735026918962526, 0.0, 0.0, 0.0, 0.0, 0.0
0.19796008383737215, 0.13616999999999999, 0.057735026918962526, 0.0, 0.0, 0.057735026918962526, 0.0, 0.0, 0.0, 0.0, 0.0
0.19796008383737215, 0.1377, 0.057735026918962526, 0.0, 0.0, 0.057735026918962526, 0.0, 0.0, 0.0, 0.0, 0.0
0.19796008383737215, 0.13923, 0.057735026918962526, 0.0, 0.0, 0.057735026918962526, 0.0, 0.0, 0.0, 0.0, 0.0
0.19796008383737215, 0.14076, 0.057735026918962526, 0.0, 0.0, 0.057735026918962526, 0.0, 0.0, 0.0, 0.0, 0.0
0.19796008383737215, 0.14229, 0.057735026918962526, 0.0, 0.0, 0.057735026918962526, 0.0, 0.0, 0.0, 0.0, 0.0
0.19796008383737215, 0.14382, 0.057735026918962526, 0.0, 0.0, 0.057735026918962526, 0.0, 0.0, 0.0, 0.0, 0.0
0.19796008383737215, 0.14534999999999998, 0.057735026918962526, 0.0, 0.0, 0.057735026918962526, 0.0, 0.0, 0.0, 0.0, 0.0
0.19796008383737215, 0.14687999999999998, 0.057735026918962526, 0.0, 0.0, 0.057735026918962526, 0.0, 0.0, 0.0, 0.0, 0.0
0.19796008383737215, 0.14841, 0.057735026918962526, 0.0, 0.0, 0.057735026918962526, 0.0, 0.0, 0.0, 0.0, 0.0
0.19796008383737215, 0.14994, 0.057735026918962526, 0.0, 0.0, 0.057735026918962526, 0.0, 0.0, 0.0, 0.0, 0.0
0.19796008383737215, 0.15147, 0.057735026918962526, 0.0, 0.0, 0.057735026918962526, 0.0, 0.0, 0.0, 0.0, 0.0
0.19796008383737215, 0.153, 0.057735026918962526, 0.0, 0.0, 0.057735026918962526, 0.0, 0.0, 0.0, 0.0, 0.0
0.19796008383737215, 0.15453, 0.057735026918962526, 0.0, 0.0, 0.057735026918962526, 0.0, 0.0, 0.0, 0.0, 0.0
0.19796008383737215, 0.15605999999999998, 0.057735026918962526, 0.0, 0.0, 0.057735026918962526, 0.0, 0.0, 0.0, 0.0, 0.0
0.19796008383737215, 0.15758999999999998, 0.057735026918962526, 0.0, 0.0, 0.057735026918962526, 0.0, 0.0, 0.0, 0.0, 0.0
0.19796008383737215, 0.15911999999999998, 0.057735026918962526, 0.0, 0.0, 0.057735026918962526, 0.0, 0.0, 0.0, 0.0, 0.0
0.19796008383737215, 0.16065, 0.057735026918962526, 0.0, 0.0, 0.057735026918962526, 0.0, 0.0, 0.0, 0.0, 0.0
0.19796008383737215, 0.16218, 0.057735026918962526, 0.0, 0.0, 0.057735026918962526, 0.0, 0.0, 0.0, 0.0, 0.0
0.19796008383737215, 0.16371, 0.057735026918962526, 0.0, 0.0, 0.057735026918962526, 0.0, 0.0, 0.0, 0.0, 0.0
0.19796008383737215, 0.16524, 0.057735026918962526, 0.0, 0.0, 0.057735026918962526, 0.0, 0.0, 0.0, 0.0, 0.0
0.19796008383737215, 0.16677, 0.057735026918962526, 0.0, 0.0, 0.057735026918962526, 0.0, 0.0, 0.0, 0.0, 0.0
0.19796008383737215, 0.16829999999999998, 0.057735026918962526, 0.0, 0.0, 0.057735026918962526, 0.0, 0.0, 0.0, 0.0, 0.0
0.19796008383737215, 0.16982999999999998, 0.057735026918962526, 0.0, 0.0, 0.057735026918962526, 0.0, 0.0, 0.0, 0.0, 0.0
0.19796008383737215, 0.17135999999999998, 0.057735026918962526, 0.0, 0.0, 0.057735026918962526, 0.0, 0.0, 0.0, 0.0, 0.0
0.19796008383737215, 0.17289, 0.05773502441200667, 6.245004513516507e-17, 0.0, 0.05773502566548459, 3.1225022567582534e-17, 0.0, 1.7726854850037038e-9, 4.415885040048118e-17, 0.0
0.19796008383737215, 0.17442, 0.057734942788528996, 6.938893903907231e-17, 0.0, 0.05773498485374576, 3.4694469519536154e-17, 0.0, 5.948920005038502e-8, 4.906538933386799e-17, 0.0
0.19796008383737215, 0.17595, 0.05773378438900938, 3.4694469519536167e-17, 0.0, 0.05773440565398595, 1.7347234759768083e-17, 0.0, 8.786013556992941e-7, 2.4532694666934002e-17, 0.0
0.19796008383737215, 0.17748, 0.05772445044024841, 1.7347234759768086e-16, 0.0, 0.05772973867960547, 8.673617379884043e-17, 0.0, 7.478699819828496e-6, 1.2266347333467003e-16, 0.0
0.19796008383737215, 0.17900999999999997, 0.057678424735287843, 3.2612801348364003e-16, 0.0, 0.05770672582712519, 1.6306400674182001e-16, 0.0, 4.002378790633691e-5, 2.306073298691797e-16, 0.0
0.19796008383737215, 0.18053999999999998, 0.05754317271094038, 4.7878367936959935e-16, 0.0, 0.05763909981495145, 2.3939183968479967e-16, 0.0, 0.00013566141149163422, 3.385511864036894e-16, 0.0
0.19796008383737215, 0.18206999999999998, 0.05735436209604079, 6.245004513516515e-16, 0.0, 0.05754469450750166, 3.1225022567582577e-16, 0.0, 0.0002691706776471341, 4.4158850400481244e-16, 0.0
0.19796008383737215, 0.18359999999999999, 0.05745594851520074, 6.383782391594662e-16, 0.0, 0.05759548771708163, 3.191891195797331e-16, 0.0, 0.00019733823178267162, 4.514015818715861e-16, 0.0
0.19796008383737215, 0.18513, 0.05821256449420228, 6.383782391594662e-16, 0.0, 0.0579737957065824, 3.191891195797331e-16, 0.0, 0.0003376700577234121, 4.514015818715861e-16, 0.0
0.19796008383737215, 0.18666, 0.058824495161097126, 6.106226635438373e-16, 0.0, 0.058279761040029826, 3.0531133177191864e-16, 0.0, 0.0007703703819007633, 4.3177542613803897e-16, 0.0
0.19796008383737215, 0.18819, 0.05772777218357969, 4.440892098500635e-16, 0.0, 0.05773139955127111, 2.2204460492503175e-16, 0.0, 5.129872584917435e-6, 3.1401849173675562e-16, 0.0
0.19796008383737215, 0.18972, 0.05639941691325098, 5.5511151231257975e-16, 0.0, 0.057067221916106754, 2.7755575615628987e-16, 0.0, 0.0009444188920592358, 3.925231146709448e-16, 0.0
0.19796008383737215, 0.19124999999999998, 0.05800391902214669, 2.0816681711721712e-16, 0.0, 0.05786947297055461, 1.0408340855860856e-16, 0.0, 0.00019013542956903404, 1.4719616800160411e-16, 0.0
0.19796008383737215, 0.19277999999999998, 0.059105695285385146, 6.314393452555596e-16, 0.0, 0.058420361102173836, 3.157196726277798e-16, 0.0, 0.0009692088966553221, 4.464950429381998e-16, 0.0
0.19796008383737215, 0.19430999999999998, 0.05651790649367894, 7.077671781985391e-16, 0.0, 0.05712646670632073, 3.5388358909926953e-16, 0.0, 0.0008606341062386798, 5.004669712054546e-16, 0.0
0.19796008383737215, 0.19584, 0.05730684621639544, 1.0824674490095312e-15, 0.0, 0.05752093656767898, 5.412337245047656e-16, 0.0, 0.0003027694783584081, 7.654200736083429e-16, 0.0
0.19796008383737215, 0.19737, 0.05944993580949982, 9.853229343548306e-16, 0.0, 0.058592481364231175, 4.926614671774153e-16, 0.0, 0.0012126237056160145, 6.967285285409281e-16, 0.0
0.19796008383737215, 0.1989, 0.056231611097944674, 1.1171619185290677e-15, 0.0, 0.0569833190084536, 5.585809592645339e-16, 0.0, 0.0010630755219848663, 7.899527682752771e-16, 0.0
0.19796008383737215, 0.20043, 0.05784737543211966, 1.3877787807814516e-15, 0.0, 0.057791201175541096, 6.938893903907258e-16, 0.0, 7.94423955096324e-5, 9.813077866773636e-16, 0.0
0.19796008383737215, 0.20195999999999997, 0.059114583561094246, 1.3114509478384705e-15, 0.0, 0.05843010834899921, 6.626643678231425e-16, 0.0, 0.0009679941280529987, 9.175227805433341e-16, 0.0
0.19796008383737215, 0.20348999999999998, 0.05564872404385405, 1.3808398868775428e-15, 0.0, 0.05676386844112208, 8.049116928532407e-16, 0.0, 0.0015770523306208178, 8.144854629422113e-16, 0.0
0.19796008383737215, 0.20501999999999998, 0.059494331188871354, 1.082467449009531e-15, 0.0, 0.05895603616943646, 6.314393452555596e-16, 0.0, 0.0007612641170427135, 6.378500613402859e-16, 0.0
0.19796008383737215, 0.20654999999999998, 0.057042930295070036, 4.0939474033052785e-16, 0.0, 0.05794245874077436, 2.428612866367537e-16, 0.0, 0.0012721253276554432, 2.355138688025672e-16, 0.0
0.19796008383737215, 0.20808, 0.05713252863460538, 6.453171330633741e-16, 0.0, 0.057056438643005955, 3.920475055707594e-16, 0.0, 0.00010760749808075505, 3.5817734213723745e-16, 0.0
0.19796008383737215, 0.20961, 0.059412166901791755, 4.92661467177415e-16, 0.0, 0.057113029287932354, 3.3306690738754795e-16, 0.0, 0.003251471595282083, 2.257007909357938e-16, 0.0
0.19796008383737215, 0.21114, 0.05544762926515805, -6.938893903907248e-17, 0.0, 0.05722356320274656, 2.602085213965214e-16, 0.0, 0.0025115498604163303, 4.661211986717464e-16, 0.0
0.19796008383737215, 0.21267, 0.06012789043817662, 4.926614671774151e-16, 0.0, 0.06018757170445316, 6.279698983036059e-16, 0.0, 8.440205618787263e-5, 1.9135501840208495e-16, 0.0
0.19796008383737215, 0.21419999999999997, 0.05564769730750401, 8.257283745649629e-16, 0.0, 0.054777722589838415, 7.910339050454262e-16, 0.0, 0.0012303300446443878, 4.9065389333868774e-17, 0.0
0.19796008383737215, 0.21572999999999998, 0.059256743997106814, -7.632783294297968e-17, 0.0, 0.05958651094207347, 2.3592239273284626e-16, 0.0, 0.000466360885994189, 4.415885040048127e-16, 0.0
0.19796008383737215, 0.21725999999999998, 0.05688821846802543, 3.3306690738754775e-16, 0.0, 0.057640482009161206, 4.371503159461561e-16, 0.0, 0.0010638613023530256, 1.4719616800160377e-16, 0.0
0.19796008383737215, 0.21878999999999998, 0.057914462337502984, 3.747002708109913e-16, 0.0, 0.05629382675076838, 5.134781488891361e-16, 0.0, 0.002291924826424548, 1.9626155733547214e-16, 0.0
0.19796008383737215, 0.22032, 0.058136899292107976, -2.081668171172176e-17, 0.0, 0.06012022909030608, -6.59194920871188e-17, 0.0, 0.0028048518992704495, 6.378500613402845e-17, 0.0
0.19796008383737215, 0.22185, 0.05689356858748662, 3.3306690738754815e-16, 0.0, 0.05497929966477425, 8.326672684688721e-17, 0.0, 0.002707185072529166, 3.5327080320385037e-16, 0.0
0.19796008383737215, 0.22338, 0.05882846978228056, 4.857225732735076e-16, 0.0, 0.06048458449962146, 4.198030811863884e-16, 0.0, 0.0023420998941091863, 9.322423973434986e-17, 0.0
0.19796008383737215, 0.22490999999999997, 0.05644874624157485, -3.0531133177191874e-16, 0.0, 0.054914934263963724, -1.977584762613564e-16, 0.0, 0.0021691377008679516, 1.5210270693499112e-16, 0.0
0.19796008383737215, 0.22643999999999997, 0.061282547204738795, -1.526556658859596e-16, 0.0, 0.06309677530436322, 5.2041704279304065e-17, 0.0, 0.002565705983727235, 2.8948579706982164e-16, 0.0
0.19796008383737215, 0.22796999999999998, 0.02861006507832662, 5.412337245047653e-16, 0.0, 0.029323089293009547, 3.6082248300317686e-16, 0.0, 0.0010083685147050212, 2.551400245361142e-16, 0.0
0.2969401257560582, 0.00153, 0.02945124417024428, 4.579669976578788e-16, 0.0, 0.029365807585421313, 1.445602896647345e-16, 0.0, 0.00071685290558364, 3.025057996745682e-16, 0.0
0.2969401257560582, 0.00306, 0.056411397821684035, 5.134781488891369e-16, 0.0, 0.06086831614347031, 3.284409781182765e-16, 0.0, 0.0042649166806366145, 1.989821845627423e-16, 0.0
0.2969401257560582, 0.0045899999999999995, 0.05986257313530218, 1.7347234759768133e-16, 0.0, 0.05656414722107654, 1.8503717077086002e-16, 0.0, 0.0032422660773585906, 8.73125002306822e-17, 0.0
0.2969401257560582, 0.00612, 0.056016235790237796, -4.926614671774151e-16, 0.0, 0.05899513492982678, -2.659909329831112e-16, 0.0, 0.0030656314227050403, 3.986292385515031e-16, 0.0
0.2969401257560582, 0.00765, 0.059336272205588236, -3.1918911957973384e-16, 0.0, 0.05643162384504563, -3.40005801291455e-16, 0.0, 0.003161038133630271, 2.6775500402385563e-16, 0.0
0.2969401257560582, 0.009179999999999999, 0.05612894691035211, -3.67761376907085e-16, 0.0, 0.05878980169698798, -1.9428902930940306e-16, 0.0, 0.0030403467294195683, 2.539104268996513e-16, 0.0
0.2969401257560582, 0.010709999999999999, 0.05935524341636594, -1.2490009027033072e-15, 0.0, 0.05731429897263433, -4.602799622925149e-16, 0.0, 0.0023980305193617396, 8.166206540740254e-16, 0.0
0.2969401257560582, 0.01224, 0.05613719513652488, -1.158795281952513e-15, 0.0, 0.05713938638494898, -6.753856733136394e-16, 0.0, 0.0011485603637317755, 4.3056568205498813e-16, 0.0
0.2969401257560582, 0.01377, 0.0592464770255873, -1.0963452368173472e-15, 0.0, 0.05947316630324475, -6.985153196599967e-16, 0.0, 0.00038378022284397555, 3.740786813972933e-16, 0.0
0.2969401257560582, 0.0153, 0.05639519809587431, -3.7470027081099176e-16, 0.0, 0.05531688109185032, -7.100801428331755e-16, 0.0, 0.0012762960786011485, 5.393772033706075e-16, 0.0
0.2969401257560582, 0.016829999999999998, 0.058803398183009684, -3.1225022567582636e-16, 0.0, 0.05972618053063863, -5.736152293896659e-16, 0.0, 0.0008013783746558567, 2.3390694696139535e-16, 0.0
0.2969401257560582, 0.018359999999999998, 0.057041515732248506, -1.2978288969385688e-8, 0.0, 0.05716288071258041, -4.326096517417592e-9, 0.0, 0.0017790414397975158, 7.493018461836346e-9, 0.0
0.2969401257560582, 0.019889999999999998, 0.05796454526497013, -1.815766766521217e-7, 0.0, 0.05739686794694502, -6.052555922867229e-8, 0.0, 0.0023511118477251383, 1.0483334284520027e-7, 0.0
0.2969401257560582, 0.021419999999999998, 0.05802669933998773, -1.1505683991275645e-6, 0.0, 0.05737985887533333, -3.835228002041626e-7, 0.0, 0.0005653243554432857, 6.642809745287157e-7, 0.0
0.2969401257560582, 0.022949999999999998, 0.056951211438846, -4.281072803366677e-6, 0.0, 0.057612042973464804, -1.427024268207539e-6, 0.0, 0.0010661496904710117, 2.4716785350815783e-6, 0.0
0.2969401257560582, 0.02448, 0.058971540142415624, -9.988940532289605e-6, 0.0, 0.05896120416042944, -3.329646844297763e-6, 0.0, 0.0005383694385279873, 5.767117505062299e-6, 0.0
0.2969401257560582, 0.02601, 0.05633516574000766, -1.3720738054467454e-5, 0.0, 0.05662096754075054, -4.573579351882355e-6, 0.0, 0.001142282376971435, 7.921671808886603e-6, 0.0
0.2969401257560582, 0.02754, 0.05914683541408192, -5.986772623409045e-6, 0.0, 0.05866901737069344, -1.9955908747564895e-6, 0.0, 0.0007998367820457015, 3.4564647854539113e-6, 0.0
0.2969401257560582, 0.02907, 0.05666539483493348, 1.8675569392695326e-5, 0.0, 0.05741593239533851, 6.225189797296805e-6, 0.0, 0.00065240747948364, 1.0782345016374541e-5, 0.0
0.2969401257560582, 0.0306, 0.058090591025179, 5.0760406348479044e-5, 0.0, 0.05735240968069543, 1.6920135449039673e-5, 0.0, 0.0009867869859951108, 2.930653426986177e-5, 0.0
0.2969401257560582, 0.03213, 0.05795544178151542, 6.127328336508147e-5, 0.0, 0.05838013483665937, 2.042442778792797e-5, 0.0, 0.0009330065750180316, 3.537614664533658e-5, 0.0
0.2969401257560582, 0.033659999999999995, 0.056730590487021434, 2.6814599784915362e-5, 0.0, 0.05725748787412644, 8.938199927893414e-6, 0.0, 0.0005040340473780408, 1.5481416404389515e-5, 0.0
0.2969401257560582, 0.03519, 0.059052501813409417, -2.1773033110901123e-5, 0.0, 0.057768478408683585, -7.257677703897386e-6, 0.0, 0.001267628735207393, 1.2570666527425046e-5, 0.0
0.2969401257560582, 0.036719999999999996, 0.05668348393542121, -4.51312772766996e-5, 0.0, 0.057841402046589586, -1.5043759092485313e-5, 0.0, 0.001214604341671244, 2.6056555084355815e-5, 0.0
0.2969401257560582, 0.03825, 0.05825758103123673, -4.954919707483064e-5, 0.0, 0.05799884232411532, -1.6516399025128585e-5, 0.0, 0.0002613140442281032, 2.860724226912304e-5, 0.0
0.2969401257560582, 0.039779999999999996, 0.05814689025161324, -1.2329699016690151e-5, 0.0, 0.05742711136127565, -4.109899672313317e-6, 0.0, 0.0009135232673943028, 7.118555046241011e-6, 0.0
0.2969401257560582, 0.04131, 0.0566510243249976, 4.54520048396651e-5, 0.0, 0.057371274475846654, 1.5150668279643192e-5, 0.0, 0.0006237654748741175, 2.6241727229601142e-5, 0.0
0.2969401257560582, 0.042839999999999996, 0.05875798206990571, 4.471756274094552e-5, 0.0, 0.058439168049988444, 1.4905854246826873e-5, 0.0, 0.0006107102808425602, 2.581769688612308e-5, 0.0
0.2969401257560582, 0.04437, 0.057293162764453974, 3.0964013125189016e-5, 0.0, 0.05774691805920622, 1.0321337708252935e-5, 0.0, 0.000459816196515746, 1.7877081313143175e-5, 0.0
0.2969401257560582, 0.045899999999999996, 0.05727374185945527, -7.476603740903684e-6, 0.0, 0.05748823909787287, -2.4922012471228634e-6, 0.0, 0.00023233163329200028, 4.316619182300698e-6, 0.0
0.2969401257560582, 0.04743, 0.0587767900419201, -5.50786157220632e-5, 0.0, 0.05795539301897445, -1.8359538574120524e-5, 0.0, 0.0007363737018868308, 3.1799653613639014e-5, 0.0
0.2969401257560582, 0.04896, 0.057069723955771895, 7.151965424188941e-6, 0.0, 0.0574493078618916, 2.3839884746325027e-6, 0.0, 0.00034243972553249497, 4.12918916297451e-6, 0.0
0.2969401257560582, 0.05048999999999999, 0.057506341882067956, 1.4628368803462937e-5, 0.0, 0.05763993117877279, 4.876122934369684e-6, 0.0, 0.00011910300980560239, 8.445692666586609e-6, 0.0
0.2969401257560582, 0.05202, 0.05858458392625571, 4.480204668751744e-6, 0.0, 0.058014687095155566, 1.493401556130307e-6, 0.0, 0.0004935734636799092, 2.586647371632598e-6, 0.0
0.2969401257560582, 0.05354999999999999, 0.057126074335796674, 6.490856626832991e-5, 0.0, 0.05753162854792285, 2.1636188756049833e-5, 0.0, 0.00035122079978288967, 3.747497820778502e-5, 0.0
0.2969401257560582, 0.05508, 0.05738400789282419, -3.961393377745416e-5, 0.0, 0.05761799253343857, -1.3204644592514787e-5, 0.0, 0.00020263664723357095, 2.287111533004713e-5, 0.0
0.2969401257560582, 0.056609999999999994, 0.058569758361868854, -9.269786506370362e-5, 0.0, 0.05801326989761269, -3.089928835458869e-5, 0.0, 0.00048193314696045605, 5.3519137347814864e-5, 0.0
0.2969401257560582, 0.05814, 0.05773281274270941, -3.905787435543815e-5, 0.0, 0.05773428886021149, -1.3019291451812717e-5, 0.0, 1.2783552557701754e-6, 2.25500742730868e-5, 0.0
0.2969401257560582, 0.059669999999999994, 0.057134445028816365, -7.979495149943659e-5, 0.0, 0.05753483295558047, -2.6598317166478863e-5, 0.0, 0.00034674611594629926, 4.606963672817285e-5, 0.0
0.2969401257560582, 0.0612, 0.05786529769240556, 8.708496584174435e-6, 0.0, 0.057778450510110206, 2.9028321947248117e-6, 0.0, 7.521186611487521e-5, 5.027852847110046e-6, 0.0
0.2969401257560582, 0.06273, 0.058203686146226244, 0.00010401903030534087, 0.0, 0.05789124666138377, 3.467301010178029e-5, 0.0, 0.00027058053101890856, 6.005541514763239e-5, 0.0
0.2969401257560582, 0.06426, 0.05770456422614521, 3.8018908973974066e-5, 0.0, 0.05772487268802342, 1.2672969657991355e-5, 0.0, 1.7587643898320198e-5, 2.1950227330419807e-5, 0.0
0.2969401257560582, 0.06579, 0.05730470989962869, 9.843998584700146e-6, 0.0, 0.057591587912517915, 3.2813328615667154e-6, 0.0, 0.0002484436469492657, 5.683435232778924e-6, 0.0
0.2969401257560582, 0.06731999999999999, 0.05733732993981289, 5.1991098623448374e-5, 0.0, 0.05760246125924598, 1.7330366207816125e-5, 0.0, 0.00022961045796794524, 3.0017074785712302e-5, 0.0
0.2969401257560582, 0.06885, 0.057749770839797265, -5.86513312512967e-5, 0.0, 0.057739941559240775, -1.9550443750432234e-5, 0.0, 8.512406662846329e-6, 3.386236188626606e-5, 0.0
0.2969401257560582, 0.07038, 0.05809025389061407, -7.735290770588509e-5, 0.0, 0.05785343590951304, -2.5784302568628364e-5, 0.0, 0.00020509038770643356, 4.4659722086593034e-5, 0.0
0.2969401257560582, 0.07191, 0.05782942506141558, 7.312519591073031e-5, 0.0, 0.05776649296644688, 2.4375065303576768e-5, 0.0, 5.4500792956270114e-5, 4.221885154360427e-5, 0.0
0.2969401257560582, 0.07343999999999999, 0.057696148389456414, 2.6929243712056408e-5, 0.0, 0.05772206740912716, 8.97641457068547e-6, 0.0, 2.24465294760514e-5, 1.5547606106228804e-5, 0.0
0.2969401257560582, 0.07497, 0.0579049767427651, 7.723854404624353e-5, 0.0, 0.057791676860230054, 2.5746181348747844e-5, 0.0, 9.81205765211465e-5, 4.4593694196913466e-5, 0.0
0.2969401257560582, 0.0765, 0.0577611296630461, 0.00015677677694185776, 0.0, 0.05774372783365705, 5.225892564728592e-5, 0.0, 1.5070426323239557e-5, 9.05151143700635e-5, 0.0
0.2969401257560582, 0.07802999999999999, 0.05761760329635899, 9.756842667913674e-6, 0.0, 0.057695885711428016, 3.252280889304558e-6, 0.0, 6.779456011937389e-5, 5.633115740760786e-6, 0.0
0.2969401257560582, 0.07955999999999999, 0.057844664834556345, -1.7655873903076494e-5, 0.0, 0.057771572890827134, -5.885291301025498e-6, 0.0, 6.329948008147973e-5, 1.01936235507193e-5, 0.0
0.2969401257560582, 0.08109, 0.05778274050019205, -6.371380855472727e-5, 0.0, 0.05775093144603903, -2.1237936184909092e-5, 0.0, 2.7547448966865844e-5, 3.6785184520168074e-5, 0.0
0.2969401257560582, 0.08262, 0.05753469672084009, -0.00021811373419991476, 0.0, 0.05766825018625505, -7.270457806663826e-5, 0.0, 0.00011566069381279915, 0.00012592802315427527, 0.0
0.2969401257560582, 0.08414999999999999, 0.057743633380011136, -0.00015603125847539256, 0.0, 0.05773789573931206, -5.201041949179752e-5, 0.0, 4.9689426031861825e-6, 9.008468908276398e-5, 0.0
0.2969401257560582, 0.08567999999999999, 0.05771368155000489, -0.00014104014857841248, 0.0, 0.057727911795976646, -4.701338285947082e-5, 0.0, 1.2323754513641031e-5, 8.142956774829126e-5, 0.0
0.2969401257560582, 0.08721, 0.05757699139575009, -0.00010542413027588105, 0.0, 0.05768234841122505, -3.514137675862702e-5, 0.0, 9.124185186822127e-5, 6.08666499938621e-5, 0.0
0.2969401257560582, 0.08874, 0.05789896269259751, 1.9474204355804973e-5, 0.0, 0.057789672176840855, 6.491401451934991e-6, 0.0, 9.464836303796896e-5, 1.1243437127077784e-5, 0.0
0.2969401257560582, 0.09026999999999999, 0.05780250991997828, 3.7344121915825e-5, 0.0, 0.05775752125263445, 1.2448040638608332e-5, 0.0, 3.8961328802170124e-5, 2.1560638840751766e-5, 0.0
0.2969401257560582, 0.09179999999999999, 0.057582886325830446, -2.4925064087058688e-5, 0.0, 0.0576843133879185, -8.30835469568623e-6, 0.0, 8.783841239947481e-5, 1.4390492460232006e-5, 0.0
0.2969401257560582, 0.09333, 0.05775196010811035, 0.00016634204744919978, 0.0, 0.05774067131534513, 5.544734914973326e-5, 0.0, 9.776381312737249e-6, 9.603762587234899e-5, 0.0
0.2969401257560582, 0.09486, 0.05763434008256665, 0.00013588039756385627, 0.0, 0.0577014646401639, 4.529346585461876e-5, 0.0, 5.813157209701342e-5, 7.845058411108579e-5, 0.0
0.2969401257560582, 0.09638999999999999, 0.057379186048039724, 5.196299198832057e-5, 0.0, 0.05761641329532159, 1.732099732944019e-5, 0.0, 0.00020544482261595077, 3.0000847412355247e-5, 0.0
0.2969401257560582, 0.09792, 0.057407530276611204, 6.540718445896508e-5, 0.0, 0.057625861371512085, 2.1802394819655026e-5, 0.0, 0.00018908027462023405, 3.7762855554318995e-5, 0.0
0.2969401257560582, 0.09945, 0.057391093779493474, 0.0001529158022475187, 0.0, 0.05762038253913951, 5.097193408250624e-5, 0.0, 0.0001985698906556903, 8.82859795909525e-5, 0.0
0.2969401257560582, 0.10097999999999999, 0.05734063423358312, 0.0001104369216952449, 0.0, 0.05760356269050272, 3.68123072317483e-5, 0.0, 0.00022770272307021865, 6.376078646922327e-5, 0.0
0.2969401257560582, 0.10250999999999999, 0.05723496740037611, 0.00013922817462205388, 0.0, 0.05756834041276705, 4.640939154068463e-5, 0.0, 0.0002887094976666998, 8.038342409682303e-5, 0.0
0.2969401257560582, 0.10404, 0.05709595044962526, 8.933863656103411e-5, 0.0, 0.057522001429183435, 2.9779545520344704e-5, 0.0, 0.00036897097160462503, 5.1579685867547186e-5, 0.0
0.2969401257560582, 0.10557, 0.05695407949091922, 0.00013499066404411072, 0.0, 0.05747471110961476, 4.4996888014703574e-5, 0.0, 0.00045088020780374976, 7.793689622395366e-5, 0.0
0.2969401257560582, 0.10709999999999999, 0.05696021964070643, 0.00011903050569924931, 0.0, 0.05747675782621049, 3.9676835233083106e-5, 0.0, 0.0004473351906712362, 6.872229450723888e-5, 0.0
0.2969401257560582, 0.10862999999999999, 0.056651298724620346, 9.711260746352976e-5, 0.0, 0.05737378418751513, 3.2370869154509916e-5, 0.0, 0.0006256907647318448, 5.606799006077537e-5, 0.0
0.2969401257560582, 0.11016, 0.05677815400070168, 9.033502819704758e-5, 0.0, 0.057416069279542244, 3.011167606568253e-5, 0.0, 0.0005524508369381627, 5.2154952846817855e-5, 0.0
0.2969401257560582, 0.11169, 0.056532839845427, 8.800300709987226e-5, 0.0, 0.057334297894450686, 2.933433569995742e-5, 0.0, 0.000694083030522025, 5.0808559838607796e-5, 0.0
0.2969401257560582, 0.11321999999999999, 0.056660203534710955, 3.7264687490632004e-6, 0.0, 0.05737675245754534, 1.2421562496877335e-6, 0.0, 0.0006205495702289499, 2.1514777353983667e-6, 0.0
0.2969401257560582, 0.11474999999999999, 0.05646040575937666, -1.2516301764889466e-16, 0.0, 0.05731015319910057, -4.172100588296489e-17, 0.0, 0.0007359028696016953, 7.22629019321752e-17, 0.0
0.2969401257560582, 0.11628, 0.056660203534711025, -3.7264687487990663e-6, 0.0, 0.05737675245754536, -1.2421562495996887e-6, 0.0, 0.0006205495702289088, 2.151477735245869e-6, 0.0
0.2969401257560582, 0.11781, 0.05653283984542716, -8.80030070995942e-5, 0.0, 0.057334297894450735, -2.9334335699864734e-5, 0.0, 0.0006940830305219309, 5.080855983844726e-5, 0.0
0.2969401257560582, 0.11933999999999999, 0.056778154000701936, -9.033502819700587e-5, 0.0, 0.05741606927954233, -3.0111676065668624e-5, 0.0, 0.0005524508369380135, 5.215495284679377e-5, 0.0
0.2969401257560582, 0.12086999999999999, 0.05665129872462051, -9.711260746334205e-5, 0.0, 0.05737378418751519, -3.237086915444735e-5, 0.0, 0.0006256907647317488, 5.606799006066699e-5, 0.0
0.2969401257560582, 0.1224, 0.056960219640706175, -0.00011903050569950643, 0.0, 0.05747675782621041, -3.967683523316881e-5, 0.0, 0.00044733519067138546, 6.872229450738732e-5, 0.0
0.2969401257560582, 0.12392999999999998, 0.05695407949091923, -0.00013499066404397173, 0.0, 0.05747471110961476, -4.4996888014657244e-5, 0.0, 0.00045088020780374477, 7.793689622387342e-5, 0.0
0.2969401257560582, 0.12546, 0.057095950449625586, -8.933863656097164e-5, 0.0, 0.057522001429183546, -2.9779545520323877e-5, 0.0, 0.00036897097160443773, 5.1579685867511116e-5, 0.0
0.2969401257560582, 0.12699, 0.05723496740037652, -0.0001392281746218596, 0.0, 0.05756834041276719, -4.640939154061986e-5, 0.0, 0.0002887094976664644, 8.038342409671087e-5, 0.0
0.2969401257560582, 0.12852, 0.057340634233582974, -0.00011043692169491848, 0.0, 0.05760356269050267, -3.6812307231639495e-5, 0.0, 0.00022770272307030278, 6.376078646903481e-5, 0.0
0.2969401257560582, 0.13005, 0.05739109377949315, -0.00015291580224778244, 0.0, 0.0576203825391394, -5.097193408259415e-5, 0.0, 0.00019856989065587758, 8.828597959110478e-5, 0.0
0.2969401257560582, 0.13158, 0.05740753027661115, -6.54071844591247e-5, 0.0, 0.057625861371512065, -2.1802394819708234e-5, 0.0, 0.0001890802746202651, 3.7762855554411146e-5, 0.0
0.2969401257560582, 0.13310999999999998, 0.05737918604803987, -5.196299198839e-5, 0.0, 0.05761641329532164, -1.7320997329463332e-5, 0.0, 0.00020544482261586664, 3.0000847412395335e-5, 0.0
0.2969401257560582, 0.13463999999999998, 0.05763434008256649, -0.0001358803975638146, 0.0, 0.057701464640163846, -4.529346585460487e-5, 0.0, 5.813157209710456e-5, 7.845058411106173e-5, 0.0
0.2969401257560582, 0.13616999999999999, 0.05775196010811063, -0.00016634204744942174, 0.0, 0.05774067131534523, -5.5447349149807244e-5, 0.0, 9.776381312895493e-6, 9.603762587247715e-5, 0.0
0.2969401257560582, 0.1377, 0.05758288632583066, 2.49250640872253e-5, 0.0, 0.05768431338791857, 8.308354695741766e-6, 0.0, 8.783841239935263e-5, 1.4390492460328202e-5, 0.0
0.2969401257560582, 0.13923, 0.05780250991997884, -3.734412191551973e-5, 0.0, 0.05775752125263463, -1.2448040638506578e-5, 0.0, 3.896132880249262e-5, 2.1560638840575523e-5, 0.0
0.2969401257560582, 0.14076, 0.057898962692597984, -1.94742043560339e-5, 0.0, 0.057789672176841014, -6.491401452011299e-6, 0.0, 9.464836303824037e-5, 1.1243437127209954e-5, 0.0
0.2969401257560582, 0.14229, 0.057576991395750274, 0.00010542413027581867, 0.0, 0.05768234841122511, 3.514137675860622e-5, 0.0, 9.124185186811811e-5, 6.0866649993826086e-5, 0.0
0.2969401257560582, 0.14382, 0.05771368155000518, 0.0001410401485784125, 0.0, 0.05772791179597674, 4.701338285947084e-5, 0.0, 1.2323754513472773e-5, 8.142956774829127e-5, 0.0
0.2969401257560582, 0.14534999999999998, 0.0577436333800114, 0.00015603125847544095, 0.0, 0.05773789573931215, 5.2010419491813646e-5, 0.0, 4.968942603337415e-6, 9.008468908279191e-5, 0.0
0.2969401257560582, 0.14687999999999998, 0.05753469672083999, 0.00021811373420023406, 0.0, 0.057668250186255016, 7.270457806674469e-5, 0.0, 0.00011566069381285924, 0.0001259280231544596, 0.0
0.2969401257560582, 0.14841, 0.05778274050019213, 6.371380855518517e-5, 0.0, 0.05775093144603906, 2.1237936185061724e-5, 0.0, 2.7547448966913918e-5, 3.678518452043244e-5, 0.0
0.2969401257560582, 0.14994, 0.057844664834556324, 1.7655873902660282e-5, 0.0, 0.05777157289082713, 5.885291300886761e-6, 0.0, 6.32994800814677e-5, 1.0193623550479002e-5, 0.0
0.2969401257560582, 0.15147, 0.057617603296359295, -9.756842668163568e-6, 0.0, 0.05769588571142811, -3.2522808893878557e-6, 0.0, 6.779456011919562e-5, 5.633115740905063e-6, 0.0
0.2969401257560582, 0.153, 0.05776112966304576, -0.00015677677694188574, 0.0, 0.05774372783365694, -5.2258925647295243e-5, 0.0, 1.5070426323042252e-5, 9.051511437007965e-5, 0.0
0.2969401257560582, 0.15453, 0.057904976742764874, -7.72385440461118e-5, 0.0, 0.05779167686022998, -2.5746181348703934e-5, 0.0, 9.81205765210143e-5, 4.459369419683741e-5, 0.0
0.2969401257560582, 0.15605999999999998, 0.057696148389456255, -2.6929243712250755e-5, 0.0, 0.0577220674091271, -8.976414570750252e-6, 0.0, 2.244652947614254e-5, 1.554760610634101e-5, 0.0
0.2969401257560582, 0.15758999999999998, 0.057829425061415494, -7.312519591066786e-5, 0.0, 0.05776649296644685, -2.437506530355595e-5, 0.0, 5.450079295622204e-5, 4.221885154356821e-5, 0.0
0.2969401257560582, 0.15911999999999998, 0.05809025389061445, 7.735290770568396e-5, 0.0, 0.05785343590951317, 2.578430256856132e-5, 0.0, 0.00020509038770665487, 4.465972208647691e-5, 0.0
0.2969401257560582, 0.16065, 0.057749770839797425, 5.865133125142855e-5, 0.0, 0.05773994155924082, 1.955044375047618e-5, 0.0, 8.512406662940473e-6, 3.3862361886342184e-5, 0.0
0.2969401257560582, 0.16218, 0.05733732993981254, -5.1991098623309556e-5, 0.0, 0.05760246125924586, -1.7330366207769853e-5, 0.0, 0.00022961045796814455, 3.0017074785632152e-5, 0.0
0.2969401257560582, 0.16371, 0.05730470989962867, -9.843998584478162e-6, 0.0, 0.05759158791251791, -3.2813328614927207e-6, 0.0, 0.0002484436469492777, 5.683435232650762e-6, 0.0
0.2969401257560582, 0.16524, 0.05770456422614542, -3.801890897354393e-5, 0.0, 0.05772487268802349, -1.2672969657847977e-5, 0.0, 1.7587643898195006e-5, 2.1950227330171467e-5, 0.0
0.2969401257560582, 0.16677, 0.05820368614622586, -0.00010401903030500083, 0.0, 0.057891246661383636, -3.4673010101666944e-5, 0.0, 0.00027058053101869026, 6.005541514743606e-5, 0.0
0.2969401257560582, 0.16829999999999998, 0.0578652976924059, -8.708496583980185e-6, 0.0, 0.05777845051011032, -2.9028321946600615e-6, 0.0, 7.521186611507252e-5, 5.027852846997896e-6, 0.0
0.2969401257560582, 0.16982999999999998, 0.05713444502881628, 7.97949514986873e-5, 0.0, 0.05753483295558044, 2.65983171662291e-5, 0.0, 0.00034674611594634735, 4.6069636727740244e-5, 0.0
0.2969401257560582, 0.17135999999999998, 0.05773281274270927, 3.905787435525073e-5, 0.0, 0.05773428886021144, 1.3019291451750243e-5, 0.0, 1.2783552558492972e-6, 2.255007427297859e-5, 0.0
0.2969401257560582, 0.17289, 0.058569758361869124, 9.269786506398117e-5, 0.0, 0.05801326989761277, 3.089928835468121e-5, 0.0, 0.0004819331469606223, 5.3519137347975096e-5, 0.0
0.2969401257560582, 0.17442, 0.05738400789282468, 3.961393377783571e-5, 0.0, 0.05761799253343873, 1.3204644592635032e-5, 0.0, 0.0002026366472332845, 2.2871115330273426e-5, 0.0
0.2969401257560582, 0.17595, 0.057126074335796584, -6.49085662682258e-5, 0.0, 0.057531628547922826, -2.16361887560637e-5, 0.0, 0.00035122079978294974, 3.7474978207682846e-5, 0.0
0.2969401257560582, 0.17748, 0.05858458392625583, -4.480204668987652e-6, 0.0, 0.058014687095155594, -1.493401556271393e-6, 0.0, 0.0004935734636799957, 2.586647371714716e-6, 0.0
0.2969401257560582, 0.17900999999999997, 0.05750634188206777, -1.462836880378904e-5, 0.0, 0.05763993117877272, -4.876122934487637e-6, 0.0, 0.00011910300980570394, 8.445692666766871e-6, 0.0
0.2969401257560582, 0.18053999999999998, 0.05706972395577179, -7.151965423779528e-6, 0.0, 0.05744930786189156, -2.383988474433581e-6, 0.0, 0.00034243972553255265, 4.129189162792219e-6, 0.0
0.2969401257560582, 0.18206999999999998, 0.058776790041920296, 5.507861572229219e-5, 0.0, 0.05795539301897454, 1.8359538574305563e-5, 0.0, 0.0007363737018869048, 3.1799653613677076e-5, 0.0
0.2969401257560582, 0.18359999999999999, 0.0572737418594554, 7.476603741160432e-6, 0.0, 0.05748823909787289, 2.49220124726627e-6, 0.0, 0.00023233163329194382, 4.316619182398855e-6, 0.0
0.2969401257560582, 0.18513, 0.05729316276445433, -3.096401312489066e-5, 0.0, 0.05774691805920638, -1.0321337708084092e-5, 0.0, 0.0004598161965156347, 1.787708131303101e-5, 0.0
0.2969401257560582, 0.18666, 0.05875798206990566, -4.47175627405154e-5, 0.0, 0.05843916804998844, -1.4905854246634925e-5, 0.0, 0.0006107102808425594, 2.581769688591682e-5, 0.0
0.2969401257560582, 0.18819, 0.05665102432499765, -4.545200483919324e-5, 0.0, 0.05737127447584662, -1.515066827958305e-5, 0.0, 0.0006237654748740459, 2.624172722924459e-5, 0.0
0.2969401257560582, 0.18972, 0.05814689025161313, 1.2329699015913009e-5, 0.0, 0.05742711136127555, 4.10989967215604e-6, 0.0, 0.0009135232673943788, 7.118555045704192e-6, 0.0
0.2969401257560582, 0.19124999999999998, 0.05825758103123699, 4.9549197074678025e-5, 0.0, 0.0579988423241154, 1.6516399024962065e-5, 0.0, 0.0002613140442282293, 2.860724226913508e-5, 0.0
0.2969401257560582, 0.19277999999999998, 0.05668348393542113, 4.513127727618602e-5, 0.0, 0.0578414020465896, 1.5043759092272486e-5, 0.0, 0.0012146043416713457, 2.6056555084095356e-5, 0.0
0.2969401257560582, 0.19430999999999998, 0.059052501813409784, 2.1773033110797063e-5, 0.0, 0.05776847840868375, 7.257677703834943e-6, 0.0, 0.0012676287352075143, 1.2570666527389005e-5, 0.0
0.2969401257560582, 0.19584, 0.05673059048702183, -2.68145997849986e-5, 0.0, 0.0572574878741266, -8.938199927972044e-6, 0.0, 0.0005040340473778393, 1.5481416404393503e-5, 0.0
0.2969401257560582, 0.19737, 0.057955441781514995, -6.127328336618465e-5, 0.0, 0.05838013483665912, -2.0424427788399776e-5, 0.0, 0.0009330065750179326, 3.5376146645883365e-5, 0.0
0.2969401257560582, 0.1989, 0.05809059102517874, -5.0760406348839765e-5, 0.0, 0.05735240968069531, -1.6920135449240868e-5, 0.0, 0.00098678698599506, 2.9306534269999925e-5, 0.0
0.2969401257560582, 0.20043, 0.056665394834933734, -1.8675569392660635e-5, 0.0, 0.05741593239533864, -6.225189797090952e-6, 0.0, 0.0006524074794835404, 1.078234501652277e-5, 0.0
0.2969401257560582, 0.20195999999999997, 0.059146835414082145, 5.986772623790688e-6, 0.0, 0.05866901737069352, 1.995590875038672e-6, 0.0, 0.0007998367820457756, 3.456464785540046e-6, 0.0
0.2969401257560582, 0.20348999999999998, 0.056335165740007874, 1.3720738055293194e-5, 0.0, 0.056620967540750675, 4.573579352301006e-6, 0.0, 0.001142282376971276, 7.921671809239152e-6, 0.0
0.2969401257560582, 0.20501999999999998, 0.058971540142416325, 9.988940531963469e-6, 0.0, 0.05896120416042975, 3.3296468444087823e-6, 0.0, 0.0005383694385281646, 5.767117504683711e-6, 0.0
0.2969401257560582, 0.20654999999999998, 0.05695121143884691, 4.281072803533208e-6, 0.0, 0.05761204297346521, 1.4270242680063102e-6, 0.0, 0.0010661496904706758, 2.471678535400068e-6, 0.0
0.2969401257560582, 0.20808, 0.05802669933998788, 1.1505683995716541e-6, 0.0, 0.05737985887533326, 3.8352280011858305e-7, 0.0, 0.0005653243554434476, 6.642809749874227e-7, 0.0
0.2969401257560582, 0.20961, 0.05796454526497013, 1.8157667726274452e-7, 0.0, 0.05739686794694494, 6.052555930962611e-8, 0.0, 0.002351111847725094, 1.0483334330390707e-7, 0.0
0.2969401257560582, 0.21114, 0.05704151573224808, 1.2978288983263484e-8, 0.0, 0.057162880712580404, 4.326096501226842e-9, 0.0, 0.001779041439797551, 7.493018487876474e-9, 0.0
0.2969401257560582, 0.21267, 0.058803398183009614, 2.081668171172179e-16, 0.0, 0.05972618053063864, 4.880355379081433e-16, 0.0, 0.0008013783746559271, 2.7758466670854287e-16, 0.0
0.2969401257560582, 0.21419999999999997, 0.056395198095874205, 2.7061686225238294e-16, 0.0, 0.055316881091850345, 6.175615574477451e-16, 0.0, 0.0012762960786011118, 3.024593730708211e-16, 0.0
0.2969401257560582, 0.21572999999999998, 0.0592464770255877, 1.249000902703308e-16, 0.0, 0.05947316630324488, 1.9891495857867443e-16, 0.0, 0.0003837802228440048, 3.187614374146131e-16, 0.0
0.2969401257560582, 0.21725999999999998, 0.056137195136524994, 8.118505867571497e-16, 0.0, 0.057139386384949135, 5.620504062164873e-16, 0.0, 0.0011485603637317427, 2.400696848537708e-16, 0.0
0.2969401257560582, 0.21878999999999998, 0.059355243416365944, 9.783840404509228e-16, 0.0, 0.05731429897263424, 6.684467794097316e-16, 0.0, 0.0023980305193616893, 3.0216738536804233e-16, 0.0
0.2969401257560582, 0.22032, 0.05612894691035174, 5.342948306008586e-16, 0.0, 0.05878980169698796, 1.3415194880887364e-16, 0.0, 0.003040346729419889, 3.4945673250111354e-16, 0.0
0.2969401257560582, 0.22185, 0.05933627220558796, 5.342948306008594e-16, 0.0, 0.056431623845045485, 2.336094280982113e-16, 0.0, 0.0031610381336301414, 3.608447223623777e-16, 0.0
0.2969401257560582, 0.22338, 0.056016235790237796, 2.636779683484754e-16, 0.0, 0.05899513492982691, 3.677613769070841e-16, 0.0, 0.0030656314227050663, 1.1167092902769036e-16, 0.0
0.2969401257560582, 0.22490999999999997, 0.0598625731353019, -1.1796119636642345e-16, 0.0, 0.05656414722107645, -1.7115938296304542e-16, 0.0, 0.0032422660773583703, 1.1700492306459867e-16, 0.0
0.2969401257560582, 0.22643999999999997, 0.05641139782168303, 3.1225022567582676e-16, 0.0, 0.060868316143469825, 1.3877787807814496e-16, 0.0, 0.004264916680637031, 2.539104268996513e-16, 0.0
0.2969401257560582, 0.22796999999999998, 0.029451244170243928, 1.5265566588595967e-16, 0.0, 0.029365807585421008, 2.914335439641045e-16, 0.0, 0.0007168529055837454, 2.167779754565689e-16, 0.0
0.3959201676747443, 0.00153, 0.026520793156155485, 4.3116411553577843e-5, -1.7347159802790145e-17, 0.028654553978104857, 1.0779102888502881e-5, -4.336789950697536e-18, 0.0015382172043782252, 2.1558205776716643e-5, 8.673579901395073e-18
0.3959201676747443, 0.00306, 0.05572721222830499, 3.821128775387266e-5, -2.0816492607538592e-17, 0.05958304016467898, 9.552821938714496e-6, -5.204123151884648e-18, 0.004328288371686935, 1.910564387677211e-5, 1.0408246303769295e-17
0.3959201676747443, 0.0045899999999999995, 0.0590034584661061, 3.7468062218817136e-5, -3.469481200808126e-18, 0.05717397503233393, 9.367015554843062e-6, -8.673703002020316e-19, 0.002914747453060972, 1.8734031109316048e-5, 1.734740600404063e-18
0.3959201676747443, 0.00612, 0.057282433794359135, 3.624934955731686e-5, -6.938947343128928e-18, 0.05856695964595987, 9.062337389129722e-6, -1.734736835782232e-18, 0.0026455119809674636, 1.8124674778791424e-5, 3.469473671564464e-18
0.3959201676747443, 0.00765, 0.057969571807660485, 4.0503516682759886e-5, 2.0816344069875976e-17, 0.056816110835699346, 1.0125879170434967e-5, 5.204086017468994e-18, 0.0026930953143370715, 2.0251758341549946e-5, 1.0408172034937988e-17
0.3959201676747443, 0.009179999999999999, 0.05761647139440815, 5.899341793459254e-5, 1.0408403731875765e-17, 0.05849646912134302, 1.4748354483502419e-5, 2.6021009329689413e-18, 0.0025508132343364924, 2.9496708967393415e-5, 5.2042018659378826e-18
0.3959201676747443, 0.010709999999999999, 0.05772041686565391, 4.670234469192909e-5, -4.5103590045715743e-17, 0.05741582844588922, 1.1675586172637062e-5, -1.1275897511428936e-17, 0.0019684849970517657, 2.3351172346194682e-5, 2.2551795022857872e-17
0.3959201676747443, 0.01224, 0.05790376242160119, -4.863424121520484e-6, 2.081564312966752e-17, 0.05733048039411204, -1.2158560308866604e-6, 5.20391078241688e-18, 0.0010126837055282752, 2.4317120604225492e-6, 1.0407821564833759e-17
0.3959201676747443, 0.01377, 0.057442344748609306, 2.174132450750556e-5, 0.0, 0.05896546091458589, 5.435331126352504e-6, 0.0, 0.001062662012584636, 1.0870662254102037e-5, 0.0
0.3959201676747443, 0.0153, 0.05818449171492355, 7.772786921040708e-5, -1.3878735105067502e-17, 0.05603378374761862, 1.943196730206921e-5, -3.469683776266876e-18, 0.001772498836358544, 3.8863934605558584e-5, 6.939367552533751e-18
0.3959201676747443, 0.016829999999999998, 0.05706532282094958, 5.8659793822112124e-5, 2.4285670698505827e-17, 0.059060966103216365, 1.466494845509782e-5, 6.071417674626457e-18, 0.0014826257576948689, 2.932989691134287e-5, 1.2142835349252914e-17
0.3959201676747443, 0.018359999999999998, 0.058528258569776406, 2.9593696732056613e-6, -1.3877046878828412e-17, 0.057504225176879406, 7.365978459133521e-7, -3.469261719707103e-18, 0.001605009803575925, 1.4818605143824202e-6, 6.938523439414206e-18
0.3959201676747443, 0.019889999999999998, 0.05686320272867176, -4.78793527628499e-5, 3.4691761050611616e-17, 0.05726345164237671, -1.201523236013398e-5, 8.672940262652904e-18, 0.0019381307803244348, 2.390956681893173e-5, 1.7345880525305808e-17
0.3959201676747443, 0.021419999999999998, 0.05878357954400046, 3.512123612928382e-5, -3.4698293595473736e-17, 0.05773078904250011, 8.492666932167834e-6, -8.674573398868434e-18, 0.000840041078449381, 1.7760663167113945e-5, 1.7349146797736868e-17
0.3959201676747443, 0.022949999999999998, 0.05662920741580303, 0.00010465111372399597, -1.387949579544947e-17, 0.05736633408404936, 2.509251022984334e-5, -3.4698739488623675e-18, 0.0009996373717563976, 5.307744941586554e-5, 6.939747897724735e-18
0.3959201676747443, 0.02448, 0.058697530659298516, 1.8311492484821565e-5, 2.0812400142377898e-17, 0.0588952857851467, 2.0806379879820685e-6, 5.2031000355944745e-18, 0.0004589212318328197, 1.1800755233333705e-5, 1.0406200071188949e-17
0.3959201676747443, 0.02601, 0.05690810864040329, 2.1589171301374018e-5, 2.4286699159357315e-17, 0.05669275281566373, 1.967108311431738e-6, 6.071674789839329e-18, 0.0009436552276142959, 1.459306810102851e-5, 1.2143349579678657e-17
0.3959201676747443, 0.02754, 0.058349747077381296, -1.5124480523443885e-5, 4.857639390799756e-17, 0.058589199797365404, -5.277813286928339e-6, 1.214409847699939e-17, 0.0006722915776085458, 7.1453972406886805e-6, 2.428819695399878e-17
0.3959201676747443, 0.02907, 0.057520619955802425, -3.091016823072781e-5, -3.8161889485044025e-17, 0.05744210428545449, -3.058649709709349e-6, -9.540472371261006e-18, 0.0005352540370575786, 2.0549079784801825e-5, 1.9080944742522012e-17
0.3959201676747443, 0.0306, 0.05758358154764518, 6.153509197391638e-5, -1.734832604307518e-17, 0.057410202647432865, 2.807387458025885e-5, -4.337081510768795e-18, 0.0008139568857358489, 3.271399629673637e-5, 8.67416302153759e-18
0.3959201676747443, 0.03213, 0.05815459122238139, 4.451020351525618e-5, -3.469276658589704e-17, 0.05832374893308987, 2.644587171976002e-5, -8.67319164647426e-18, 0.0007700984741165542, 3.1294498703100526e-5, 1.734638329294852e-17
0.3959201676747443, 0.033659999999999995, 0.05700602029246513, -2.851042361901903e-5, -1.3875868689613007e-17, 0.057194620978711114, -4.239559588346978e-7, -3.4689671724032518e-18, 0.00043032065575278393, 2.259165083197017e-5, 6.937934344806503e-18
0.3959201676747443, 0.03519, 0.058642217918000526, 1.800274577767826e-5, -7.980643834878276e-17, 0.05798691328601282, -9.425718335034737e-7, -1.995160958719569e-17, 0.0011234368055588837, 1.6274827799794102e-5, 3.990321917439138e-17
0.3959201676747443, 0.036719999999999996, 0.056865407085438836, 2.0016243852098842e-5, -6.939408195615584e-18, 0.0575974033063019, -6.278758356339273e-6, -1.734852048903896e-18, 0.0011052830763741044, 2.7566833820032273e-5, 3.469704097807792e-18
0.3959201676747443, 0.03825, 0.05843416890715588, -2.3795064245171745e-5, 4.856700464720023e-17, 0.058107673969875456, -1.8336065330139375e-5, 1.2141751161800057e-17, 0.00030479609842648514, 2.363953500690245e-5, 2.4283502323600115e-17
0.3959201676747443, 0.039779999999999996, 0.057367810119641344, 8.165864385821223e-5, 6.246021433463724e-17, 0.057412286050867074, 1.733223621031807e-5, 1.561505358365931e-17, 0.0007464777286443433, 4.327635977606969e-5, 3.123010716731862e-17
0.3959201676747443, 0.04131, 0.05765124818791647, -2.3937922311395827e-5, -7.28470600169041e-17, 0.057441267903864106, 5.378520631883437e-6, -1.8211765004226024e-17, 0.0005281905258766263, 2.9001120275953584e-5, 3.642353000845205e-17
0.3959201676747443, 0.042839999999999996, 0.058306616487558506, 8.994002240933636e-6, -6.939400488324129e-18, 0.05840603015938096, 1.3427891245353564e-5, -1.7348501220810323e-18, 0.000503028008425164, 2.1286297945017327e-5, 3.4697002441620645e-18
0.3959201676747443, 0.04437, 0.05684784851221771, 6.0274739471904865e-5, -2.0819675835529215e-17, 0.05752215067245909, 2.2809688149165917e-5, -5.204918958882304e-18, 0.0005856922988788566, 2.892914812303837e-5, 1.0409837917764606e-17
0.3959201676747443, 0.045899999999999996, 0.05862158491596138, -5.022341941050988e-5, -2.0809409000375313e-17, 0.057771575552394996, -1.4425005787969616e-5, -5.202352250093828e-18, 0.0005975813844686183, 2.412445711203085e-5, 1.0404704500187656e-17
0.3959201676747443, 0.04743, 0.05718322055439535, 2.5646448243467722e-5, 1.0410090468910781e-17, 0.05776234990282968, -7.3580418697234625e-6, 2.6025226172276953e-18, 0.0007145348589470992, 3.4033469294882656e-5, 5.2050452344553906e-18
0.3959201676747443, 0.04896, 0.05764252217908167, -1.2355492470043967e-5, 6.939359298317601e-18, 0.05749761144118912, -1.3008817615366148e-6, 1.7348398245794004e-18, 0.0002958201934289134, 8.104312230249458e-6, 3.469679649158801e-18
0.3959201676747443, 0.05048999999999999, 0.058359234519520284, -5.718450034836875e-5, -3.4686627063084657e-18, 0.05781975701395966, -1.0639032886314925e-5, -8.671656765771164e-19, 0.0003725672314707734, 3.1787314927595204e-5, 1.7343313531542329e-18
0.3959201676747443, 0.05202, 0.056934905073134555, 9.360172377580507e-6, -6.939948702062077e-18, 0.05774474158965032, 3.4600942614928567e-6, -1.7349871755155192e-18, 0.000673715182008888, 4.464528777607735e-6, 3.4699743510310384e-18
0.3959201676747443, 0.05354999999999999, 0.05833313440874279, -4.6025568410619985e-5, 3.469254739526415e-18, 0.057732005013127835, 4.720749464382379e-6, 8.673136848816037e-19, 0.0004927882689677868, 4.5615542016981336e-5, 1.7346273697632075e-18
0.3959201676747443, 0.05508, 0.05763024711845246, 3.3654956458348334e-5, 2.7754665134686046e-17, 0.05762105617969204, -1.4897443297990075e-6, 6.9386662836715114e-18, 0.00016556554869549632, 2.9961322238652797e-5, 1.3877332567343023e-17
0.3959201676747443, 0.056609999999999994, 0.05730268264582373, 7.622853396056464e-5, -2.776061682728819e-17, 0.05783562308466545, -4.117332775800359e-6, -6.940154206822047e-18, 0.0005301634333178656, 6.912759666105099e-5, 1.3880308413644094e-17
0.3959201676747443, 0.05814, 0.058319900859179444, 5.452267301782769e-5, 2.4288609216054398e-17, 0.057880691859953474, 3.866199665597385e-6, 6.0721523040135994e-18, 0.00029280785985907524, 3.8464049980716136e-5, 1.2144304608027199e-17
0.3959201676747443, 0.059669999999999994, 0.05714309478402204, 0.00013990055697565856, -8.328552573580415e-17, 0.05743689841269086, 1.5026401369055493e-5, -2.0821381433951038e-17, 0.00034426725768393196, 9.135321409138837e-5, 4.1642762867902076e-17
0.3959201676747443, 0.0612, 0.057494264116786556, 0.0002355277272616298, -2.7770312662258974e-17, 0.057707403911779295, 6.105905596145106e-5, -6.942578165564743e-18, 0.00015479564940235738, 0.00011638487152857797, 1.3885156331129487e-17
0.3959201676747443, 0.06273, 0.057711651121524835, 0.0003480543116961318, -6.946863470262894e-18, 0.05784634777641903, 0.00011301833550036816, -1.7367158675657235e-18, 0.00023848030385887562, 0.0001641840287795338, 3.473431735131447e-18
0.3959201676747443, 0.06426, 0.056173769036866404, 0.0008414317748182209, -1.738663568729542e-17, 0.057337096775234166, 0.00021986267094804872, -4.346658921823855e-18, 0.0007756847626259558, 0.0004147667990600954, 8.69331784364771e-18
0.3959201676747443, 0.06579, 0.05637682655044229, 0.001303711773353797, 2.784439258842085e-17, 0.05728789757199901, 0.00032838894298462424, 6.961098147105213e-18, 0.0006403598900911839, 0.0006502317793913189, 1.3922196294210426e-17
0.3959201676747443, 0.06731999999999999, 0.05563053685515871, 0.001992147050700883, -1.0461888660007953e-17, 0.05710948015822416, 0.0005110345373310828, -2.6154721650019883e-18, 0.001003627805578791, 0.0009877124670286596, 5.2309443300039765e-18
0.3959201676747443, 0.06885, 0.05361534439223156, 0.002761574182352403, 6.992059094129643e-18, 0.05670879226748847, 0.0006757307127752766, 1.7480147735324107e-18, 0.0020623102954946504, 0.0013908371530055507, 3.496029547064821e-18
0.3959201676747443, 0.07038, 0.05299170603843704, 0.0036556154384939504, -7.710926762299343e-17, 0.05663800344174404, 0.0008945656326970162, -1.9277316905748357e-17, 0.002436625886941728, 0.0018410610185139998, 3.8554633811496715e-17
0.3959201676747443, 0.07191, 0.051595227290817544, 0.004534932930748619, 3.516395634794247e-18, 0.05622367654753954, 0.0011520145316648374, 8.790989086985617e-19, 0.0030859536992781924, 0.0022555423631577263, 1.7581978173971233e-18
0.3959201676747443, 0.07343999999999999, 0.04927708251006023, 0.005554657447598648, 3.1747235318471224e-17, 0.05561082118436043, 0.001395396672827676, 7.936808829617806e-18, 0.004222532224170405, 0.0027728695753782965, 1.5873617659235612e-17
0.3959201676747443, 0.07497, 0.047854707571346126, 0.006489134384931658, -5.309797699761754e-17, 0.05530743453800907, 0.0016415932322444754, -1.3274494249404385e-17, 0.0049691305168758455, 0.003231899209329054, 2.654898849880877e-17
0.3959201676747443, 0.0765, 0.04680738002367649, 0.007212278652543544, -3.194490004147551e-17, 0.055009640881161906, 0.0018422638573713506, -7.986225010368877e-18, 0.005468187749798801, 0.003580772627940164, 1.5972450020737754e-17
0.3959201676747443, 0.07802999999999999, 0.044940572118747385, 0.008055897930309464, 1.7794496833654037e-17, 0.05450705731325786, 0.002016413693244344, 4.448624208413509e-18, 0.0063778970107834405, 0.004026325451754157, 8.897248416827018e-18
0.3959201676747443, 0.07955999999999999, 0.0433896125534636, 0.008168488581626948, -2.4960797926149028e-17, 0.05417608280648625, 0.0020377081769309678, -6.240199481537257e-18, 0.007191165900081398, 0.004087195410903333, 1.2480398963074514e-17
0.3959201676747443, 0.08109, 0.043125217906088004, 0.00851589023819426, 3.5704323967168285e-18, 0.05409450306105128, 0.002113044107409883, 8.926080991792071e-19, 0.007312891360203553, 0.004268669753718533, 1.7852161983584142e-18
0.3959201676747443, 0.08262, 0.04303678307628299, 0.008261414910398928, 7.141831545262365e-18, 0.05401038340876203, 0.0020108252940497532, 1.7854578863155913e-18, 0.007316343055899628, 0.0041683280609075245, 3.570915772631182e-18
0.3959201676747443, 0.08414999999999999, 0.04242450030872041, 0.00802708320017, 3.5710754585238204e-18, 0.05390954688166415, 0.0019677629854236516, 8.927688646309551e-19, 0.007656698790188675, 0.004040216404635575, 1.7855377292619102e-18
0.3959201676747443, 0.08567999999999999, 0.04290104023362365, 0.007547128924076406, -2.852716311207669e-17, 0.0540211939053884, 0.0018515221938744985, -7.131790778019172e-18, 0.0074134426099874955, 0.003797653204392697, 1.426358155603834e-17
0.3959201676747443, 0.08721, 0.04369515655884909, 0.0069278648783895405, -7.1184632096062e-18, 0.05418555044813106, 0.0017056101870284149, -1.77961580240155e-18, 0.006993992710115445, 0.003481857817319528, 3.5592316048031e-18
0.3959201676747443, 0.08874, 0.04484008489095889, 0.00631276713513274, 2.840982295758664e-17, 0.05455227535537036, 0.0015830603348721362, 7.10245573939666e-18, 0.006475254815610433, 0.0031531512307354467, 1.420491147879332e-17
0.3959201676747443, 0.09026999999999999, 0.045870994595928846, 0.0055547462773283115, 7.438583566598515e-17, 0.05478588958845805, 0.0013980225998110342, 1.859645891649629e-17, 0.005943348465321372, 0.0027712050345535476, 3.719291783299258e-17
0.3959201676747443, 0.09179999999999999, 0.046886069179297656, 0.004921140357904397, 1.4133269164449583e-17, 0.05498475233576329, 0.0012240538234543346, 3.533317291112396e-18, 0.005399598431523895, 0.0024647523628255545, 7.066634582224792e-18
0.3959201676747443, 0.09333, 0.04771266782708241, 0.004193327890420595, -4.936963392969614e-17, 0.05523367044327945, 0.0010899174844674487, -1.2342408482424035e-17, 0.005014008098175888, 0.0020704257196317074, 2.4684816964848068e-17
0.3959201676747443, 0.09486, 0.0486169384836588, 0.003741084384313352, -1.7597008921049358e-17, 0.05543033310103763, 0.000969241195469302, -4.3992522302623396e-18, 0.004542511059444178, 0.001849005306736235, 8.798504460524679e-18
0.3959201676747443, 0.09638999999999999, 0.04931404657781022, 0.0032283877457033308, 4.215615740795667e-17, 0.055540821615943745, 0.0008200876844229128, 1.0539039351989168e-17, 0.004154571176600132, 0.0016057202276626805, 2.1078078703978332e-17
0.3959201676747443, 0.09792, 0.04958858472692645, 0.002902435334075885, 6.319539157407432e-17, 0.055616542210365674, 0.0007419606296337126, 1.579884789351858e-17, 0.0040216026903338855, 0.0014406464595874107, 3.159769578703716e-17
0.3959201676747443, 0.09945, 0.050015851394431765, 0.0024339701478020403, 3.507293724773183e-18, 0.05571924975296257, 0.0006467214875123898, 8.768234311932957e-19, 0.0038057207136569446, 0.0011936776775058858, 1.7536468623865915e-18
0.3959201676747443, 0.10097999999999999, 0.04995146093634528, 0.0023098081345117906, 0.0, 0.055690537251963365, 0.0006050612640517588, 0.0, 0.0038305653630663857, 0.0011376896763333883, 0.0
0.3959201676747443, 0.10250999999999999, 0.05027625327340962, 0.0020686586798639617, -3.854957234369307e-17, 0.0557453186279277, 0.0005519717136215039, -9.637393085923267e-18, 0.0036536560449351033, 0.0010132525397339761, 1.9274786171846534e-17
0.3959201676747443, 0.10404, 0.049725286284924876, 0.001848813357835209, 1.403316208172498e-17, 0.055572822643118795, 0.0004845379985990608, 3.508290520431245e-18, 0.003909981007469081, 0.0009104914306290772, 7.01658104086249e-18
0.3959201676747443, 0.10557, 0.04976416957173824, 0.001699250507932419, 1.4026902597922796e-17, 0.055547075725145625, 0.00045856029299413243, 3.506725649480699e-18, 0.003872807940373828, 0.0008295710937675757, 7.013451298961398e-18
0.3959201676747443, 0.10709999999999999, 0.0492919629164829, 0.0013377877817693652, 4.211946756080358e-17, 0.055430559098778594, 0.0003642045718671536, 1.0529866890200895e-17, 0.004108664354400052, 0.0006514764077751067, 2.105973378040179e-17
0.3959201676747443, 0.10862999999999999, 0.04983316776577084, 0.0009954890055199183, 2.1041053757619494e-17, 0.05548863008207906, 0.000273150403245862, 5.2602634394048734e-18, 0.0038047623614382384, 0.00048373017529262236, 1.0520526878809747e-17
0.3959201676747443, 0.11016, 0.049001515290322505, 0.0006976783544053267, -1.4053274094950737e-17, 0.05531243078223731, 0.00019700334565059358, -3.513318523737684e-18, 0.004231388384545028, 0.00033648884614252174, 7.026637047475368e-18
0.3959201676747443, 0.11169, 0.049356813441347236, 0.0007635544028602192, -2.807737932786535e-17, 0.055339926781174824, 0.00021288935249002286, -7.019344831966337e-18, 0.004028800324172102, 0.0003694465905338963, 1.4038689663932674e-17
0.3959201676747443, 0.11321999999999999, 0.04904547328757213, 0.0003829728326139007, -4.2149559138656734e-17, 0.05529393266505204, 9.667482534074099e-5, -1.0537389784664184e-17, 0.004196340588109468, 0.00019087342199391498, 2.1074779569328364e-17
0.3959201676747443, 0.11474999999999999, 0.0490543162218913, 1.0183339104686123e-16, 2.809196994396172e-17, 0.05524619395479825, -5.83240665050836e-18, 7.02299248599043e-18, 0.0041714201903215965, 9.291528874864619e-17, 1.404598497198086e-17
0.3959201676747443, 0.11628, 0.04904547328757221, -0.00038297283261433314, 3.1612169353992586e-17, 0.05529393266505207, -9.667482534078305e-5, 7.903042338498147e-18, 0.004196340588109437, 0.00019087342199417407, 1.5806084676996293e-17
0.3959201676747443, 0.11781, 0.049356813441347104, -0.0007635544028598504, 3.8606396575814834e-17, 0.05533992678117483, -0.00021288935248986115, 9.651599143953708e-18, 0.004028800324172182, 0.00036944659053374435, 1.9303198287907414e-17
0.3959201676747443, 0.11933999999999999, 0.04900151529032228, -0.0006976783544046242, -3.864650376111454e-17, 0.05531243078223731, -0.00019700334565040753, -9.661625940278636e-18, 0.004231388384545165, 0.0003364888461421777, 1.932325188055727e-17
0.3959201676747443, 0.12086999999999999, 0.04983316776577035, -0.0009954890055198136, 1.753421146468292e-17, 0.05548863008207898, -0.0002731504032457889, 4.38355286617073e-18, 0.003804762361438499, 0.000483730175292593, 8.76710573234146e-18
0.3959201676747443, 0.1224, 0.04929196291648266, -0.0013377877817688675, -3.509955630066967e-18, 0.055430559098778476, -0.00036420457186709347, -8.774889075167417e-19, 0.00410866435440014, 0.0006514764077748264, 1.7549778150334835e-18
0.3959201676747443, 0.12392999999999998, 0.04976416957173866, -0.0016992505079327178, -2.1040353896884203e-17, 0.055547075725145736, -0.0004585602929941724, -5.260088474221051e-18, 0.0038728079403736186, 0.0008295710937677428, 1.0520176948442101e-17
0.3959201676747443, 0.12546, 0.049725286284925146, -0.0018488133578358056, 1.0524871561293715e-17, 0.05557282264311895, -0.0004845379985991943, 2.6312178903234288e-18, 0.003909981007468991, 0.0009104914306293842, 5.2624357806468576e-18
0.3959201676747443, 0.12699, 0.05027625327340955, -0.0020686586798638698, -7.70991446873861e-17, 0.05574531862792778, -0.0005519717136214324, -1.9274786171846525e-17, 0.003653656044935194, 0.0010132525397339568, 3.854957234369305e-17
0.3959201676747443, 0.12852, 0.04995146093634507, -0.002309808134511909, -7.014890492008297e-17, 0.05569053725196327, -0.0006050612640517069, -1.7537226230020743e-17, 0.0038305653630664694, 0.0011376896763334947, 3.5074452460041485e-17
0.3959201676747443, 0.13005, 0.050015851394431904, -0.002433970147801828, -4.559481842205135e-17, 0.055719249752962524, -0.0006467214875124027, -1.1398704605512837e-17, 0.003805720713656826, 0.0011936776775057433, 2.2797409211025674e-17
0.3959201676747443, 0.13158, 0.049588584726926274, -0.0029024353340755486, 2.457598561214002e-17, 0.05561654221036562, -0.0007419606296336683, 6.143996403035005e-18, 0.004021602690333964, 0.0014406464595872173, 1.228799280607001e-17
0.3959201676747443, 0.13310999999999998, 0.04931404657780968, -0.0032283877457035095, -4.2156157407956664e-17, 0.05554082161594365, -0.0008200876844229748, -1.0539039351989166e-17, 0.004154571176600421, 0.0016057202276627588, 2.1078078703978332e-17
0.3959201676747443, 0.13463999999999998, 0.048616938483658154, -0.0037410843843139, 0.0, 0.05543033310103743, -0.0009692411954694286, 0.0, 0.004542511059444474, 0.0018490053067365152, 0.0
0.3959201676747443, 0.13616999999999999, 0.04771266782708167, -0.004193327890420574, 5.289603635324586e-17, 0.05523367044327934, -0.001089917484467499, 1.3224009088311465e-17, 0.005014008098176309, 0.002070425719631664, 2.644801817662293e-17
0.3959201676747443, 0.1377, 0.0468860691792973, -0.004921140357903959, -3.1799855620011516e-17, 0.054984752335763255, -0.0012240538234541834, -7.949963905002879e-18, 0.0053995984315241075, 0.0024647523628253637, 1.5899927810005758e-17
0.3959201676747443, 0.13923, 0.045870994595928964, -0.005554746277328365, 1.4168730603044785e-17, 0.05478588958845821, -0.0013980225998109714, 3.542182650761196e-18, 0.005943348465321403, 0.0027712050345536244, 7.084365301522393e-18
0.3959201676747443, 0.14076, 0.04484008489095872, -0.00631276713513252, -2.1307367218189972e-17, 0.05455227535537044, -0.0015830603348721385, -5.326841804547493e-18, 0.006475254815610602, 0.0031531512307352992, 1.0653683609094986e-17
0.3959201676747443, 0.14229, 0.043695156558848945, -0.006927864878389833, -7.118463209606186e-18, 0.05418555044813107, -0.0017056101870285036, -1.7796158024015464e-18, 0.006993992710115549, 0.0034818578173196634, 3.559231604803093e-18
0.3959201676747443, 0.14382, 0.04290104023362404, -0.0075471289240764735, 3.922484927910545e-17, 0.054021193905388565, -0.0018515221938745154, 9.806212319776362e-18, 0.007413442609987349, 0.0037976532043927313, 1.9612424639552724e-17
0.3959201676747443, 0.14534999999999998, 0.04242450030872091, -0.008027083200170156, -3.2139679126714374e-17, 0.05390954688166434, -0.001967762985423679, -8.034919781678593e-18, 0.007656698790188472, 0.004040216404635662, 1.6069839563357187e-17
0.3959201676747443, 0.14687999999999998, 0.04303678307628294, -0.008261414910398309, -1.428366309052474e-17, 0.054010383408762, -0.002010825294049519, -3.570915772631185e-18, 0.007316343055899637, 0.004168328060907272, 7.14183154526237e-18
0.3959201676747443, 0.14841, 0.043125217906087865, -0.008515890238194726, 2.142259438030099e-17, 0.05409450306105126, -0.0021130441074098854, 5.355648595075248e-18, 0.007312891360203636, 0.0042686697537188435, 1.0711297190150497e-17
0.3959201676747443, 0.14994, 0.0433896125534638, -0.008168488581626963, 7.13165655032829e-18, 0.054176082806486295, -0.0020377081769310757, 1.7829141375820724e-18, 0.007191165900081297, 0.004087195410903271, 3.565828275164145e-18
0.3959201676747443, 0.15147, 0.04494057211874702, -0.008055897930309027, 5.338349050096222e-17, 0.05450705731325784, -0.0020164136932442974, 1.3345872625240555e-17, 0.006377897010783671, 0.004026325451753897, 2.669174525048111e-17
0.3959201676747443, 0.153, 0.04680738002367638, -0.007212278652543557, 3.194490004147555e-17, 0.055009640881161795, -0.0018422638573713608, 7.986225010368888e-18, 0.005468187749798798, 0.0035807726279401663, 1.5972450020737776e-17
0.3959201676747443, 0.15453, 0.04785470757134578, -0.006489134384931961, -2.4779055932221497e-17, 0.05530743453800893, -0.0016415932322445183, -6.194763983055374e-18, 0.004969130516875981, 0.003231899209329227, 1.2389527966110749e-17
0.3959201676747443, 0.15605999999999998, 0.049277082510060244, -0.005554657447598776, -7.05494118188249e-18, 0.055610821184360386, -0.0013953966728277568, -1.7637352954706227e-18, 0.004222532224170369, 0.002772869575378328, 3.527470590941245e-18
0.3959201676747443, 0.15758999999999998, 0.05159522729081762, -0.004534932930748912, 1.406558253917699e-17, 0.05622367654753954, -0.001152014531664895, 3.5163956347942474e-18, 0.0030859536992781404, 0.0022555423631578832, 7.032791269588495e-18
0.3959201676747443, 0.15911999999999998, 0.05299170603843757, -0.003655615438494304, -1.0514900130408192e-17, 0.05663800344174427, -0.000894565632697155, -2.628725032602048e-18, 0.0024366258869415367, 0.0018410610185141413, 5.257450065204096e-18
0.3959201676747443, 0.16065, 0.053615344392231534, -0.0027615741823526696, -1.0488088641194469e-17, 0.0567087922674885, -0.0006757307127753103, -2.622022160298617e-18, 0.002062310295494688, 0.0013908371530057073, 5.2440443205972335e-18
0.3959201676747443, 0.16218, 0.05563053685515778, -0.0019921470507014726, 1.7436481100013258e-17, 0.05710948015822384, -0.0005110345373311955, 4.3591202750033145e-18, 0.0010036278055792205, 0.000987712467028976, 8.718240550006629e-18
0.3959201676747443, 0.16371, 0.056376826550442155, -0.0013037117733534155, -4.524713795618394e-17, 0.057287897571998966, -0.0003283889429844734, -1.1311784489045985e-17, 0.0006403598900912451, 0.0006502317793911644, 2.262356897809197e-17
0.3959201676747443, 0.16524, 0.05617376903686605, -0.0008414317748175073, 6.954654274918162e-18, 0.05733709677523413, -0.0002198626709477628, 1.7386635687295406e-18, 0.0007756847626261661, 0.0004147667990598018, 3.477327137459081e-18
0.3959201676747443, 0.16677, 0.05771165112152513, -0.00034805431169572537, 6.252177123236604e-17, 0.05784634777641901, -0.00011301833550018156, 1.563044280809151e-17, 0.00023848030385862994, 0.0001641840287793461, 3.126088561618302e-17
0.3959201676747443, 0.16829999999999998, 0.05749426411678671, -0.00023552772726162958, 0.0, 0.05770740391177941, -6.105905596140244e-5, 0.0, 0.00015479564940240113, 0.000116384871528607, 0.0
0.3959201676747443, 0.16982999999999998, 0.05714309478402224, -0.0001399005569751624, 1.0410690716975522e-17, 0.057436898412690895, -1.5026401369118773e-5, 2.6026726792438805e-18, 0.00034426725768390014, 9.135321409090304e-5, 5.205345358487761e-18
0.3959201676747443, 0.17135999999999998, 0.058319900859179444, -5.452267301732116e-5, -2.775841053263363e-17, 0.05788069185995344, -3.866199665517608e-6, -6.939602633158407e-18, 0.0002928078598590992, 3.846404998042405e-5, 1.3879205266316815e-17
0.3959201676747443, 0.17289, 0.057302682645823604, -7.622853396041529e-5, -1.7350385517055086e-17, 0.05783562308466548, 4.117332775907085e-6, -4.3375963792637716e-18, 0.0005301634333180342, 6.912759666111166e-5, 8.675192758527543e-18
0.3959201676747443, 0.17442, 0.05763024711845258, -3.3654956458948534e-5, 6.591732969487937e-17, 0.057621056179692196, 1.489744329739141e-6, 1.6479332423719842e-17, 0.0001655655486952618, 2.996132223904966e-5, 3.295866484743968e-17
0.3959201676747443, 0.17595, 0.05833313440874293, 4.6025568410845384e-5, -1.7346273697632036e-17, 0.05773200501312785, -4.720749464336429e-6, -4.336568424408009e-18, 0.0004927882689678817, 4.5615542017014106e-5, 8.673136848816018e-18
0.3959201676747443, 0.17748, 0.05693490507313449, -9.360172377285546e-6, 5.551958961649654e-17, 0.05774474158965032, -3.4600942615249313e-6, 1.3879897404124135e-17, 0.0006737151820089649, 4.464528777447368e-6, 2.775979480824827e-17
0.3959201676747443, 0.17900999999999997, 0.058359234519520416, 5.718450034796983e-5, -4.162395247570157e-17, 0.05781975701395964, 1.0639032886126728e-5, -1.0405988118925393e-17, 0.00037256723147089277, 3.178731492749e-5, 2.0811976237850785e-17
0.3959201676747443, 0.18053999999999998, 0.05764252217908176, 1.2355492469332655e-5, -3.8166476140746727e-17, 0.05749761144118911, 1.3008817615079779e-6, -9.541619035186682e-18, 0.00029582019342897875, 8.104312229773675e-6, 1.908323807037336e-17
0.3959201676747443, 0.18206999999999998, 0.05718322055439542, -2.5646448244130457e-5, 3.4700301563035886e-18, 0.05776234990282976, 7.358041869696559e-6, 8.675075390758972e-19, 0.0007145348589471553, 3.403346929518042e-5, 1.7350150781517943e-18
0.3959201676747443, 0.18359999999999999, 0.058621584915961325, 5.022341941022537e-5, 4.1618818000750527e-17, 0.057771575552394996, 1.4425005788006045e-5, 1.0404704500187632e-17, 0.0005975813844685699, 2.41244571118309e-5, 2.0809409000375263e-17
0.3959201676747443, 0.18513, 0.05684784851221765, -6.027473947158217e-5, -3.469945972588203e-17, 0.057522150672459194, -2.280968814895861e-5, -8.674864931470507e-18, 0.0005856922988788836, 2.892914812292575e-5, 1.7349729862941014e-17
0.3959201676747443, 0.18666, 0.058306616487558485, -8.994002240111312e-6, -1.3878800976648252e-17, 0.05840603015938095, -1.3427891245004022e-5, -3.469700244162063e-18, 0.0005030280084251644, 2.1286297944894314e-5, 6.939400488324126e-18
0.3959201676747443, 0.18819, 0.05765124818791631, 2.393792231101426e-5, 3.4689076198525775e-17, 0.05744126790386404, -5.378520631933722e-6, 8.672269049631444e-18, 0.000528190525876553, 2.900112027558966e-5, 1.7344538099262887e-17
0.3959201676747443, 0.18972, 0.057367810119641184, -8.165864385780276e-5, -2.776009525983877e-17, 0.057412286050866956, -1.733223621033366e-5, -6.940023814959693e-18, 0.0007464777286444065, 4.3276359775730025e-5, 1.3880047629919386e-17
0.3959201676747443, 0.19124999999999998, 0.05843416890715642, 2.379506424507112e-5, -6.591236344977168e-17, 0.05810767396987566, 1.8336065329989328e-5, -1.647809086244292e-17, 0.0003047960984267199, 2.3639535006917236e-5, 3.295618172488584e-17
0.3959201676747443, 0.19277999999999998, 0.05686540708543933, -2.001624385141186e-5, -2.4287928684654565e-17, 0.05759740330630203, 6.278758356351399e-6, -6.071982171163641e-18, 0.001105283076374073, 2.7566833819582045e-5, 1.2143964342327284e-17
0.3959201676747443, 0.19430999999999998, 0.058642217918000665, -1.8002745776793475e-5, -3.4698451455992555e-18, 0.05798691328601298, 9.425718336778388e-7, -8.674612863998139e-19, 0.0011234368055589696, 1.6274827799407987e-5, 1.7349225727996278e-18
0.3959201676747443, 0.19584, 0.05700602029246487, 2.851042361899125e-5, 1.0406901517209746e-17, 0.05719462097871117, 4.2395595876878e-7, 2.6017253793024365e-18, 0.00043032065575268857, 2.2591650831993063e-5, 5.203450758604873e-18
0.3959201676747443, 0.19737, 0.05815459122238014, -4.451020351532557e-5, 5.203914987884556e-17, 0.05832374893308937, -2.6445871720131224e-5, 1.300978746971139e-17, 0.0007700984741165472, 3.1294498703435165e-5, 2.601957493942278e-17
0.3959201676747443, 0.1989, 0.05758358154764503, -6.153509197405175e-5, 2.7757321668920315e-17, 0.05741020264743274, -2.807387458044359e-5, 6.939330417230079e-18, 0.0008139568857358053, 3.2713996296796436e-5, 1.3878660834460157e-17
0.3959201676747443, 0.20043, 0.05752061995580236, 3.091016823039474e-5, -1.0407788041375635e-17, 0.05744210428545457, 3.0586497097804693e-6, -2.6019470103439087e-18, 0.0005352540370574881, 2.0549079784610192e-5, 5.203894020687817e-18
0.3959201676747443, 0.20195999999999997, 0.05834974707738175, 1.51244805228922e-5, 3.4697424219998265e-17, 0.05858919979736558, 5.277813287002054e-6, 8.674356054999566e-18, 0.0006722915776085608, 7.145397240333422e-6, 1.7348712109999132e-17
0.3959201676747443, 0.20348999999999998, 0.05690810864040351, -2.15891713014191e-5, -2.0817170708020538e-17, 0.05669275281566388, -1.9671083111290204e-6, -5.2042926770051345e-18, 0.0009436552276141738, 1.4593068101363942e-5, 1.0408585354010269e-17
0.3959201676747443, 0.20501999999999998, 0.05869753065929856, -1.8311492484797258e-5, 3.12186002135668e-17, 0.05889528578514695, -2.080637987892728e-6, 7.8046500533917e-18, 0.00045892123183299767, 1.1800755233250115e-5, 1.56093001067834e-17
0.3959201676747443, 0.20654999999999998, 0.056629207415803295, -0.00010465111372424236, -2.081924369317421e-17, 0.05736633408404973, -2.5092510230055854e-5, -5.2048109232935524e-18, 0.0009996373717561938, 5.307744941589798e-5, 1.0409621846587105e-17
0.3959201676747443, 0.20808, 0.05878357954400073, -3.512123612895077e-5, -2.0818976157284273e-17, 0.05773078904250013, -8.492666932148755e-6, -5.204744039321068e-18, 0.0008400410784495942, 1.7760663166916167e-5, 1.0409488078642135e-17
0.3959201676747443, 0.20961, 0.056863202728671555, 4.7879352762749255e-5, -3.4691761050611588e-18, 0.057263451642376596, 1.2015232360169535e-5, -8.672940262652897e-19, 0.001938130780324408, 2.390956681884227e-5, 1.7345880525305794e-18
0.3959201676747443, 0.21114, 0.05852825856977625, -2.9593696720712207e-6, -1.3877046878828449e-17, 0.057504225176879364, -7.36597845641885e-7, -3.469261719707112e-18, 0.0016050098035759177, 1.4818605138071974e-6, 6.938523439414224e-18
0.3959201676747443, 0.21267, 0.05706532282094947, -5.865979382131769e-5, 2.7755052226863827e-17, 0.059060966103216345, -1.4664948454963396e-5, 6.938763056715957e-18, 0.0014826257576949493, 2.932989691090286e-5, 1.3877526113431913e-17
0.3959201676747443, 0.21419999999999997, 0.05818449171492363, -7.77278692106118e-5, 4.1636205315202504e-17, 0.056033783747618665, -1.9431967302189778e-5, 1.0409051328800626e-17, 0.001772498836358549, 3.886393460561468e-5, 2.0818102657601252e-17
0.3959201676747443, 0.21572999999999998, 0.05744234474860969, -2.174132450682556e-5, 5.898115798121287e-17, 0.058965460914586085, -5.435331126557204e-6, 1.4745289495303217e-17, 0.0010626620125845237, 1.0870662253512237e-5, 2.9490578990606434e-17
0.3959201676747443, 0.21725999999999998, 0.05790376242160171, 4.863424121919463e-6, 3.4692738549445954e-18, 0.05733048039411228, 1.2158560309014036e-6, 8.6731846373614885e-19, 0.0010126837055283201, 2.4317120606787064e-6, 1.7346369274722977e-18
0.3959201676747443, 0.21878999999999998, 0.057720416865654336, -4.670234469205056e-5, 1.734753463296761e-17, 0.05741582844588926, -1.1675586172511305e-5, 4.336883658241902e-18, 0.0019684849970517514, 2.33511723463595e-5, 8.673767316483804e-18
0.3959201676747443, 0.22032, 0.057616471394407974, -5.8993417934314946e-5, -1.7347339553126265e-17, 0.058496469121342966, -1.4748354483478122e-5, -4.336834888281566e-18, 0.002550813234336765, 2.9496708967224548e-5, 8.673669776563132e-18
0.3959201676747443, 0.22185, 0.05796957180766053, -4.0503516683030435e-5, -6.938781356625314e-18, 0.05681611083569925, -1.0125879170582402e-5, -1.7346953391563285e-18, 0.0026930953143369982, 2.0251758341632023e-5, 3.4693906783126567e-18
0.3959201676747443, 0.22338, 0.05728243379435906, -3.6249349557695016e-5, -7.28589471028537e-17, 0.05856695964595995, -9.062337389147933e-6, -1.8214736775713426e-17, 0.002645511980967517, 1.812467477903139e-5, 3.642947355142685e-17
0.3959201676747443, 0.22490999999999997, 0.059003458466105704, -3.746806221822039e-5, 3.816429320888939e-17, 0.05717397503233376, -9.367015554683467e-6, 9.541073302222347e-18, 0.002914747453060745, 1.8734031109024615e-5, 1.9082146604444695e-17
0.3959201676747443, 0.22643999999999997, 0.055727212228303936, -3.8211287753317583e-5, -6.938830869179537e-18, 0.05958304016467835, -9.552821938225312e-6, -1.7347077172948842e-18, 0.004328288371687377, 1.910564387672818e-5, 3.4694154345897684e-18
0.3959201676747443, 0.22796999999999998, 0.02652079315615528, -4.3116411553522366e-5, 0.0, 0.028654553978104576, -1.0779102888162016e-5, 0.0, 0.0015382172043782111, 2.1558205776906896e-5, 0.0
0.4949002095934304, 0.00153, 0.023926736450473413, -6.464044891036902e-6, -2.532910353352192e-16, 0.02770899047257857, 7.330473332594924e-6, -5.412763902760187e-17, 0.0024990069709385954, 2.0199812036324834e-5, 1.1158882784680884e-16
0.4949002095934304, 0.00306, 0.05523494466728643, 5.5662670008906724e-5, 1.5956267912250082e-16, 0.05871342106520047, 1.8774791552752943e-5, 2.774923730299244e-17, 0.004222765333552095, 2.6438472701174925e-5, 7.423522425159927e-17
0.4949002095934304, 0.0045899999999999995, 0.0579706056234874, -3.0597355595752644e-5, 2.5326748006392143e-16, 0.057333301150564626, 1.3741413247239206e-6, 4.9959599772622665e-17, 0.0025492623631349466, 2.4138208995203632e-5, 1.136624890965885e-16
0.4949002095934304, 0.00612, 0.058230779860512935, -8.816536486768586e-5, 6.244847279732753e-17, 0.058499723688870485, -1.0383203062233395e-5, 1.110190509083972e-17, 0.0022960081882934186, 4.6227947111089794e-5, 2.886043685445184e-17
0.4949002095934304, 0.00765, 0.056804958169891624, 3.561456340637891e-5, 6.244844200170848e-17, 0.056813880302537804, 1.5223616017623755e-5, 1.6652957214316893e-17, 0.0023322942900648584, 2.091733471930243e-5, 2.7140943097868135e-17
0.4949002095934304, 0.009179999999999999, 0.058471129085881875, -4.90685349495609e-6, 3.122555321892762e-17, 0.058491401114250795, 1.0817312887810718e-5, 8.326791390160676e-18, 0.002209098128383862, 2.701494623473499e-5, 1.357104240467121e-17
0.4949002095934304, 0.010709999999999999, 0.05685633598443033, 1.4028506552236096e-5, 1.0410523364213528e-17, 0.05730392995359745, 1.2146170248556869e-5, -6.9386133363004435e-18, 0.0017230224173234907, 2.025006627936837e-5, 2.1805911220213845e-17
0.4949002095934304, 0.01224, 0.058306657959096064, 3.4335627487021005e-5, -1.7346923168422368e-17, 0.057525715907108844, 5.894440672694873e-6, 6.937439922490307e-19, 0.0009796584829712277, 1.6037970997710882e-5, 1.3525904208951387e-17
0.4949002095934304, 0.01377, 0.05693467081219406, 1.965936467903816e-5, -9.712513182217866e-17, 0.058559302894107525, 8.280137836889635e-6, -1.9425026364435732e-17, 0.0012929654298307223, 1.1361914428636336e-5, 4.34356794156039e-17
0.4949002095934304, 0.0153, 0.05822414543986397, -4.1362182332954183e-5, -1.1796051261478646e-16, 0.056471856086067695, 7.273137375064532e-6, -2.6367849543970795e-17, 0.0018209478197467582, 4.326649726679956e-5, 5.1553332522234746e-17
0.4949002095934304, 0.016829999999999998, 0.056981997351008035, -4.548353045471813e-5, 1.5266245783183762e-16, 0.0586451723527747, 2.635252673134629e-6, 3.538962570606869e-17, 0.0015852623024493286, 3.6996622043849016e-5, 6.63955792851747e-17
0.4949002095934304, 0.018359999999999998, 0.058194758394256314, 1.6940341092619136e-5, -3.816354726877302e-17, 0.05764233182035479, 3.977346495254509e-6, -1.0408118829520286e-17, 0.0014238713344404761, 7.359292899395767e-6, 1.6638690471052706e-17
0.4949002095934304, 0.019889999999999998, 0.05716861836334425, -1.153657028483956e-5, 9.714116381523765e-17, 0.05724448498657021, -1.1919499945075095e-5, 2.6366584973169854e-17, 0.001679006212434356, 2.0707398740020098e-5, 4.23200306487207e-17
0.4949002095934304, 0.021419999999999998, 0.057869527250150585, -7.048601652658025e-5, -4.509768521434444e-17, 0.05775853668403021, -7.3030697595817826e-6, -1.5959195761963634e-17, 0.0007301379446133535, 3.85241139453873e-5, 2.216017341587383e-17
0.4949002095934304, 0.022949999999999998, 0.05750574571939601, 3.4351049801834366e-5, -3.122753161834672e-17, 0.05739421641111869, 2.6944218144241547e-5, -9.021405482759238e-18, 0.0008679534993725379, 4.615252797379087e-5, 1.3791939222685034e-17
0.4949002095934304, 0.02448, 0.05768079994999848, 4.729793196877079e-6, -2.1857709306249552e-16, 0.05865238861811706, 2.6104690297610706e-6, -3.955293858402353e-17, 0.0006730168582772271, 1.0288195795276873e-5, 1.0048249456768527e-16
0.4949002095934304, 0.02601, 0.05781409168961532, 4.3948516636885545e-6, -9.367378886037671e-17, 0.056917020590454045, 2.4526569818831013e-6, -1.3877417940203881e-17, 0.0009588243141993463, 1.2684518714079274e-5, 4.5830417934162735e-17
0.4949002095934304, 0.02754, 0.05725942144728078, 7.768972328134459e-5, 6.245766777215793e-17, 0.05832324412734848, 1.1315694026726245e-5, 2.22068123360311e-17, 0.0008322524052613479, 3.761668447826007e-5, 3.080143559155841e-17
0.4949002095934304, 0.02907, 0.05817188837448659, -4.4500180654581203e-5, -1.283543803584251e-16, 0.05758806110326091, -1.134695589868372e-5, -3.3303253968693825e-17, 0.0005669123622401531, 2.569394106423862e-5, 5.564540219494188e-17
0.4949002095934304, 0.0306, 0.05697219732921, 1.641367946648128e-5, 7.980568223894303e-17, 0.05732260158378829, 2.5741835557503337e-5, 1.2491471239173569e-17, 0.0007316174482855802, 2.8807051138487488e-5, 3.8372278618569436e-17
0.4949002095934304, 0.03213, 0.05831103359022533, 5.162757618431579e-5, 1.110241367879669e-16, 0.058321205864516966, 3.1482212612671177e-5, 1.526627404041397e-17, 0.0006669490841633387, 2.9348473295161642e-5, 5.559822701200018e-17
0.4949002095934304, 0.033659999999999995, 0.05691139397285232, -8.95006417923275e-6, -5.897788349665315e-17, 0.05713797557753936, -2.1291776029143083e-6, -1.4570750437253233e-17, 0.0003936056496611519, 1.9933035889257604e-5, 2.554112679636804e-17
0.4949002095934304, 0.03519, 0.0580766760617284, 0.00014224989326060795, 1.2493932584062355e-16, 0.05800486584115593, 2.7695921185318813e-5, 9.026577498368157e-18, 0.0009737526191205318, 6.557033572340755e-5, 7.343620911504988e-17
0.4949002095934304, 0.036719999999999996, 0.05706615238543091, 0.0003492881595894915, 5.90142651728954e-17, 0.0574911531221277, 6.483462523282688e-5, 1.0414971395455965e-17, 0.0009862471887790137, 0.00016079649987684862, 2.7333499291900782e-17
0.4949002095934304, 0.03825, 0.05738072404207019, 0.0005726490943590978, -1.7715953232019357e-16, 0.057962283984314404, 9.986096660770807e-5, -2.571850553459867e-17, 0.0004187681168847776, 0.00026508831076848627, 8.723108132661914e-17
0.4949002095934304, 0.039779999999999996, 0.0568415378298818, 0.0010399390462150404, 2.7814178668212656e-16, 0.05729813640667002, 0.00022185359821126253, 6.812040020335276e-17, 0.0006950341400773665, 0.0004588568077954251, 1.204804831229209e-16
0.4949002095934304, 0.04131, 0.056055847979933675, 0.0017786278500133083, -6.2681404443725e-17, 0.05716418391907802, 0.0003600283865081684, -2.710569289212582e-17, 0.0007701406344584419, 0.0007934188273309878, 3.7289608741353987e-17
0.4949002095934304, 0.042839999999999996, 0.05588614310396941, 0.002650128372496082, 1.0819416873990417e-16, 0.05790205274829865, 0.0005407679874954993, 2.0250953650316008e-17, 0.00120819867461907, 0.0011793123909404656, 4.9253496854842636e-17
0.4949002095934304, 0.04437, 0.053854841221951145, 0.003795226539367189, 4.1982923177588596e-17, 0.0567886887823575, 0.0007772930583927705, 4.232649468411877e-18, 0.0017167143975867032, 0.001687262117034305, 2.2948028961217935e-17
0.4949002095934304, 0.045899999999999996, 0.05396646049644436, 0.005165864668453967, 1.508948150421587e-16, 0.05701055254120487, 0.0010216329290604175, 2.6017081208356674e-17, 0.0017786533532709572, 0.0023167901747643735, 7.038791468807173e-17
0.4949002095934304, 0.04743, 0.0515666630405909, 0.006441623403983017, 7.392753713298654e-17, 0.05652321253038192, 0.0012824382473008247, 1.6867525520379463e-17, 0.00283905392472062, 0.002884222780154953, 3.2214451897466565e-17
0.4949002095934304, 0.04896, 0.05135075285552083, 0.007651002819646215, -7.058312247292254e-18, 0.05626823972405546, 0.0015291598585200135, -2.3790589794930815e-20, 0.0027608705664284652, 0.0034222214492378045, 4.949031452986757e-18
0.4949002095934304, 0.05048999999999999, 0.05033301845270104, 0.008545522130313576, 1.3794902697490244e-16, 0.05632240930170793, 0.001700593199753663, 2.6896072853718794e-17, 0.0033636818537729923, 0.0038265306212250214, 6.209865535889193e-17
0.4949002095934304, 0.05202, 0.04943739023654072, 0.00892641390999971, -2.655489446881315e-16, 0.0560832713190284, 0.0017880508574091363, -5.4497778678038725e-17, 0.0037606962667376255, 0.003990468131506922, 1.1801945338456402e-16
0.4949002095934304, 0.05354999999999999, 0.05047324863707727, 0.008857127365853274, 1.3799442873454571e-16, 0.05628025373791772, 0.0017752020727421606, 2.8292736694814426e-17, 0.0032741470696801547, 0.003959113684100558, 6.134350687279553e-17
0.4949002095934304, 0.05508, 0.04991336059022175, 0.00824411994258698, -1.413102097757435e-16, 0.056079517061797986, 0.0016476321930535569, -2.2711108928211488e-17, 0.0034499671336367965, 0.0036876400424143735, 6.73793820093687e-17
0.4949002095934304, 0.056609999999999994, 0.05200090881280952, 0.0072920841959666595, -5.98885313318101e-17, 0.05666868023029426, 0.0014551229729726917, -1.752982963181966e-17, 0.0026494495798864326, 0.0032635096626285423, 2.655566510704262e-17
0.4949002095934304, 0.05814, 0.05267935987757353, 0.006210597405397662, -7.37490491705319e-17, 0.056840425463477486, 0.0012452124408120103, -9.8920879908955e-18, 0.0023398874353870395, 0.0027759344488653423, 3.721421693086407e-17
0.4949002095934304, 0.059669999999999994, 0.053681824349504255, 0.005190932242632728, -1.0505535377475078e-16, 0.05668588360005354, 0.0010502075696217899, -3.7668175902110984e-17, 0.001705580898854776, 0.002316087069351906, 5.215038057115563e-17
0.4949002095934304, 0.0612, 0.05527118601185924, 0.004464232111149432, -5.589831038040652e-17, 0.057220160331795285, 0.0009416936669990472, -1.6733724608533098e-17, 0.0010977261958173348, 0.001971736714048616, 2.4978609210546298e-17
0.4949002095934304, 0.06273, 0.054436409304114135, 0.004138623973935318, -1.4664098684527818e-16, 0.057164360081958056, 0.000918139463187358, -3.071757006310821e-17, 0.001538892692320514, 0.0018059118050778563, 6.487293808307458e-17
0.4949002095934304, 0.06426, 0.05528412406210966, 0.004089045052617676, 5.2371429798765246e-17, 0.05692650223260926, 0.0009936991472819742, 6.996958822293967e-18, 0.0011376311047058797, 0.001767240245050584, 2.6458810422453542e-17
0.4949002095934304, 0.06579, 0.05472879396736534, 0.004282149471386315, -3.143674297708777e-17, 0.05677607685107228, 0.0011191410486649624, -7.184700777333834e-19, 0.001271749913889521, 0.00185567925256151, 2.0982123411148074e-17
0.4949002095934304, 0.06731999999999999, 0.0539638736920413, 0.004499863564663527, -9.787397600733154e-17, 0.05648035886498759, 0.0013088003427975715, -2.1667172933467897e-17, 0.0016536080512371903, 0.0019783410575532367, 4.284108535965824e-17
0.4949002095934304, 0.06885, 0.05480940930905314, 0.004355810395651601, -7.689649890409322e-17, 0.0563289156758014, 0.0014117466493505414, -1.3980887961992718e-17, 0.0019777193786622844, 0.002039465195608707, 3.530097127932193e-17
0.4949002095934304, 0.07038, 0.054220989173604905, 0.004122221517787073, -3.4922001014013924e-17, 0.056154600588116214, 0.0015400968097150276, -2.240625372740147e-17, 0.002370917729311491, 0.002150739816419027, 3.411445543202233e-17
0.4949002095934304, 0.07191, 0.05511743376922983, 0.0035551775341543176, -9.413416986570055e-17, 0.0560024279918776, 0.0016326471321627335, -1.812355484618126e-17, 0.0027179196626241635, 0.002229493663885638, 4.2518498248563133e-17
0.4949002095934304, 0.07343999999999999, 0.05604151484736369, 0.00302488640355335, -8.354285630380823e-17, 0.05569695991696108, 0.0017212946189728109, -1.0359124197067401e-17, 0.0036618892930273482, 0.0025095122271174626, 4.3158830264251254e-17
0.4949002095934304, 0.07497, 0.05595865065320891, 0.0026340318345368335, 3.1278378925559203e-17, 0.05543767776104904, 0.001840080952702947, -4.363919614411667e-18, 0.00431323661025561, 0.0028338783054870803, 3.042413999378271e-17
0.4949002095934304, 0.0765, 0.056860480643249806, 0.0022672390462149736, -2.0831435690787975e-16, 0.055379808833579486, 0.0019272588951400752, -4.805185138987105e-17, 0.0048073828134726675, 0.003106858580943244, 9.065104222047328e-17
0.4949002095934304, 0.07802999999999999, 0.05682367281686115, 0.0022618782170802498, -2.1175405627833682e-16, 0.05497038041397852, 0.0020655065980115252, -3.879191188893656e-17, 0.005619743694193472, 0.003488627674182914, 9.699531216494032e-17
0.4949002095934304, 0.07955999999999999, 0.056290306544256666, 0.002146144884991348, -5.553305764976744e-17, 0.05459892755404033, 0.002059395518543044, -1.6098771115183294e-17, 0.006299098241378722, 0.003539947238182081, 2.4551526265932737e-17
0.4949002095934304, 0.08109, 0.05663649645822948, 0.002218985249913857, 4.1673887136336796e-17, 0.05460290174048692, 0.002134232335910678, 9.048863906610725e-18, 0.006434371074228183, 0.0036970800376606113, 1.830335465529373e-17
0.4949002095934304, 0.08262, 0.05646380143219376, 0.0021140793285211196, -1.562736277506231e-16, 0.05450106701344838, 0.0020314761009440265, -2.982635924107214e-17, 0.006430436126986097, 0.0036101733194735587, 7.075378781428202e-17
0.4949002095934304, 0.08414999999999999, 0.05591885605979908, 0.0021856879121586862, 1.3892138808642813e-17, 0.054311408717291135, 0.0020113479707706584, 3.492642853433326e-18, 0.006691505207905393, 0.003500287088504785, 6.015632346247492e-18
0.4949002095934304, 0.08567999999999999, 0.05671235736489717, 0.0019179204687882392, -2.0130779067222512e-16, 0.054559426597290156, 0.0018648018488572466, -4.5966990756860366e-17, 0.006532060980413663, 0.0032889981972947166, 8.771232014994959e-17
0.4949002095934304, 0.08721, 0.05690103228564591, 0.0016222107226158248, -3.8131142896015644e-17, 0.05472864681563403, 0.0016889302941458968, -9.049921221124368e-18, 0.00617751720708535, 0.00301560798001907, 1.6546534429300412e-17
0.4949002095934304, 0.08874, 0.05673136608757535, 0.0014433282656150014, 6.583021065020273e-17, 0.05498809350181136, 0.0015551139210207092, 1.8848006721557872e-17, 0.005691781880848116, 0.0027314239918313898, 2.9002145988926525e-17
0.4949002095934304, 0.09026999999999999, 0.05744188927783911, 0.00131014103328295, -1.523384078000056e-16, 0.05531708952633426, 0.0013804462865054175, -1.559051442680409e-17, 0.0052823678502331595, 0.0024002557450401576, 8.295318308887523e-17
0.4949002095934304, 0.09179999999999999, 0.05762899160790353, 0.0012177092450500904, -2.2145973649130067e-16, 0.05551360019019134, 0.0012227849077734857, -4.146529346537022e-17, 0.004823395866187247, 0.0021345400460697946, 1.0080589190769648e-16
0.4949002095934304, 0.09333, 0.05711981627595507, 0.001047781366308424, -2.0762530839911836e-17, 0.05561089960981458, 0.0010814902608356437, -1.4026432953921595e-17, 0.004423428209754732, 0.0017931402861669965, 2.170679233659482e-17
0.4949002095934304, 0.09486, 0.05719733838179815, 0.0009543521815216843, -1.7308302408330328e-17, 0.055783734157189735, 0.0009662633926797784, -6.981062265875938e-18, 0.0040125137478053095, 0.0016012994113535843, 9.559758148425092e-18
0.4949002095934304, 0.09638999999999999, 0.057509320065496375, 0.0010723727433183435, -1.4186126275485887e-16, 0.05593452130585427, 0.0008705446962019989, -1.994102106938044e-17, 0.0037040982000016787, 0.0013951640180753632, 7.055766767573911e-17
0.4949002095934304, 0.09792, 0.05662535691043979, 0.0010178672298305623, 1.732459031325269e-17, 0.0558183051503805, 0.0007971419496730826, 1.61039963774654e-17, 0.0035119093907720177, 0.0012537230780948969, 2.737291293000956e-17
0.4949002095934304, 0.09945, 0.05661070486015106, 0.0009762620176469127, -1.0390462657237128e-17, 0.05589754077440027, 0.0007126295935392943, -1.3766337864927892e-18, 0.003319875156447096, 0.0010442074461198562, 5.262775422548097e-18
0.4949002095934304, 0.10097999999999999, 0.05669752390598623, 0.000979353093157862, 4.849610367453658e-17, 0.055891934582767935, 0.0006799196298729795, 9.699220734907316e-18, 0.003347794449308226, 0.0009993859236520175, 2.1688116892028226e-17
0.4949002095934304, 0.10250999999999999, 0.05685976400468461, 0.0008080528310479225, -1.59279730806336e-16, 0.05596820770327908, 0.0006031879371067876, -3.956586063000581e-17, 0.0032031702375261116, 0.0008849440884589757, 6.897248642874792e-17
0.4949002095934304, 0.10404, 0.05669771958370819, 0.0006529169792881248, -1.7313280970908024e-17, 0.055797802031236673, 0.0005182137947368736, -6.560237778366093e-19, 0.0034233086677169754, 0.0007920961306333439, 1.111898713917026e-17
0.4949002095934304, 0.10557, 0.0570441769568217, 0.0005456903687804375, -1.7641813991345403e-16, 0.05584649597148084, 0.0004759863081513935, -3.2478247463106246e-17, 0.003420123305795294, 0.0007194855660347568, 8.069375951032524e-17
0.4949002095934304, 0.10709999999999999, 0.05715259457514868, 0.00046395170809609087, -3.0099624610037764e-16, 0.05577496619405261, 0.00038415399911294107, -5.177535570791481e-17, 0.003640593814093194, 0.0005659558557456956, 1.4050743078278738e-16
0.4949002095934304, 0.10862999999999999, 0.05746072394134703, 0.0002946173614951893, -3.4575347838436045e-18, 0.05588304885393266, 0.00027744379489572747, 3.516703794755178e-18, 0.0034110105992528512, 0.0004190326096209805, 9.910152144547209e-18
0.4949002095934304, 0.11016, 0.05758644532469088, 0.0002462678118365596, 4.492697360151791e-17, 0.05576723369072802, 0.00020685623888778678, 6.174739901313434e-18, 0.0038029875326517967, 0.00029223955106977203, 2.250161330624395e-17
0.4949002095934304, 0.11169, 0.05758607238453997, 0.0001187061389363312, -6.909851160337967e-18, 0.05578915590184785, 0.00019405270977928453, -6.997446097640662e-18, 0.0036307654913723423, 0.000322710679999749, 1.2157960494383213e-17
0.4949002095934304, 0.11321999999999999, 0.057421054710901545, 9.538980073571128e-5, 1.0365658686406872e-16, 0.05571935707422194, 9.641782041973505e-5, 1.2301405545082399e-17, 0.0037565789474133227, 0.00016530223130798165, 5.423248667535084e-17
0.4949002095934304, 0.11474999999999999, 0.057577074311734776, -7.594364480066093e-17, -8.975158021896292e-17, 0.05571237002618556, -1.9854654280538876e-17, -1.2331922055000239e-17, 0.0037599415488591714, 8.636003303277915e-17, 4.495587675510393e-17
0.4949002095934304, 0.11628, 0.05742105471090119, -9.538980073505822e-5, 6.910439124271247e-18, 0.0557193570742219, -9.641782041963809e-5, 7.704521695652766e-18, 0.0037565789474132525, 0.0001653022313082071, 1.3695666717632314e-17
0.4949002095934304, 0.11781, 0.05758607238454008, -0.00011870613893635892, -1.1055761856540755e-16, 0.05578915590184788, -0.00019405270977916072, -1.4390244397918542e-17, 0.0036307654913724213, 0.0003227106799996075, 5.629841296667274e-17
0.4949002095934304, 0.11933999999999999, 0.05758644532469032, -0.0002462678118366048, 7.948618406422408e-17, 0.05576723369072791, -0.000206856238887647, 8.167936060621907e-18, 0.003802987532651844, 0.00029223955106948276, 4.3237801206229e-17
0.4949002095934304, 0.12086999999999999, 0.05746072394134656, -0.00029461736149545944, -5.532055654149776e-17, 0.0558830488539325, -0.000277443794895723, -7.557269015362968e-18, 0.0034110105992530247, 0.0004190326096209586, 2.7759011928094825e-17
0.4949002095934304, 0.1224, 0.057152594575147896, -0.00046395170809627827, -1.0033208203345934e-16, 0.05577496619405236, -0.00038415399911293044, -2.076840753270526e-17, 0.0036405938140932053, 0.0005659558557454624, 4.4503406376566303e-17
0.4949002095934304, 0.12392999999999998, 0.05704417695682127, -0.0005456903687802128, 2.3176500733728277e-16, 0.05584649597148084, -0.00047598630815138046, 4.214493068807971e-17, 0.003420123305795069, 0.0007194855660348949, 1.0639165757314063e-16
0.4949002095934304, 0.12546, 0.056697719583708506, -0.000652916979288006, -1.3158093537890078e-16, 0.05579780203123686, -0.0005182137947369566, -2.4211212763521414e-17, 0.0034233086677169086, 0.0007920961306335979, 6.019427165263668e-17
0.4949002095934304, 0.12699, 0.05685976400468458, -0.0008080528310483681, -2.112187734605757e-16, 0.05596820770327914, -0.0006031879371068196, -5.766358362959236e-17, 0.0032031702375261814, 0.000884944088458989, 9.210347983203666e-17
0.4949002095934304, 0.12852, 0.056697523905986175, -0.0009793530931583457, 9.699220734907306e-17, 0.05589193458276785, -0.0006799196298730347, 5.368660485798017e-18, 0.0033477944493083, 0.0009993859236521485, 5.954881310923329e-17
0.4949002095934304, 0.13005, 0.056610704860150296, -0.0009762620176472585, 9.005067636272175e-17, 0.05589754077440008, -0.0007126295935393739, 8.89117158813408e-18, 0.003319875156446956, 0.0010442074461197552, 4.947915500308001e-17
0.4949002095934304, 0.13158, 0.05662535691043974, -0.001017867229830798, -2.7719344501204305e-17, 0.05581830515038044, -0.0007971419496730942, -6.286717778128565e-19, 0.0035119093907720854, 0.0012537230780947425, 1.8509220589772725e-17
0.4949002095934304, 0.13310999999999998, 0.057509320065496486, -0.0010723727433183108, -2.1106187873283915e-16, 0.05593452130585422, -0.000870544696202042, -5.064360722815916e-17, 0.0037040982000019437, 0.0013951640180754274, 9.151554990306271e-17
0.4949002095934304, 0.13463999999999998, 0.057197338381798045, -0.0009543521815212168, 2.4231623371662453e-17, 0.05578373415718955, -0.0009662633926797862, 4.8463246743324905e-18, 0.00401251374780557, 0.001601299411353828, 1.0836711412841979e-17
0.4949002095934304, 0.13616999999999999, 0.05711981627595459, -0.0010477813663079543, 3.114379625986778e-17, 0.05561089960981439, -0.0010814902608355902, 1.680796652262273e-17, 0.004423428209755059, 0.0017931402861669614, 2.4266169940021593e-17
0.4949002095934304, 0.1377, 0.05762899160790329, -0.0012177092450498623, 1.0380925148029721e-17, 0.05551360019019126, -0.0012227849077733192, -4.283786094396359e-18, 0.004823395866187403, 0.0021345400460696293, 1.602529491046776e-17
0.4949002095934304, 0.13923, 0.05744188927783866, -0.0013101410332828811, 4.1546838490910623e-17, 0.0553170895263343, -0.0013804462865053533, 1.1143113818791082e-17, 0.005282367850233124, 0.0024002557450402244, 1.8069641581937967e-17
0.4949002095934304, 0.14076, 0.056731366087575584, -0.0014433282656153895, 2.4253235502706265e-16, 0.05498809350181147, -0.0015551139210207888, 4.424499756177453e-17, 0.005691781880848273, 0.002731423991831258, 1.1122932177098894e-16
0.4949002095934304, 0.14229, 0.05690103228564564, -0.0016222107226152248, 1.1092696115204548e-16, 0.05472864681563399, -0.0016889302941458478, 2.076169958848786e-17, 0.006177517207085414, 0.003015607980019191, 5.0498075161041636e-17
0.4949002095934304, 0.14382, 0.05671235736489729, -0.0019179204687883589, -7.635812749636132e-17, 0.05455942659729031, -0.001864801848857284, -7.426655643451174e-18, 0.006532060980413534, 0.0032889981972947465, 4.211109226049321e-17
0.4949002095934304, 0.14534999999999998, 0.05591885605979972, -0.0021856879121583076, -3.0562705379014186e-16, 0.05431140871729142, -0.0020113479707706047, -6.755334658337125e-17, 0.006691505207905245, 0.0035002870885048553, 1.3381291212897305e-16
0.4949002095934304, 0.14687999999999998, 0.05646380143219375, -0.00211407932852063, -1.771101114507059e-16, 0.05450106701344835, -0.002031476100943741, -3.8278754908246126e-17, 0.006430436126986107, 0.003610173319473339, 7.785515272404453e-17
0.4949002095934304, 0.14841, 0.05663649645822925, -0.00221898524991372, 1.7364119640140345e-17, 0.05460290174048686, -0.0021342323359106524, 7.757342804088268e-18, 0.006434371074228238, 0.00369708003766088, 1.0718656211943165e-17
0.4949002095934304, 0.14994, 0.05629030654425654, -0.002146144884990779, 1.0412448309331398e-17, 0.05459892755404035, -0.0020593955185430166, 3.5088209719319376e-18, 0.006299098241378624, 0.0035399472381820235, 4.9426835292427874e-18
0.4949002095934304, 0.15147, 0.056823672816861084, -0.0022618782170801396, 2.082826783065609e-16, 0.05497038041397849, -0.002065506598011466, 5.2333233761504626e-17, 0.005619743694193664, 0.003488627674182688, 9.019095625524105e-17
0.4949002095934304, 0.153, 0.05686048064324944, -0.0022672390462146943, 6.943811896929332e-17, 0.055379808833579326, -0.0019272588951400275, 2.0276603802153774e-17, 0.004807382813472645, 0.003106858580943238, 3.0766969691155855e-17
0.4949002095934304, 0.15453, 0.05595865065320861, -0.0026340318345365542, -3.475375436173248e-18, 0.05543767776104887, -0.0018400809527029255, -5.650886273678949e-18, 0.004313236610255722, 0.0028338783054872056, 1.0798347893592935e-17
0.4949002095934304, 0.15605999999999998, 0.056041514847363055, -0.003024886403552997, 7.658095161182417e-17, 0.05569695991696092, -0.0017212946189728048, 1.390520208598834e-17, 0.0036618892930273036, 0.0025095122271174323, 3.5169735283306814e-17
0.4949002095934304, 0.15758999999999998, 0.05511743376922908, -0.003555177534154556, 1.4643093090220077e-16, 0.05600242799187745, -0.0016326471321628272, 3.209930268827555e-17, 0.002717919662624181, 0.002229493663885796, 6.420286592451273e-17
0.4949002095934304, 0.15911999999999998, 0.054220989173604, -0.004122221517788367, 2.0603980598268189e-16, 0.05615460058811622, -0.0015400968097153973, 3.9104981170454736e-17, 0.002370917729311575, 0.0021507398164194646, 9.343041128618876e-17
0.4949002095934304, 0.16065, 0.054809409309052926, -0.004355810395652035, -1.0835415754667677e-16, 0.05632891567580138, -0.0014117466493506552, -2.3768449237574247e-17, 0.0019777193786623608, 0.0020394651956089317, 4.75024408983367e-17
0.4949002095934304, 0.16218, 0.0539638736920404, -0.004499863564663426, 7.690098114861765e-17, 0.05648035886498715, -0.0013088003427976416, 1.8867492449726182e-17, 0.0016536080512376072, 0.0019783410575532692, 3.3308709139160563e-17
0.4949002095934304, 0.16371, 0.05472879396736485, -0.004282149471386519, 2.095782865139184e-17, 0.056776076851072145, -0.0011191410486648826, -4.85786186095842e-18, 0.0012717499138897228, 0.0018556792525616205, 2.4333824019799425e-17
0.4949002095934304, 0.16524, 0.05528412406210987, -0.004089045052617932, -2.4440000572757097e-17, 0.056926502232609276, -0.0009936991472817966, -3.497069259567787e-18, 0.0011376311047058996, 0.0017672402450507696, 1.2088562539120757e-17
0.4949002095934304, 0.16677, 0.0544364093041144, -0.004138623973935909, -5.23717810161707e-17, 0.05716436008195809, -0.0009181394631873269, 2.0299980432390688e-18, 0.0015388926923203593, 0.0018059118050781898, 4.071600073853116e-17
0.4949002095934304, 0.16829999999999998, 0.05527118601185942, -0.004464232111149268, -6.98728879755081e-18, 0.05722016033179542, -0.0009416936669989755, -1.397457759510162e-18, 0.001097726195817312, 0.001971736714048566, 3.1248105459492753e-18
0.4949002095934304, 0.16982999999999998, 0.053681824349504116, -0.005190932242632044, 1.750922562912515e-16, 0.05668588360005354, -0.0010502075696217038, 3.7100589401645404e-17, 0.0017055808988548477, 0.002316087069351558, 7.727129483938135e-17
0.4949002095934304, 0.17135999999999998, 0.052679359877572995, -0.006210597405397028, -4.565417329604357e-17, 0.056840425463477354, -0.0012452124408118197, -1.468251676573544e-17, 0.0023398874353872646, 0.0027759344488650912, 2.1076950691234323e-17
0.4949002095934304, 0.17289, 0.05200090881280954, -0.007292084195966112, 1.831884487796547e-16, 0.05666868023029429, -0.0014551229729724967, 3.316761265251992e-17, 0.0026494495798864612, 0.0032635096626283462, 8.420004601921042e-17
0.4949002095934304, 0.17442, 0.04991336059022159, -0.008244119942586257, 3.2501348248420986e-16, 0.056079517061798076, -0.0016476321930534602, 7.818616243581784e-17, 0.0034499671336369274, 0.0036876400424140253, 1.4090198558609522e-16
0.4949002095934304, 0.17595, 0.05047324863707753, -0.008857127365852547, -4.953646159701644e-17, 0.056280253737917785, -0.0017752020727419787, -1.3376547058929695e-17, 0.003274147069680058, 0.003959113684100253, 2.1564404597896055e-17
0.4949002095934304, 0.17748, 0.049437390236540556, -0.008926413909999414, 1.6641067200456264e-16, 0.05608327131902836, -0.0017880508574091027, 4.438605232421183e-17, 0.003760696266737709, 0.003990468131506775, 7.232621997511685e-17
0.4949002095934304, 0.17900999999999997, 0.05033301845270048, -0.008545522130313286, 1.8393203596653653e-16, 0.05632240930170781, -0.0017005931997537557, 2.8461616698166995e-17, 0.0033636818537732403, 0.003826530621224807, 8.875982924319968e-17
0.4949002095934304, 0.18053999999999998, 0.05135075285552092, -0.007651002819646415, 6.705396634927643e-17, 0.05626823972405547, -0.0015291598585200764, 5.777498041705942e-18, 0.0027608705664284275, 0.00342222144923788, 3.803293600966965e-17
0.4949002095934304, 0.18206999999999998, 0.05156666304059053, -0.00644162340398316, 3.520358911094595e-18, 0.056523212530381915, -0.0012824382473008748, 1.3980778134796366e-18, 0.0028390539247208275, 0.002884222780155007, 1.9144795824100228e-18
0.4949002095934304, 0.18359999999999999, 0.05396646049644447, -0.005165864668454119, 1.614223602776581e-16, 0.05701055254120489, -0.0010216329290604188, 4.060823565568172e-17, 0.0017786533532708972, 0.002316790174764457, 6.990021529661541e-17
0.4949002095934304, 0.18513, 0.05385484122195143, -0.0037952265393674666, 2.0991461588794265e-16, 0.05678868878235764, -0.0007772930583926603, 3.5043031232412125e-17, 0.0017167143975866327, 0.0016872621170345202, 9.890415597798653e-17
0.4949002095934304, 0.18666, 0.05588614310397004, -0.0026501283724963843, 2.0591793405336566e-16, 0.057902052748298766, -0.00054076798749528, 3.840782661534348e-17, 0.001208198674618803, 0.0011793123909407553, 9.383364395938194e-17
0.4949002095934304, 0.18819, 0.05605584797993367, -0.0017786278500129542, 2.0893801481241683e-16, 0.05716418391907797, -0.0003600283865081378, 4.8725418202188515e-17, 0.0007701406344583833, 0.000793418827330797, 9.081243602388665e-17
0.4949002095934304, 0.18972, 0.056841537829881474, -0.0010399390462154242, -3.476772333526586e-17, 0.05729813640666986, -0.00022185359821135176, -1.2505563719020926e-17, 0.0006950341400774515, 0.00045885680779556525, 1.7302253141574156e-17
0.4949002095934304, 0.19124999999999998, 0.05738072404207054, -0.0005726490943588, -1.1115892224012162e-16, 0.05796228398431463, -9.986096660776854e-5, -3.541425713797866e-17, 0.00041876811688485214, 0.0002650883107682876, 5.106343507331308e-17
0.4949002095934304, 0.19277999999999998, 0.05706615238543091, -0.0003492881595893015, 2.0828564178669026e-17, 0.057491153122127804, -6.483462523277919e-5, -6.918729011971078e-19, 0.0009862471887790013, 0.00016079649987671212, 1.597919839180572e-17
0.4949002095934304, 0.19430999999999998, 0.05807667606172849, -0.00014224989326029912, 1.3882147315624843e-17, 0.05800486584115608, -2.769592118511755e-5, 2.0824604340051176e-18, 0.0009737526191206048, 6.557033572327695e-5, 6.765179822650039e-18
0.4949002095934304, 0.19584, 0.0569113939728521, 8.950064180020284e-6, -4.8570021703126156e-17, 0.05713797557753936, 2.1291776030190807e-6, -7.632624037183282e-18, 0.00039360564966111255, 1.9933035889350076e-5, 2.332416053669514e-17
0.4949002095934304, 0.19737, 0.058311033590224444, -5.162757618393767e-5, -1.7347521373119848e-17, 0.05832120586451638, -3.1482212612892516e-5, 6.938325701145142e-18, 0.0006669490841633343, 2.9348473295300674e-5, 2.630735543639813e-17
0.4949002095934304, 0.1989, 0.05697219732921018, -1.6413679466630465e-5, 1.8736986264795303e-16, 0.05732260158378823, -2.5741835557680964e-5, 4.302543686337467e-17, 0.0007316174482855072, 2.8807051138541525e-5, 8.158123750060964e-17
0.4949002095934304, 0.20043, 0.058171888374487175, 4.450018065491072e-5, -5.550459691175134e-17, 0.05758806110326109, 1.134695589880652e-5, -1.3182476990625395e-17, 0.000566912362240218, 2.569394106420703e-5, 2.4084195192119032e-17
0.4949002095934304, 0.20195999999999997, 0.05725942144728121, -7.768972328049105e-5, 6.939740863573109e-18, 0.058323244127348704, -1.1315694026496567e-5, 8.327433016714274e-18, 0.0008322524052612744, 3.761668447786546e-5, 1.504443873593124e-17
0.4949002095934304, 0.20348999999999998, 0.05781409168961535, -4.394851663511609e-6, -2.4285797111949486e-17, 0.05691702059045418, -2.4526569816055383e-6, -9.020593563994004e-18, 0.0009588243141992264, 1.2684518714373515e-5, 1.241268500784371e-17
0.4949002095934304, 0.20501999999999998, 0.057680799949998605, -4.729793197328102e-6, 7.632850868849034e-17, 0.058652388618117286, -2.610469029779803e-6, 2.150942178041143e-17, 0.0006730168582773641, 1.0288195795232792e-5, 3.349390284538841e-17
0.4949002095934304, 0.20654999999999998, 0.05750574571939638, -3.435104980190026e-5, 9.715232059041194e-17, 0.05739421641111906, -2.6944218144424736e-5, 1.5266615379447546e-17, 0.0008679534993723618, 4.615252797381297e-5, 4.665476014925495e-17
0.4949002095934304, 0.20808, 0.057869527250151064, 7.04860165265109e-5, 9.019537042868892e-17, 0.05775853668403032, 7.303069759583175e-6, 1.3875278854280928e-17, 0.000730137944613555, 3.852411394528265e-5, 4.3606243241609635e-17
0.4949002095934304, 0.20961, 0.05716861836334397, 1.153657028576588e-5, 7.979452741965957e-17, 0.057244484986570074, 1.1919499945288804e-5, 1.5265070262919682e-17, 0.0016790062124343347, 2.0707398739938508e-5, 3.610432778184409e-17
0.4949002095934304, 0.21114, 0.05819475839425606, -1.6940341092452616e-5, -7.979650792561637e-17, 0.057642331820354706, -3.977346495004031e-6, -1.8734710960888962e-17, 0.0014238713344404492, 7.3592928993551115e-6, 3.4659443638278055e-17
0.4949002095934304, 0.21267, 0.05698199735100774, 4.5483530454190716e-5, -2.289936867477562e-16, 0.058645172352774624, -2.635252673132574e-6, -4.0247726904178477e-17, 0.0015852623024494557, 3.699662204337219e-5, 1.0619446064847118e-16
0.4949002095934304, 0.21419999999999997, 0.058224145439864455, 4.1362182333280244e-5, 2.7061529364568617e-16, 0.05647185608606782, -7.273137375095774e-6, 6.245029979217773e-17, 0.0018209478197468696, 4.326649726696286e-5, 1.1775611558144899e-16
0.4949002095934304, 0.21572999999999998, 0.05693467081219421, -1.965936467908322e-5, 1.6996898068881235e-16, 0.05855930289410771, -8.280137837062407e-6, 4.5790027734005044e-17, 0.001292965429830669, 1.1361914428173141e-5, 7.396721941812114e-17
0.4949002095934304, 0.21725999999999998, 0.058306657959096404, -3.4335627487413086e-5, 3.9204046360634594e-16, 0.05752571590710911, -5.8944406727614945e-6, 7.910194749225811e-17, 0.0009796584829712817, 1.6037970997920373e-5, 1.7494439865312883e-16
0.4949002095934304, 0.21878999999999998, 0.056856335984430476, -1.4028506552201393e-5, -3.123157009264058e-17, 0.0573039299535975, -1.2146170248449323e-5, -2.7768070919345935e-18, 0.0017230224173234708, 2.025006627951303e-5, 1.7591152891186815e-17
0.4949002095934304, 0.22032, 0.05847112908588179, 4.90685349490405e-6, 2.3592640209856434e-16, 0.05849140111425073, -1.0817312887801688e-5, 4.371581250908762e-17, 0.002209098128384098, 2.7014946234585595e-5, 1.0771122977676982e-16
0.4949002095934304, 0.22185, 0.056804958169891395, -3.56145634069479e-5, 3.504051467873644e-16, 0.05681388030253768, -1.5223616017855502e-5, 6.869327308614783e-17, 0.0023322942900647946, 2.0917334719464764e-5, 1.575103843761968e-16
0.4949002095934304, 0.22338, 0.05823077986051274, 8.816536486794969e-5, 5.89791131974761e-17, 0.058499723688870506, 1.0383203062271593e-5, -2.7759667810755192e-18, 0.0022960081882934724, 4.6227947111278994e-5, 4.676652651376025e-17
0.4949002095934304, 0.22490999999999997, 0.057970605623487347, 3.059735559611001e-5, 2.0816505210733282e-17, 0.05733330115056448, -1.374141324524773e-6, 1.1796159683924534e-17, 0.002549262363134759, 2.4138208995099477e-5, 1.7277827184569055e-17
0.4949002095934304, 0.22643999999999997, 0.05523494466728589, -5.566267000896919e-5, -1.907814641682076e-16, 0.05871342106519986, -1.877479155237409e-5, -3.9544059007477427e-17, 0.0042227653335524164, 2.6438472701343532e-5, 8.4597652789634e-17
0.4949002095934304, 0.22796999999999998, 0.02392673645047309, 6.464044891179154e-6, 3.122766189064343e-17, 0.027708990472578278, -7.330473332293782e-6, 6.245532378128686e-18, 0.002499006970938604, 2.0199812036443212e-5, 1.3965434953171665e-17
0.5938802515121164, 0.00153, 0.02323889541093514, 2.8464658712794736e-5, 1.0059868787092006e-16, 0.02696397462897133, 1.0852837562628227e-5, -2.833991787784821e-17, 0.0028855364000467203, 2.002169382585778e-5, 1.1811728312471678e-16
0.5938802515121164, 0.00306, 0.0530690347531398, -3.21480741005774e-5, -8.326547344692188e-17, 0.05777269001319036, 1.0287647277197886e-5, 9.246785511340054e-18, 0.004424392288563004, 3.1486250630094704e-5, 8.039116337983118e-17
0.5938802515121164, 0.0045899999999999995, 0.0585968576427303, -9.273353082472198e-6, 1.0753941986961622e-16, 0.0575438938992589, -4.0044107647543254e-7, 5.955623645545493e-17, 0.0023377524915381377, 2.2023109748370743e-5, 1.0434510892149844e-16
0.5938802515121164, 0.00612, 0.0576290956602142, 6.129168095990841e-5, -6.938331687514034e-17, 0.05835461901742777, 1.5626109414569055e-6, -2.3122985701569575e-18, 0.0020841437269572675, 5.0654055203400566e-5, 4.1784985479188836e-17
0.5938802515121164, 0.00765, 0.05760425578437046, -1.694148598713126e-5, -9.021111067423526e-17, 0.05694560954950991, 9.86276568349792e-6, -1.157720767108467e-18, 0.0021108749113631408, 2.2857388548057066e-5, 4.9926206893189404e-17
0.5938802515121164, 0.009179999999999999, 0.057524874219787386, 5.5939644432544255e-5, 1.9778189588243562e-16, 0.058330313298506895, 1.833770147859964e-5, 3.990264213887317e-17, 0.002014891396316465, 3.038393199359337e-5, 7.829140857456398e-17
0.5938802515121164, 0.010709999999999999, 0.057731109459840335, 2.2204238611872234e-5, -4.163735349667055e-17, 0.05737512653797126, 1.3822514975776096e-5, -1.272173669636213e-17, 0.001550954132860935, 1.8571831824618265e-5, 2.4105296225129143e-17
0.5938802515121164, 0.01224, 0.0574540694839061, -7.78580919187677e-6, 1.0061510845706192e-16, 0.057513774836575056, 3.614399028599599e-6, 1.734730473638451e-17, 0.0008767212382501906, 1.539365942105984e-5, 4.254887284626286e-17
0.5938802515121164, 0.01377, 0.05783036236743726, 0.00022887696179345207, 2.498533556751142e-16, 0.05843781280632915, 4.504627516298338e-5, 2.5454703975489258e-17, 0.0011941384889367999, 9.062983836945768e-5, 1.165953162410154e-16
0.5938802515121164, 0.0153, 0.05729454194340711, 0.00029177584710794654, 2.950305640697851e-16, 0.056608970395624264, 5.4690255663878204e-5, 2.7198552724988525e-17, 0.0016629740746937174, 0.00012242504020617049, 1.3907679025473053e-16
0.5938802515121164, 0.016829999999999998, 0.05775755286335425, 0.000596186683226712, 0.0, 0.05849723577120462, 0.00010156049109873086, 2.949135475505724e-17, 0.0014634741702720252, 0.0002445653630821231, 6.111821299874866e-17
0.5938802515121164, 0.018359999999999998, 0.056875657557944374, 0.0010260128805110523, 3.2332307626907873e-16, 0.05751455277661972, 0.00017431660216455416, 4.521374702024622e-17, 0.0013114467452932028, 0.0004172961771756476, 1.370555674904516e-16
0.5938802515121164, 0.019889999999999998, 0.0572054573749137, 0.0016068378522818708, 1.8099311153457427e-16, 0.05723798038462746, 0.00025787339209274926, 5.213767273340392e-17, 0.0015018333290325965, 0.0006611144111686428, 7.3604903242658e-17
0.5938802515121164, 0.021419999999999998, 0.0557397268332276, 0.0026462555473177438, -3.4875601855176076e-17, 0.05742206837556311, 0.0004349566997533058, -1.9111930110832373e-17, 0.001051544896876802, 0.0010838586200523463, 2.1271977620910138e-17
0.5938802515121164, 0.022949999999999998, 0.05606196274730494, 0.003744327046655711, 9.4375430078045e-17, 0.0571721741338164, 0.0006465080228961531, 8.211400444041467e-18, 0.0009478877882513074, 0.0015181765027896742, 4.3977172154226284e-17
0.5938802515121164, 0.02448, 0.05423427661519482, 0.004947495842616242, -2.1024061739536714e-16, 0.05791603661763002, 0.0008267580312941745, -6.800088505258079e-17, 0.001901485462723257, 0.0020187619730657773, 1.1372378520478167e-16
0.5938802515121164, 0.02601, 0.05453133968209401, 0.006154139939012706, -1.4048064206734209e-16, 0.05651940710572737, 0.001027733870653687, -3.4977955294726916e-17, 0.001297711120326401, 0.0025114414427300446, 6.59677029031158e-17
0.5938802515121164, 0.02754, 0.05296528968071096, 0.007011744992748868, 7.03669879366684e-17, 0.05743025171957556, 0.0011780539104804166, 3.023350826947065e-17, 0.0023105687384042716, 0.0028581113355434806, 3.384597218648191e-17
0.5938802515121164, 0.02907, 0.053628166456373964, 0.00745275137632806, 1.3380820273974018e-16, 0.05692807866211309, 0.0012326694328057737, -5.45134451728816e-18, 0.0016942764346201647, 0.0030472920429584047, 8.444821957202696e-17
0.5938802515121164, 0.0306, 0.05318974059923492, 0.007321088852421601, 2.0761354768199163e-16, 0.05663379141969606, 0.001241633005034853, 4.501181731297658e-17, 0.0018096872452026892, 0.0029784243977368672, 8.673743635630687e-17
0.5938802515121164, 0.03213, 0.05437641800339505, 0.006664045926981699, 8.08156851855554e-17, 0.05766374122099665, 0.0011369094983408425, 2.619117589793754e-17, 0.0017173862144459111, 0.0027078600352495913, 5.647168459574637e-17
0.5938802515121164, 0.033659999999999995, 0.05483520902798131, 0.00562719066540871, 1.0863896062260434e-16, 0.05675418115261301, 0.0009360907962323564, 5.964201406056366e-18, 0.0010038572057735047, 0.002298229356821583, 5.5244771785796936e-17
0.5938802515121164, 0.03519, 0.055970098696405235, 0.004541907921600744, -7.338324154461157e-17, 0.05766573798369748, 0.000780064587921223, -4.708392342128466e-18, 0.0012035786442195732, 0.001843852282385245, 7.379835923967129e-17
0.5938802515121164, 0.036719999999999996, 0.05661249351917554, 0.0037524473045213768, 0.0, 0.057344709854969006, 0.0006794367384475853, 8.679142829546637e-18, 0.0009522712832361793, 0.0015123157596568237, 2.4814809120636682e-17
0.5938802515121164, 0.03825, 0.05651686690434871, 0.0033994208617623635, 1.2198444295085149e-16, 0.05772138113765345, 0.0006497876158001506, -1.1013474536903115e-18, 0.0006989266612109373, 0.001367747552349131, 9.860748486505263e-17
0.5938802515121164, 0.039779999999999996, 0.057061059581202826, 0.003538025819014079, 2.8235718622944276e-16, 0.057258623602425486, 0.0007745489683450653, 1.0382653120770109e-16, 0.0006291466720042851, 0.0014146634543424855, 1.3878762264202114e-16
0.5938802515121164, 0.04131, 0.05598877085511885, 0.0038628086081301544, 3.837962976745732e-17, 0.056968281741751496, 0.0009438250901118326, -1.6191472448861963e-17, 0.0008394994079586296, 0.0015964091879219604, 4.2744978457961156e-17
0.5938802515121164, 0.042839999999999996, 0.056813042581716836, 0.003999191337027432, 1.5706965605036893e-16, 0.05772055105386835, 0.0011171718790841548, 4.30540707169915e-17, 0.001168525746557365, 0.0017624048484306475, 7.113802393715358e-17
0.5938802515121164, 0.04437, 0.05598156299541068, 0.003790662197116639, -3.488352515662538e-18, 0.05665416781786636, 0.001279521248180082, 2.945815804399474e-18, 0.0015704336973049627, 0.0019470186668251298, 2.0765964264558754e-17
0.5938802515121164, 0.045899999999999996, 0.057313790463067955, 0.0032164475778989825, 1.9853257360463285e-16, 0.05706109219484872, 0.0013874353705335117, 5.47696632744027e-17, 0.0015956853513222013, 0.002257627499884303, 9.446603982435425e-17
0.5938802515121164, 0.04743, 0.05728679712520669, 0.0025770488332084738, 4.5199371669862344e-17, 0.056650476629519386, 0.0014982066782854328, 2.158949987862661e-17, 0.002558389856052604, 0.0026333114003682075, 3.104833296463775e-17
0.5938802515121164, 0.04896, 0.057957138273916846, 0.00206833042163912, -1.562406899744579e-16, 0.056549722815699026, 0.0016190216190398645, -2.605994048723876e-17, 0.0025638489450324764, 0.003068832112403838, 6.392871763731153e-17
0.5938802515121164, 0.05048999999999999, 0.05841533699170503, 0.0017940876678553598, 1.3877428470450005e-16, 0.056671230583374116, 0.0017161756111039458, 4.554244149551567e-17, 0.0031275457166891744, 0.0034227658619016194, 7.191047753325427e-17
0.5938802515121164, 0.05202, 0.057742065438346715, 0.0018629395476639891, 5.552543798844759e-17, 0.05635973700558145, 0.0018005323057849452, -3.616057590029101e-17, 0.003431161433621414, 0.0035693141422658814, 1.1471874797096793e-16
0.5938802515121164, 0.05354999999999999, 0.058309868929849074, 0.0020810018292624537, 1.3195052066768917e-16, 0.05661852293657295, 0.0018261686988288763, 4.5569034023626884e-17, 0.0030434499390772315, 0.0035433388932973675, 6.929100493370958e-17
0.5938802515121164, 0.05508, 0.057273690010606004, 0.002160018189829204, -2.362051622941564e-16, 0.05627854588659932, 0.0017330298591828313, -5.829345115586898e-17, 0.003124018792701171, 0.0033049520169309977, 1.0596510447505052e-16
0.5938802515121164, 0.056609999999999994, 0.058213331405888524, 0.0019717719750392427, -1.527429828753454e-16, 0.05692612209289331, 0.0015412311399837836, -4.0065355172407284e-17, 0.0024522080533264518, 0.0029265822990327726, 6.009377794551432e-17
0.5938802515121164, 0.05814, 0.05796165600904447, 0.0016982174338904948, 3.468344296222317e-17, 0.057027297221071985, 0.0013207132729917577, -2.4628328320423888e-18, 0.002142331648215198, 0.0024897493659958767, 3.793522567105673e-17
0.5938802515121164, 0.059669999999999994, 0.05848329755440903, 0.0012786170422160242, -1.5934668177185404e-16, 0.056985452592446126, 0.0010882758150541623, -5.794792688040149e-17, 0.0016928244000041026, 0.0020736688737879724, 6.814205422073759e-17
0.5938802515121164, 0.0612, 0.0591132942215682, 0.0010155622624973633, 1.0036128563180079e-16, 0.05753568264675744, 0.0009540050995820999, 2.782110431522552e-18, 0.0012495312033804244, 0.001763832748265909, 5.2766955932084376e-17
0.5938802515121164, 0.06273, 0.058485640367220884, 0.00091147968260466, 1.1418010121490375e-16, 0.057384573462835195, 0.0009170294997569084, -6.5679581834395514e-18, 0.0014783491378852361, 0.0016152589112240028, 8.28614566614427e-17
0.5938802515121164, 0.06426, 0.05912657423888011, 0.0010173086234481893, 6.92313411611108e-17, 0.05729318090032107, 0.0009976340599763434, 1.736935587876344e-17, 0.001357233618963551, 0.0015806971146328547, 3.4721385965416305e-17
0.5938802515121164, 0.06579, 0.05821263681129363, 0.0012323765782071999, 1.6622855402511231e-16, 0.05701550351110917, 0.001138013636922002, 2.710603393940757e-17, 0.001279776944627825, 0.0016604136346811038, 7.069241646083316e-17
0.5938802515121164, 0.06731999999999999, 0.05839795477481587, 0.0012841457388109805, 1.905357327529079e-16, 0.0567999581832923, 0.0013046912421331397, 1.3699978014261407e-17, 0.00167343897864792, 0.0017695106612423417, 9.472749903165203e-17
0.5938802515121164, 0.06885, 0.05845635962215335, 0.001343473340242443, -7.273639939791903e-17, 0.05668348966686006, 0.0014003677644991916, -2.377347320131377e-17, 0.0019706434084838026, 0.0018243660546617751, 3.9652177905217525e-17
0.5938802515121164, 0.07038, 0.05809883208003797, 0.001212480661984835, -1.5580516768726147e-16, 0.05647863917010317, 0.001485494118426662, -4.4639406054044805e-17, 0.002264289451246806, 0.0019283241765117492, 6.242527717052689e-17
0.5938802515121164, 0.07191, 0.0589312059133403, 0.0010072238173885026, 2.4565822172305766e-16, 0.056490557645454714, 0.001528409913033695, 2.584007458202523e-17, 0.0027091129888196126, 0.002010399459051732, 1.1420622763078392e-16
0.5938802515121164, 0.07343999999999999, 0.058599155356455886, 0.0007530022172079831, 3.664330061124678e-16, 0.05618065915687688, 0.0015599125520120063, 5.2439564187855125e-17, 0.0034830067877742368, 0.002279119637856005, 1.5859444908641155e-16
0.5938802515121164, 0.07497, 0.05887869690537463, 0.000785297886079931, 1.9016020660872489e-16, 0.056011180951769976, 0.0016642837749324443, 2.805676808944442e-17, 0.0041056842917401686, 0.002571015536032543, 8.39470582131073e-17
0.5938802515121164, 0.0765, 0.0587150178303664, 0.0009104441707921002, 2.766770127454172e-17, 0.05593567699971064, 0.0017577897744154127, -3.543192594580226e-17, 0.00451028603537802, 0.0028096930243106054, 8.67736381270807e-17
0.5938802515121164, 0.07802999999999999, 0.05817088226920333, 0.0010233223252939202, -2.0757686509055362e-17, 0.05550379738984932, 0.0018918092192252577, -3.5786207658956357e-17, 0.005193497604854049, 0.0031491972176482105, 8.706708915019556e-17
0.5938802515121164, 0.07955999999999999, 0.05853383199238834, 0.001075748660578073, 2.0763674126138822e-17, 0.055254744960431666, 0.0018954543755488821, -9.955030241629609e-18, 0.005858625243757067, 0.0031915891573772066, 2.6621331017018537e-17
0.5938802515121164, 0.08109, 0.057949994462163076, 0.0010978261829730199, -1.488352610221657e-16, 0.055160750527432946, 0.001961497977087735, -1.7265156914852012e-17, 0.005915071978537066, 0.003333728182711169, 6.650245397024246e-17
0.5938802515121164, 0.08262, 0.05819177201555693, 0.0010453282033946456, -1.729783992905801e-17, 0.05511618451379981, 0.0018671181180191297, -2.7738272689069786e-17, 0.0059456390961804845, 0.0032540378603540913, 6.349046719584503e-17
0.5938802515121164, 0.08414999999999999, 0.05851309555618255, 0.0008702376743280011, 1.6948152593272186e-16, 0.055011689857106374, 0.001821162921363549, 3.1157456699981415e-17, 0.006226022454715816, 0.0031652219321353365, 6.7977950962096e-17
0.5938802515121164, 0.08567999999999999, 0.058105532786820395, 0.0007853784350801861, 1.0370996102260418e-17, 0.05515044429554519, 0.0016848979465610698, -3.657732628034023e-17, 0.006019141802564405, 0.002974592375068334, 8.175423951551104e-17
0.5938802515121164, 0.08721, 0.058489957102752996, 0.0007893701091890423, 2.7647434859802952e-17, 0.05535553186348719, 0.0015390035966530878, -2.933695207636482e-18, 0.0057347436084274625, 0.002722128079104721, 2.1058954513090497e-17
0.5938802515121164, 0.08874, 0.05827386849739224, 0.000751400094394986, -4.4942537825400244e-17, 0.055535722667741504, 0.0014211616165830886, 8.216249297064853e-18, 0.005264645382510091, 0.0024649951192054305, 3.6757382566907295e-17
0.5938802515121164, 0.09026999999999999, 0.057923185937125, 0.0007318346768156452, 7.260907086897406e-17, 0.05575143892813272, 0.001272344351557122, -8.905835441743973e-19, 0.0048430036652058785, 0.0021631223458963246, 8.247128151899731e-17
0.5938802515121164, 0.09179999999999999, 0.05823059214927349, 0.0008190598910873889, 2.7663072825131427e-16, 0.055966432183371696, 0.0011554974049924696, 1.1550710154077199e-17, 0.004454487515960502, 0.0019162918918587389, 1.580937763269273e-16
0.5938802515121164, 0.09333, 0.05780876609769302, 0.0008027394271056655, 1.6951700959654048e-16, 0.055977210691127655, 0.001035031788547314, 1.656414080448875e-17, 0.004056904799380888, 0.0016078656680781015, 7.740573030498261e-17
0.5938802515121164, 0.09486, 0.057552756586151846, 0.0008362947857613822, 1.2110135831512313e-16, 0.05607857122868342, 0.000944601958193379, 1.436600783095724e-17, 0.003660845073671259, 0.0014332282268728594, 5.298391822996635e-17
0.5938802515121164, 0.09638999999999999, 0.057927944539685125, 0.0007444984328207952, 2.732617098432924e-16, 0.05626675851149275, 0.000849536985638465, 2.892610074939837e-17, 0.0034115339870895785, 0.0012489331660599302, 1.3531696546767607e-16
0.5938802515121164, 0.09792, 0.05762172205255685, 0.0006955668763466142, -5.878155026025062e-17, 0.056118874634076554, 0.0007802127707853379, 3.6230719378460624e-18, 0.0032262762036704236, 0.0011221304860955673, 3.9167102765254813e-17
0.5938802515121164, 0.09945, 0.057588103286757175, 0.0006926520668512362, 5.186404334662677e-17, 0.05617930119312642, 0.0007093000057579514, 7.496812402360471e-18, 0.0030485390673042263, 0.0009340031420474366, 2.2239283435339992e-17
0.5938802515121164, 0.10097999999999999, 0.05814837356907875, 0.0004844557730949514, -1.3826150823984e-16, 0.05626800774715307, 0.0006473423204099748, -1.4960900760883903e-17, 0.0031328530590627886, 0.0008974327083776962, 6.344311692044244e-17
0.5938802515121164, 0.10250999999999999, 0.05785297387304149, 0.0004116474569386203, 1.4861156439366541e-16, 0.05628233539823948, 0.0005712645237454264, -8.202956459393939e-18, 0.002966529438401932, 0.0007953712703402305, 9.852691843055356e-17
0.5938802515121164, 0.10404, 0.05754946025692114, 0.00046458784317297933, 5.876415476404455e-17, 0.056089745068850755, 0.0005092761361428913, 9.247339312476916e-18, 0.0031442993195370168, 0.000708810492711774, 2.621764869305279e-17
0.5938802515121164, 0.10557, 0.05775519594879478, 0.0004043612831620446, 3.4565628725990444e-18, 0.0561646126343665, 0.000464048803986502, -2.6489112407155364e-17, 0.003156736290650257, 0.0006441914372451751, 7.365055798457118e-17
0.5938802515121164, 0.10709999999999999, 0.057662804680099315, 0.0003037221676407652, 1.8668056887325267e-16, 0.05608960594172706, 0.0003707486938675784, -1.2032701611053559e-17, 0.003346210943779659, 0.0005072701822250172, 1.5896773827453293e-16
0.5938802515121164, 0.10862999999999999, 0.057533942578908814, 0.0002967454708738026, 1.071657644591473e-16, 0.05615819780809535, 0.00028066074089207335, 2.079154723882053e-17, 0.00312445776550639, 0.0003748769862099775, 4.3232975707488204e-17
0.5938802515121164, 0.11016, 0.05753281959095617, 0.0003169809510023944, 2.765563841804855e-17, 0.056061498007432715, 0.00022521035757355472, 9.75488965410262e-18, 0.0034770275045386215, 0.00026522519903651135, 2.195365378749894e-17
0.5938802515121164, 0.11169, 0.05747897271532243, 0.00016757723246252031, 2.834853041186394e-16, 0.05607079203742695, 0.0001896401302264905, 4.141634560507268e-17, 0.0033199216737531258, 0.00028884350700436167, 1.1908662462639823e-16
0.5938802515121164, 0.11321999999999999, 0.05752829629566028, 5.596097254281914e-5, 1.797494447602191e-16, 0.05602084694446166, 8.967501244024906e-5, 4.020941208093852e-17, 0.003440186791681839, 0.00014877047723593315, 8.382166224566304e-17
0.5938802515121164, 0.11474999999999999, 0.057586419357435956, 1.7974729367358031e-16, 3.2838447882673325e-16, 0.05602471158139396, 1.3412337045147659e-17, 4.4454144758622004e-17, 0.0034489232875391726, 1.1227911878670043e-16, 1.4479215789822008e-16
0.5938802515121164, 0.11628, 0.05752829629566045, -5.5960972542494216e-5, 2.1777336576718858e-16, 0.056020846944461654, -8.967501244011411e-5, 4.2715995707575396e-17, 0.0034401867916817957, 0.00014877047723614386, 8.663069262332821e-17
0.5938802515121164, 0.11781, 0.05747897271532239, -0.00016757723246186722, 1.2099982492868776e-16, 0.056070792037426966, -0.00018964013022627847, 8.17476715651584e-18, 0.0033199216737531895, 0.0002888435070042433, 7.477090022704932e-17
0.5938802515121164, 0.11933999999999999, 0.05753281959095612, -0.00031698095100256437, 7.605300564963366e-17, 0.05606149800743261, -0.00022521035757346654, 1.94821143254572e-17, 0.0034770275045386684, 0.0002652251990362778, 4.7578038435504364e-17
0.5938802515121164, 0.12086999999999999, 0.057533942578908696, -0.0002967454708742694, -2.1087456877445122e-16, 0.056158197808095195, -0.0002806607408921474, -4.144348564187768e-17, 0.003124457765506544, 0.00037487698620996196, 8.66377761610591e-17
0.5938802515121164, 0.1224, 0.05766280468009934, -0.00030372216764087967, 8.642618929317264e-17, 0.05608960594172686, -0.00037074869386758867, -2.9026413950589424e-18, 0.003346210943779695, 0.0005072701822248058, 5.915704642225355e-17
0.5938802515121164, 0.12392999999999998, 0.057755195948794476, -0.0004043612831623937, 2.419594010819331e-17, 0.05616461263436645, -0.0004640488039865493, 3.915343225809864e-17, 0.0031567362906500308, 0.0006441914372452917, 9.544130247470329e-17
0.5938802515121164, 0.12546, 0.05754946025692116, -0.000464587843173214, 8.296115966688636e-17, 0.05608974506885091, -0.0005092761361429995, -6.349150691786785e-18, 0.0031442993195369435, 0.0007088104927119992, 6.937578713470674e-17
0.5938802515121164, 0.12699, 0.05785297387304148, -0.000411647456938506, -1.1059465257203e-16, 0.056282335398239534, -0.000571264523745434, -6.648542845333196e-17, 0.0029665294384019843, 0.0007953712703402482, 8.516683905312651e-17
0.5938802515121164, 0.12852, 0.05814837356907849, -0.0004844557730948029, 5.876114100193202e-17, 0.05626800774715296, -0.000647342320409996, 1.4267407238487017e-17, 0.0031328530590628303, 0.0008974327083778203, 5.754976174395228e-17
0.5938802515121164, 0.13005, 0.057588103286757036, -0.00069265206685105, -2.1437137916605746e-16, 0.05617930119312624, -0.0007093000057579866, -2.831925353756451e-17, 0.0030485390673041088, 0.0009340031420473472, 1.0132247456545058e-16
0.5938802515121164, 0.13158, 0.057621722052557243, -0.0006955668763461961, -1.7288691253014898e-17, 0.056118874634076575, -0.0007802127707852778, -3.40534169034653e-18, 0.003226276203670524, 0.0011221304860954357, 1.7897831496907995e-17
0.5938802515121164, 0.13310999999999998, 0.05792794453968534, -0.0007444984328201452, -2.248355840482787e-16, 0.05626675851149274, -0.0008495369856383925, -7.967560336484575e-17, 0.003411533987089835, 0.0012489331660599991, 1.084307036652049e-16
0.5938802515121164, 0.13463999999999998, 0.05755275658615183, -0.0008362947857609817, 9.688108665209862e-17, 0.05607857122868326, -0.0009446019581933188, 2.0185451670626847e-17, 0.003660845073671501, 0.0014332282268730834, 3.880309721461489e-17
0.5938802515121164, 0.13616999999999999, 0.05780876609769308, -0.0008027394271053614, 1.1416451666705793e-16, 0.05597721069112751, -0.0010350317885472187, 3.3034058213361925e-17, 0.004056904799381195, 0.0016078656680780772, 4.528569213542022e-17
0.5938802515121164, 0.1377, 0.058230592149273876, -0.0008190598910869707, -7.261556616597001e-17, 0.055966432183371696, -0.0011554974049922612, -1.56724161063253e-17, 0.004454487515960684, 0.0019162918918586005, 3.136324955845014e-17
0.5938802515121164, 0.13923, 0.057923185937125, -0.0007318346768156791, -1.1064239370510324e-16, 0.05575143892813275, -0.0012723443515570744, -9.154470768524639e-18, 0.004843003665205844, 0.002163122345896379, 5.2279644203027834e-17
0.5938802515121164, 0.14076, 0.05827386849739232, -0.0007514000943955387, -1.2445625859341598e-16, 0.05553572266774161, -0.0014211616165832471, 1.6128121535909448e-17, 0.005264645382510224, 0.0024649951192052878, 1.209996773633325e-16
0.5938802515121164, 0.14229, 0.05848995710275288, -0.0007893701091897185, -6.220672843455654e-17, 0.055355531863487135, -0.0015390035966531595, 6.933628251313796e-18, 0.005734743608427509, 0.002722128079104788, 5.645651262176949e-17
0.5938802515121164, 0.14382, 0.05810553278682034, -0.0007853784350805857, 4.978078129084992e-16, 0.05515044429554532, -0.0016848979465611676, 7.677908911520721e-17, 0.006019141802564272, 0.0029745923750683382, 2.0967193416206037e-16
0.5938802515121164, 0.14534999999999998, 0.058513095556182525, -0.0008702376743282089, 1.9715197914622752e-16, 0.055011689857106603, -0.0018211629213635387, -2.3435792295104786e-17, 0.0062260224547156535, 0.003165221932135383, 1.612540478258386e-16
0.5938802515121164, 0.14687999999999998, 0.0581917720155569, -0.0010453282033946211, 1.0032747158853642e-16, 0.05511618451379977, -0.0018671181180188877, -1.5177717158782368e-17, 0.005945639096180492, 0.0032540378603538827, 8.972785250500726e-17
0.5938802515121164, 0.14841, 0.057949994462163194, -0.0010978261829737645, 1.6960297186246795e-16, 0.05516075052743292, -0.0019614979770878377, 3.4731614313818214e-17, 0.005915071978537129, 0.003333728182711367, 6.676510775604002e-17
0.5938802515121164, 0.14994, 0.05853383199238815, -0.0010757486605789584, 2.353216400962399e-16, 0.055254744960431645, -0.0018954543755490068, 4.214429082598326e-17, 0.00585862524375696, 0.0031915891573771086, 9.474038886048574e-17
0.5938802515121164, 0.15147, 0.05817088226920304, -0.0010233223252938215, -2.4217300927231214e-17, 0.05550379738984925, -0.0018918092192251918, 3.957481131338199e-17, 0.005193497604854189, 0.0031491972176480127, 8.651121853480278e-17
0.5938802515121164, 0.153, 0.05871501783036649, -0.000910444170791575, 1.9713237158110985e-16, 0.05593567699971052, -0.0017577897744152854, 4.9752565098646454e-17, 0.004510286035378031, 0.002809693024310629, 7.726757991095106e-17
0.5938802515121164, 0.15453, 0.058878696905374145, -0.0007852978860789123, 5.5319332831629145e-17, 0.05601118095176975, -0.0016642837749322565, 4.510816910539067e-18, 0.00410568429174022, 0.0025710155360327215, 2.6699152110314847e-17
0.5938802515121164, 0.15605999999999998, 0.05859915535645581, -0.000753002217207638, 2.0395799396826051e-16, 0.056180659156876735, -0.0015599125520119436, 4.558066739970037e-17, 0.0034830067877742107, 0.0022791196378560024, 8.372298872447963e-17
0.5938802515121164, 0.15758999999999998, 0.058931205913340036, -0.0010072238173882498, 1.6953877273844819e-16, 0.05649055764545455, -0.001528409913033731, 5.5005881029970985e-17, 0.0027091129888196057, 0.00201039945905189, 8.02862029385009e-17
0.5938802515121164, 0.15911999999999998, 0.05809883208003743, -0.0012124806619849796, 1.4888049356782796e-16, 0.05647863917010309, -0.0014854941184269943, 5.740089990335027e-17, 0.0022642894512467982, 0.001928324176512146, 9.48252986083852e-17
0.5938802515121164, 0.16065, 0.05845635962215291, -0.0013434733402418895, 5.888184713164878e-17, 0.05668348966685997, -0.0014003677644991942, -9.993399842703742e-18, 0.0019706434084837887, 0.0018243660546619802, 5.42558515556314e-17
0.5938802515121164, 0.16218, 0.058397954774815096, -0.0012841457388101838, 2.2171430720338378e-16, 0.05679995818329181, -0.0013046912421330653, 5.267529490866912e-17, 0.0016734389786481846, 0.0017695106612423729, 8.80078469582753e-17
0.5938802515121164, 0.16371, 0.0582126368112935, -0.001232376578206689, -1.3159760526988075e-16, 0.05701550351110904, -0.0011380136369218503, -2.5981152429112143e-17, 0.0012797769446279868, 0.0016604136346811977, 5.613259676606069e-17
0.5938802515121164, 0.16524, 0.05912657423887985, -0.0010173086234485874, 9.692387762555512e-17, 0.05729318090032104, -0.0009976340599762617, 1.3239755221286032e-17, 0.0013572336189634885, 0.001580697114633022, 4.2398519285786775e-17
0.5938802515121164, 0.16677, 0.05848564036722096, -0.000911479682604857, -1.1764010428202202e-16, 0.05738457346283524, -0.0009170294997569153, -1.7915019010971113e-17, 0.0014783491378851134, 0.001615258911224301, 6.093485377572072e-17
0.5938802515121164, 0.16829999999999998, 0.05911329422156822, -0.0010155622624978436, 2.0764403923820838e-16, 0.05753568264675755, -0.0009540050995821202, 3.3442791740109596e-17, 0.0012495312033803808, 0.001763832748265868, 8.53865883141667e-17
0.5938802515121164, 0.16982999999999998, 0.05848329755440923, -0.0012786170422165522, 1.9745132306512318e-16, 0.056985452592446154, -0.0010882758150541785, 6.38257116788917e-17, 0.0016928244000041965, 0.0020736688737876723, 9.519493352761101e-17
0.5938802515121164, 0.17135999999999998, 0.057961656009045015, -0.001698217433890458, 1.4913880473755942e-16, 0.057027297221071964, -0.0013207132729915927, 1.2621036818147038e-17, 0.0021423316482154543, 0.0024897493659956577, 6.948593030391281e-17
0.5938802515121164, 0.17289, 0.05821333140588899, -0.001971771975038559, 1.3885725715940494e-17, 0.056926122092893404, -0.001541231139983507, 2.995396482975668e-17, 0.0024522080533265224, 0.002926582299032584, 7.572108949085603e-17
0.5938802515121164, 0.17442, 0.05727369001060679, -0.00216001818982817, 3.8209658606407676e-17, 0.05627854588659953, -0.0017330298591825785, 7.152341179758281e-17, 0.003124018792701331, 0.0033049520169306625, 1.2707890898999393e-16
0.5938802515121164, 0.17595, 0.05830986892984911, -0.0020810018292625253, 3.472382122833923e-17, 0.056618522936573004, -0.0018261686988287364, -5.3598190110515404e-18, 0.0030434499390771456, 0.003543338893297099, 2.7525014225086718e-17
0.5938802515121164, 0.17748, 0.05774206543834694, -0.001862939547663226, -2.949788893136279e-16, 0.05635973700558146, -0.00180053230578479, -1.21747712820948e-17, 0.003431161433621508, 0.0035693141422657474, 1.529039773153517e-16
0.5938802515121164, 0.17900999999999997, 0.05841533699170447, -0.0017940876678549569, 1.1795814199882502e-16, 0.05667123058337392, -0.001716175611103956, 4.3377704248276665e-17, 0.0031275457166893388, 0.003422765861901426, 8.739327111763692e-17
0.5938802515121164, 0.18053999999999998, 0.05795713827391629, -0.0020683304216386933, 2.2220898129700684e-16, 0.05654972281569894, -0.0016190216190398459, 4.184941191758943e-17, 0.0025638489450323814, 0.003068832112403891, 9.467999366934619e-17
0.5938802515121164, 0.18206999999999998, 0.05728679712520653, -0.002577048833208041, 2.1904310886164074e-16, 0.05665047662951935, -0.0014982066782854024, 3.7672249654839827e-17, 0.0025583898560527806, 0.0026333114003682157, 8.886971048853677e-17
0.5938802515121164, 0.18359999999999999, 0.05731379046306746, -0.003216447577899258, 1.6718532514074345e-16, 0.05706109219484865, -0.0013874353705335587, 6.170441723652534e-17, 0.0015956853513221314, 0.002257627499884416, 8.111180766424887e-17
0.5938802515121164, 0.18513, 0.05598156299541062, -0.0037906621971163803, 3.0348666886264074e-16, 0.056654167817866474, -0.001279521248179947, 7.978363750411689e-17, 0.0015704336973049184, 0.0019470186668252409, 1.4084018160004113e-16
0.5938802515121164, 0.18666, 0.056813042581716544, -0.003999191337026334, 8.726092002798285e-17, 0.0577205510538684, -0.001117171879083789, 4.6550008850783376e-17, 0.0011685257465572077, 0.0017624048484305153, 8.626455228126744e-17
0.5938802515121164, 0.18819, 0.05598877085511866, -0.0038628086081301904, -1.7445286257935137e-17, 0.05696828174175141, -0.0009438250901118133, 3.7696967458834574e-17, 0.0008394994079586183, 0.0015964091879219087, 8.559952794300626e-17
0.5938802515121164, 0.18972, 0.05706105958120213, -0.0035380258190147863, 2.1612525365710393e-16, 0.057258623602425236, -0.0007745489683452576, 2.5599572510333214e-17, 0.0006291466720043939, 0.0014146634543427633, 9.461238192417479e-17
0.5938802515121164, 0.19124999999999998, 0.05651686690434886, -0.0033994208617630973, -2.4745415570029865e-16, 0.05772138113765367, -0.0006497876158003234, -7.075424023169866e-17, 0.0006989266612110019, 0.001367747552349371, 9.787474624015972e-17
0.5938802515121164, 0.19277999999999998, 0.05661249351917565, -0.00375244730452121, -3.139463622906533e-17, 0.05734470985496911, -0.0006794367384475176, -5.809000122508478e-18, 0.0009522712832361692, 0.0015123157596567637, 1.9009938742412198e-17
0.5938802515121164, 0.19430999999999998, 0.055970098696405395, -0.004541907921600701, 3.494440073552936e-17, 0.05766573798369763, -0.0007800645879210481, 7.559450484259158e-18, 0.0012035786442196172, 0.0018438522823853059, 1.4717290731983365e-17
0.5938802515121164, 0.19584, 0.054835209027981016, -0.005627190665408443, 2.3480033424885437e-16, 0.056754181152612965, -0.0009360907962322247, 3.277286901048966e-17, 0.0010038572057736036, 0.0022982293568215174, 1.0114759701716349e-16
0.5938802515121164, 0.19737, 0.05437641800339486, -0.006664045926981421, 6.676078341415441e-17, 0.05766374122099613, -0.0011369094983409806, 1.690873531998002e-17, 0.0017173862144457606, 0.0027078600352493888, 3.391335972518381e-17
0.5938802515121164, 0.1989, 0.05318974059923507, -0.007321088852421759, 2.0409467399246614e-16, 0.05663379141969603, -0.001241633005035027, 6.987030971822324e-17, 0.0018096872452025836, 0.0029784243977368594, 9.822566793492737e-17
0.5938802515121164, 0.20043, 0.053628166456374464, -0.007452751376328426, 2.218399150685165e-16, 0.056928078662113316, -0.0012326694328057325, 2.5987921685898257e-17, 0.0016942764346200567, 0.0030472920429586037, 9.833595253674266e-17
0.5938802515121164, 0.20195999999999997, 0.0529652896807112, -0.007011744992749332, 1.8999086742900476e-16, 0.05743025171957579, -0.0011780539104803026, 3.860467208542936e-17, 0.002310568738404243, 0.00285811133554376, 7.537463328765264e-17
0.5938802515121164, 0.20348999999999998, 0.05453133968209459, -0.006154139939012824, -1.0536048155050655e-17, 0.05651940710572758, -0.0010277338706534754, -9.273169329170112e-18, 0.0012977111203261945, 0.002511441442730208, 1.1119467900312685e-17
0.5938802515121164, 0.20501999999999998, 0.054234276615195476, -0.004947495842616561, 3.0835290551320514e-16, 0.05791603661763032, -0.0008267580312942434, 6.931666906921038e-17, 0.0019014854627231285, 0.0020187619730658996, 1.2087460685457184e-16
0.5938802515121164, 0.20654999999999998, 0.05606196274730526, -0.003744327046655619, -9.088004377885812e-17, 0.05717217413381676, -0.0006465080228962904, -2.4244944802700665e-18, 0.00094788778825119, 0.0015181765027895626, 6.015966692127868e-17
0.5938802515121164, 0.20808, 0.05573972683322803, -0.0026462555473174857, 1.7786556946139824e-16, 0.05742206837556327, -0.0004349566997532617, 4.120699395546715e-17, 0.0010515448968768108, 0.0010838586200522385, 7.748122005977711e-17
0.5938802515121164, 0.20961, 0.05720545737491349, -0.0016068378522821054, 1.392254704112111e-17, 0.05723798038462731, -0.0002578733920926102, 1.504131639261992e-17, 0.0015018333290325778, 0.0006611144111688237, 3.229734327200793e-17
0.5938802515121164, 0.21114, 0.05687565755794355, -0.0010260128805111945, 1.0429776653841245e-16, 0.057514552776619515, -0.0001743166021643691, 1.770701955661273e-18, 0.0013114467452932518, 0.00041729617717580733, 5.902417623246707e-17
0.5938802515121164, 0.21267, 0.05775755286335386, -0.0005961866832265002, -3.820645932874962e-17, 0.0584972357712045, -0.00010156049109869384, -3.9907515641607e-17, 0.001463474170272168, 0.0002445653630819805, 9.49868687775044e-17
0.5938802515121164, 0.21419999999999997, 0.05729454194340723, -0.00029177584710814093, 1.8048928625445682e-16, 0.05660897039562439, -5.4690255663936636e-5, 8.212346420255758e-17, 0.0016629740746938147, 0.00012242504020627988, 1.158248789896725e-16
0.5938802515121164, 0.21572999999999998, 0.05783036236743763, -0.00022887696179274412, -5.552296792780315e-17, 0.05843781280632936, -4.5046275163009364e-5, 2.890452845703701e-17, 0.0011941384889367342, 9.062983836905394e-5, 7.802333082965446e-17
0.5938802515121164, 0.21725999999999998, 0.057454069483906446, 7.785809191914944e-6, 2.0123021691412405e-16, 0.05751377483657533, -3.6143990286487548e-6, 9.94566590625691e-17, 0.0008767212382502377, 1.5393659421249972e-5, 1.6422642842961424e-16
0.5938802515121164, 0.21878999999999998, 0.05773110945984051, -2.2204238612271255e-5, 1.3532139886417928e-16, 0.05737512653797134, -1.3822514975752978e-5, 2.023956056741772e-17, 0.0015509541328609226, 1.8571831824790176e-5, 5.853270888499662e-17
0.5938802515121164, 0.22032, 0.05752487421978708, -5.593964443262751e-5, 1.561436020124491e-16, 0.05833031329850679, -1.833770147860599e-5, 6.245377742631454e-17, 0.0020148913963166913, 3.0383931993509952e-5, 1.0671473746139586e-16
0.5938802515121164, 0.22185, 0.05760425578437002, 1.6941485987214528e-5, -1.4572564031991845e-16, 0.05694560954950974, -9.862765683677164e-6, 3.2956787518470114e-17, 0.002110874911363065, 2.2857388548249796e-5, 1.6586197681639645e-16
0.5938802515121164, 0.22338, 0.05762909566021403, -6.129168095960655e-5, -6.938331687514029e-17, 0.05835461901742776, -1.5626109413747637e-6, -1.3877191796752983e-17, 0.002084143726957328, 5.065405520347652e-5, 4.989097696800506e-17
0.5938802515121164, 0.22490999999999997, 0.05859685764272998, 9.273353083266601e-6, -2.012027855625077e-16, 0.05754389389925873, 4.004410767737893e-7, -2.3703664523814174e-17, 0.002337752491537958, 2.202310974832738e-5, 8.831898868566133e-17
0.5938802515121164, 0.22643999999999997, 0.053069034753139586, 3.21480741003797e-5, 6.591849981214661e-17, 0.05777269001318981, -1.0287647276915125e-5, -2.196696587087342e-17, 0.004424392288563165, 3.1486250630052556e-5, 8.70582305403084e-17
0.5938802515121164, 0.22796999999999998, 0.023238895410935236, -2.846465871288495e-5, -8.672300678527597e-17, 0.026963974628971106, -1.085283756239231e-5, -9.249224149105423e-18, 0.002885536400046626, 2.0021693826022176e-5, 3.995687147130765e-17
0.6928602934308026, 0.00153, 0.021250782839974707, 0.0009128438831324355, -2.375584509832357e-16, 0.026147804373400384, 0.00013970870121545785, -5.822827975004642e-17, 0.0034061029734698315, 0.00034141015221733417, 1.3371465777964679e-16
0.6928602934308026, 0.00306, 0.0490215099573123, 0.002502118517202378, 5.595136894298664e-17, 0.056522521433779206, 0.0003662634858379379, 1.5918868858718137e-17, 0.005220455561973631, 0.0009422620319150994, 7.548001610578421e-17
0.6928602934308026, 0.0045899999999999995, 0.05661776994223206, 0.0038829659339106475, 2.1709205459987988e-16, 0.05741159047682649, 0.000554366183921685, 8.206135333322992e-17, 0.002162583708327133, 0.0014679122039886346, 1.1233260195942968e-16
0.6928602934308026, 0.00612, 0.05476643107118015, 0.0050175438279608, 1.156870420414643e-16, 0.057842020739392395, 0.0007181313562299344, 1.4544750088646078e-17, 0.0023364527653460614, 0.0018964265241484869, 5.868652431331055e-17
0.6928602934308026, 0.00765, 0.055187536735095424, 0.0058123883126060295, -5.2631569867789617e-17, 0.056694456290307844, 0.0008387949866724311, -8.511127781491488e-18, 0.0020383097066213243, 0.002193247768143144, 4.955498570933305e-17
0.6928602934308026, 0.009179999999999999, 0.054571255998821636, 0.006037845346398491, -3.157637603883461e-17, 0.05779330511283757, 0.0008782673650385841, 2.9691353827772057e-17, 0.002324177414941201, 0.0022753290978073646, 7.64058030734453e-17
0.6928602934308026, 0.010709999999999999, 0.05558949132356223, 0.005651769737476818, 4.5564671805595276e-17, 0.05712003579305569, 0.0008192435467616394, -4.3951069103682144e-18, 0.0015684540006610853, 0.0021310111910895256, 3.113760481425466e-17
0.6928602934308026, 0.01224, 0.05550370357020257, 0.004831103051510137, 4.547634049922929e-17, 0.057226621798521844, 0.0006932556350973906, 2.136573841679091e-17, 0.0011035087277293213, 0.0018246733165229166, 4.027042109430911e-17
0.6928602934308026, 0.01377, 0.05687946604281513, 0.00389317934201065, 2.4433745899070805e-17, 0.05821519184011286, 0.0005947795704269358, 2.5308852821715194e-17, 0.0012390424815801931, 0.0014568087306808932, 1.0643717418755564e-16
0.6928602934308026, 0.0153, 0.05673998545246444, 0.0031299211775648065, 2.439110570281532e-16, 0.05662768683231572, 0.0004940089587925822, 5.815748191115491e-17, 0.0015188881172104691, 0.0011676884726481518, 1.5108876551256341e-16
0.6928602934308026, 0.016829999999999998, 0.05769294425445202, 0.0027884765799788326, -5.2225859404520414e-17, 0.05838233698309711, 0.0004854056466530311, 1.781746701797472e-17, 0.0013701128882095289, 0.0010398092315967275, 6.377163071789614e-17
0.6928602934308026, 0.018359999999999998, 0.057026864553586847, 0.0029015738896562395, 1.3932450599528953e-16, 0.05744488303047217, 0.0005639247860919378, 5.865814115953812e-17, 0.0012112889496240348, 0.001098942753340773, 1.3007223359804027e-16
0.6928602934308026, 0.019889999999999998, 0.05737122940237602, 0.003159606323030734, 2.2303019969246515e-16, 0.05725701595859154, 0.0006724066679410327, 7.655089087041267e-17, 0.0013719047324895666, 0.0012518353504798257, 9.320285058106903e-17
0.6928602934308026, 0.021419999999999998, 0.05696851300749073, 0.003324398929972768, 3.2769215084722484e-16, 0.05735727475155277, 0.000847734161213229, 3.043151002603295e-17, 0.0009751118163796002, 0.0014736534709274664, 1.325101810582361e-16
0.6928602934308026, 0.022949999999999998, 0.05738981118650012, 0.003079926886094929, -1.149699157629121e-16, 0.05720326514134265, 0.000994139289067407, -9.385930442666184e-18, 0.0008692003630768583, 0.0016633247002788446, 6.147619137456905e-17
0.6928602934308026, 0.02448, 0.05763271063895305, 0.002475154959793246, 3.165992076859446e-16, 0.057875561477819026, 0.0010622433067940418, -1.3058014661362878e-17, 0.0017391109211478152, 0.0019453379632909796, 1.7862982901950044e-16
0.6928602934308026, 0.02601, 0.05809232306722315, 0.0018639160715327066, -1.3894863627455424e-17, 0.05674410938594106, 0.0011471884707792612, -3.1966085056545273e-17, 0.0013254494569698238, 0.0023143035476480673, 6.074493991203138e-17
0.6928602934308026, 0.02754, 0.05838153504408866, 0.0015162655374987549, 9.370378485696803e-17, 0.05756614933736315, 0.0012263698571973222, 3.930069063911313e-17, 0.002139676856455582, 0.0026122164318674868, 3.911676665971483e-17
0.6928602934308026, 0.02907, 0.05821622025259991, 0.0014327893186266006, 4.2685607583487695e-16, 0.05711209888932549, 0.0012612579879230346, 5.6306858390164e-17, 0.0016214770958154626, 0.0027828124504328086, 1.8066944274533706e-16
0.6928602934308026, 0.0306, 0.058361685674417595, 0.0015446937033180056, 1.0414417747117813e-16, 0.05688063345608485, 0.0012849273905038748, 5.3459297335576804e-17, 0.0017764168639073348, 0.0027213288550915395, 8.227396400145429e-17
0.6928602934308026, 0.03213, 0.05789835522903945, 0.001679064320513856, 4.167457422379778e-17, 0.05769725750785991, 0.0012143601872227016, 2.8403089944489e-17, 0.0015702578020937886, 0.0024804055931526305, 5.1882468912724943e-17
0.6928602934308026, 0.033659999999999995, 0.058528214272462235, 0.0015495520424233169, -1.805271236093101e-16, 0.057007614455448614, 0.0010237281171167794, -2.0677416453281703e-17, 0.0011355058260041184, 0.002110760663966046, 8.667035992691885e-17
0.6928602934308026, 0.03519, 0.05813644782128028, 0.0012250813699722306, 1.9769540972605723e-16, 0.057732982246209305, 0.0008436384139285098, 2.4206436524755203e-17, 0.001113023133887989, 0.0016915823318775127, 1.0193610492622899e-16
0.6928602934308026, 0.036719999999999996, 0.059158020529435695, 0.0008640018679278432, 7.276173968000893e-17, 0.057603754237035676, 0.0007058031855161935, 1.7833799522469822e-17, 0.001106983185912213, 0.00138231042972957, 3.3163229646226314e-17
0.6928602934308026, 0.03825, 0.05852594924623231, 0.000650362542079393, -6.926232504539705e-18, 0.05783631943887901, 0.0006498697481257567, -1.933473889525939e-18, 0.0007067939985690309, 0.0012485769978997016, 9.004282555361921e-17
0.6928602934308026, 0.039779999999999996, 0.0591678166862974, 0.0006569468525231873, 1.9740544038307778e-16, 0.05753136547155004, 0.000757748666084797, 1.1719494680418347e-16, 0.0009222643344652498, 0.001292169877364853, 1.3153962108217416e-16
0.6928602934308026, 0.04131, 0.058415131405423155, 0.0007718186395468371, 2.4252389170982434e-16, 0.05717497455084745, 0.000919252740031119, 2.076786528809322e-17, 0.0009414631173300962, 0.0014587649509502211, 1.052832346949086e-16
0.6928602934308026, 0.042839999999999996, 0.05880519324509142, 0.0008765130672239598, -1.7328145484286024e-17, 0.05787549993832879, 0.0010827920488184126, 3.4428039831094706e-17, 0.0011427778062867745, 0.0016114174455781427, 6.883342867614287e-17
0.6928602934308026, 0.04437, 0.058529541574709854, 0.000869230178942882, 1.039640281681636e-17, 0.05692207835455829, 0.0012209082382890534, 4.010185377601886e-18, 0.0015992656818218187, 0.0017841290504437514, 1.916466987234469e-17
0.6928602934308026, 0.045899999999999996, 0.058742824339116824, 0.0007124907450600362, 1.48919773999185e-16, 0.05730133964402988, 0.0012910147097515865, 6.821967909222874e-17, 0.0015893001525472098, 0.0020766512017286153, 9.328905462010069e-17
0.6928602934308026, 0.04743, 0.05914959088182749, 0.0005287941755070464, 1.903466052777399e-16, 0.05700749295127769, 0.0013597191778885204, 4.569765779278565e-17, 0.0025192638060169154, 0.002431637094041982, 6.979796149841373e-17
0.6928602934308026, 0.04896, 0.058761608902877356, 0.00041391459891479323, 2.5258412462736716e-16, 0.05686570654243879, 0.0014468634733077114, 1.3746354529133512e-17, 0.0024852943192045797, 0.002838234974139333, 1.2040565591424338e-16
0.6928602934308026, 0.05048999999999999, 0.05924576786686955, 0.00046808730805544157, 2.2839958252628356e-16, 0.05703902162387346, 0.0015378772820970165, 7.16648902141968e-17, 0.0030163184383093827, 0.003159953139956233, 9.532019865679797e-17
0.6928602934308026, 0.05202, 0.058491888697165546, 0.0005942610146041344, 4.223516805707985e-16, 0.05666433010437918, 0.0016282078356162578, 2.934117502415036e-17, 0.0032342174752411977, 0.003290066807773836, 2.0248542721027668e-16
0.6928602934308026, 0.05354999999999999, 0.059024217837486265, 0.0006993176778701244, 3.670325087894479e-16, 0.05696219363670342, 0.0016651899815490546, 9.149238756160131e-17, 0.002923284076848307, 0.0032625308876005413, 1.369807173965956e-16
0.6928602934308026, 0.05508, 0.05839283913986284, 0.0007574862552462609, 1.3504880048897774e-16, 0.056580587779922684, 0.0015936664871918926, -3.067312949231945e-17, 0.0029616745800669793, 0.003039442642110943, 1.21232605571243e-16
0.6928602934308026, 0.056609999999999994, 0.05888780181678108, 0.0007141326510995275, 3.9118823365297225e-16, 0.0572063620534487, 0.0014230742130003184, 2.154230037407551e-17, 0.0023581443260419586, 0.002689819828526783, 1.7198228884590361e-16
0.6928602934308026, 0.05814, 0.05881357437264307, 0.0005835882138387358, 1.176444620286878e-16, 0.057282479671296425, 0.0012154096931127547, 1.469535214806192e-17, 0.0020689322502452524, 0.0022898322708831886, 5.709691443743121e-17
0.6928602934308026, 0.059669999999999994, 0.05874197599662441, 0.0005167993133410192, 3.874226873448756e-16, 0.057236384507328736, 0.0010066363148094276, 5.676446580352378e-18, 0.0016819075942871998, 0.0019052752787368287, 1.7945995630158275e-16
0.6928602934308026, 0.0612, 0.05906905719231242, 0.0005553507303860451, -1.453021554126925e-16, 0.05775473615326529, 0.0008970544754112349, -1.83727846890796e-17, 0.0012794521983430314, 0.0016171864204125887, 7.384443205072753e-17
0.6928602934308026, 0.06273, 0.058368481974581096, 0.0007215163317408059, 2.4226273520531758e-17, 0.057525131821656035, 0.0008890990471831794, -2.168782225729364e-18, 0.001399842863876471, 0.001476373449765993, 7.653204172411528e-17
0.6928602934308026, 0.06426, 0.05884271539013778, 0.0008075351147995084, 2.1464933452576147e-16, 0.05751454297029488, 0.0009704770678082241, 4.555220997119173e-17, 0.0013704296440164535, 0.0014447601839310661, 8.102196239106132e-17
0.6928602934308026, 0.06579, 0.05818061189275292, 0.0008902373225675215, 1.2464166900180012e-16, 0.05718194756562971, 0.0011026170205856475, 4.1039696091177934e-17, 0.0012485122691951226, 0.0015186336978785249, 7.43205447657486e-17
0.6928602934308026, 0.06731999999999999, 0.05850658006046912, 0.0009009803818752775, 2.0423836905915598e-16, 0.05704376130860327, 0.0012470182620963023, 4.091974816353206e-17, 0.0016582354356649573, 0.0016225257651553324, 1.1253515200229768e-16
0.6928602934308026, 0.06885, 0.058461245844024824, 0.0007646736772685489, -7.959454352255286e-17, 0.05693745483502645, 0.0013095543234662426, -3.174791181863364e-17, 0.0019203344368433277, 0.001682653406183477, 4.189734728300032e-17
0.6928602934308026, 0.07038, 0.05827099332118774, 0.0007757560762110925, 1.7647224302702717e-16, 0.056734689763115256, 0.0013841029695387235, -1.3052027613891666e-17, 0.002175187105161877, 0.0017806336691216066, 1.0115219570148283e-16
0.6928602934308026, 0.07191, 0.058679622515259204, 0.0007598643381287098, 1.9719834008223042e-16, 0.05680328119828393, 0.0014186176880472685, 5.0319826796340255e-17, 0.002607805552302195, 0.0018580819813637226, 1.2273559618423062e-16
0.6928602934308026, 0.07343999999999999, 0.05811045846082048, 0.0008538329876407172, 3.045268892754799e-16, 0.056456344771725966, 0.001459044042816108, 8.845203920037295e-17, 0.003262125811600599, 0.002097588249096859, 1.7331605396849188e-16
0.6928602934308026, 0.07497, 0.058394020306521036, 0.0009083721122107781, 2.838732557927355e-16, 0.05635158657387727, 0.0015562963945436347, 6.4601980618486e-17, 0.0038546510649435906, 0.0023643314049352827, 1.233752746585747e-16
0.6928602934308026, 0.0765, 0.057908752179256916, 0.0010477912601301903, 1.6966018041156823e-16, 0.05621754488250296, 0.0016563614152318095, -6.133053609035042e-18, 0.004184301609295603, 0.0025788873039956223, 1.1083179900018725e-16
0.6928602934308026, 0.07802999999999999, 0.057893289227254036, 0.0010289918277630022, -6.578530776475072e-17, 0.05584515336662142, 0.001768549591873507, -4.007179338835555e-17, 0.0048262492472416095, 0.002893248430371464, 8.028571101311631e-17
0.6928602934308026, 0.07955999999999999, 0.05804399244291206, 0.0009676249202120409, 0.0, 0.05565320888650029, 0.001762907310500762, -8.532883064253951e-18, 0.005451084536582525, 0.0029345383843249607, 2.4591399019919217e-17
0.6928602934308026, 0.08109, 0.057748143483421735, 0.0009418251463337677, 4.499544429873467e-17, 0.055530378092574204, 0.001815830429837168, -8.370785312911056e-18, 0.005487540631689916, 0.003067570086744485, 6.510951730282916e-17
0.6928602934308026, 0.08262, 0.058169767206477395, 0.0009042729562825707, 1.6955962073050256e-16, 0.05555241061275375, 0.0017295688091996213, 4.471406565834054e-19, 0.005548955398771158, 0.0029927257392459578, 9.444639854901564e-17
0.6928602934308026, 0.08414999999999999, 0.05761402042968362, 0.0008981050278054545, 1.1766364017875922e-16, 0.05538345136747455, 0.0016892975079981069, 4.3515482911235386e-17, 0.005768036293487864, 0.0029104256808503226, 7.01418600435614e-17
0.6928602934308026, 0.08567999999999999, 0.057619778772860425, 0.0009140952691364037, 3.184132054331759e-16, 0.055503206363733085, 0.0015747832783575462, 1.4135606821590637e-17, 0.005573402094180353, 0.0027310028400913886, 1.5353308270718952e-16
0.6928602934308026, 0.08721, 0.05777204273620381, 0.0010063817033595713, -9.347034633591052e-17, 0.05570074770244671, 0.001462914754754014, -1.586750251167563e-17, 0.005314159203512758, 0.0024930926541625814, 3.924983954064603e-17
0.6928602934308026, 0.08874, 0.057194270223557685, 0.0009960053835650529, -1.7312933206474796e-17, 0.0557726580328581, 0.0013604250118662263, 4.569223225130618e-18, 0.0048466529076282355, 0.002255952864642763, 3.491456102870587e-17
0.6928602934308026, 0.09026999999999999, 0.057502711988920326, 0.0009716544757595304, 7.963626030875739e-17, 0.05600162079395952, 0.001229388655014609, 1.0613251291958716e-17, 0.004470313991162668, 0.0019779193392270027, 8.120526096081437e-17
0.6928602934308026, 0.09179999999999999, 0.05722748421408661, 0.0009321136155524392, 2.492950603486795e-16, 0.05614658247347383, 0.0011235854350724653, 4.55141887533061e-17, 0.004094210719301153, 0.0017513635057022038, 1.7000782406802846e-16
0.6928602934308026, 0.09333, 0.057258703308662506, 0.0008647103604150416, 1.7656033844384423e-16, 0.056160281065061206, 0.0010107001559569895, 3.9420740467253824e-17, 0.003734969940805181, 0.0014691848773719528, 9.300542066844171e-17
0.6928602934308026, 0.09486, 0.0574724298333748, 0.0007983495661854276, 2.319133629339594e-16, 0.05627769388649648, 0.0009237087593351002, 4.5444201417100406e-17, 0.003383150066801798, 0.001309519621425094, 9.539597375436937e-17
0.6928602934308026, 0.09638999999999999, 0.05694475082675779, 0.0007471372164671248, 1.211540279470416e-16, 0.05636361455653061, 0.0008349084471854164, 4.210151892049026e-17, 0.0031248153718972578, 0.0011407715240271852, 1.2835124643219805e-16
0.6928602934308026, 0.09792, 0.0571864726270181, 0.000706253577089692, 2.4923213410639623e-16, 0.0562713886330682, 0.0007696471716859599, 3.8710080819067513e-17, 0.002972687688135773, 0.0010247416486011793, 9.947900429137338e-17
0.6928602934308026, 0.09945, 0.05718954018866941, 0.0007086869342924158, 1.2463937208602266e-16, 0.05632362104963256, 0.0007092124241200177, 2.4231463785740782e-17, 0.002808995594681565, 0.0008526243476208459, 4.8708260814370404e-17
0.6928602934308026, 0.10097999999999999, 0.056671419253864916, 0.0006191782580454509, 5.885982732951338e-17, 0.05632563796239762, 0.0006433188829293285, -4.4150824622557195e-18, 0.0028639522109659044, 0.0008193093868614168, 6.428600850053772e-17
0.6928602934308026, 0.10250999999999999, 0.057046679376006486, 0.0006248039583830381, 3.462348703740224e-17, 0.05639152739506334, 0.0005789130144079424, -2.08489310270877e-18, 0.002723424499157951, 0.0007263532501027045, 9.138732374262322e-17
0.6928602934308026, 0.10404, 0.056945195698045285, 0.000549490601773015, 2.0428185104174025e-16, 0.05621195230159283, 0.0005150210598043375, 3.7109412416657395e-17, 0.0028884928186124078, 0.0006472309926528453, 7.750400038793153e-17
0.6928602934308026, 0.10557, 0.05669765066637677, 0.0004500013206382493, -3.0117631444654127e-16, 0.05624076092465368, 0.0004620420206510373, -6.573014126992477e-17, 0.0028887269298751503, 0.0005880876041080037, 1.236905237531416e-16
0.6928602934308026, 0.10709999999999999, 0.05695716570556187, 0.0004086982563684466, -9.34593087548664e-17, 0.05621354305084632, 0.000376170059939131, -2.366507406016968e-17, 0.003072208095601084, 0.00046329429446383315, 1.4834465319540513e-16
0.6928602934308026, 0.10862999999999999, 0.05687321399742155, 0.0002952608124957993, 1.696047756418773e-16, 0.05626034297799909, 0.00028274646540689136, 4.205057986782864e-17, 0.00286500128979092, 0.0003422587920256031, 6.871099209989748e-17
0.6928602934308026, 0.11016, 0.056623869827873104, 0.000207860069918573, 6.231605931686823e-17, 0.0561418368389242, 0.00022273174505141446, 1.7263628177354852e-17, 0.0031811864428778216, 0.00024220516745838004, 2.8218856136606183e-17
0.6928602934308026, 0.11169, 0.05680220273672378, 0.00011212545830406698, 3.4271340075436484e-16, 0.05617527928018364, 0.00017856660566614428, 8.445878205497156e-17, 0.0030432421889336047, 0.00026529952300271685, 1.5743754154022153e-16
0.6928602934308026, 0.11321999999999999, 0.05670560826513785, 7.659185715660554e-5, 5.470560600751374e-16, 0.05611866999027255, 8.780599025687142e-5, 1.126160760801098e-16, 0.003151093419660417, 0.00013589824056364056, 2.0628653411806566e-16
0.6928602934308026, 0.11474999999999999, 0.05655853968358322, 5.540826361189856e-17, 2.077809885446196e-16, 0.05610097273884957, 1.9411755126112074e-17, 6.778655101376453e-17, 0.0031548803809965543, 1.0371813511035444e-16, 1.4588162699807107e-16
0.6928602934308026, 0.11628, 0.056705608265138166, -7.659185715659519e-5, 3.8086181397636167e-16, 0.05611866999027258, -8.780599025675426e-5, 9.102254117454487e-17, 0.003151093419660388, 0.00013589824056383108, 1.502954438153888e-16
0.6928602934308026, 0.11781, 0.05680220273672373, -0.00011212545830381447, 1.0385254568314104e-17, 0.05617527928018365, -0.00017856660566592647, 8.49055107248702e-18, 0.00304324218893366, 0.0002652995230026111, 6.826129433049088e-17
0.6928602934308026, 0.11933999999999999, 0.05662386982787363, -0.00020786006991848667, 1.6617615817831543e-16, 0.05614183683892419, -0.00022273174505132656, 4.043840630443695e-17, 0.00318118644287788, 0.00024220516745816688, 7.043120519840405e-17
0.6928602934308026, 0.12086999999999999, 0.056873213997421845, -0.0002952608124952664, 2.7690575615000387e-16, 0.056260342977999, -0.0002827464654068787, 4.0349774712482555e-18, 0.002865001289791077, 0.0003422587920255852, 1.439900035825468e-16
0.6928602934308026, 0.1224, 0.056957165705562085, -0.0004086982563691669, 4.049903379377548e-16, 0.05621354305084617, -0.0003761700599392427, 5.536778422391445e-17, 0.0030722080956011332, 0.0004632942944636485, 1.633535867289667e-16
0.6928602934308026, 0.12392999999999998, 0.0566976506663765, -0.0004500013206391008, 1.453954621466061e-16, 0.0562407609246536, -0.0004620420206511995, 5.4330865099313993e-17, 0.0028887269298749386, 0.0005880876041081074, 9.59340908572324e-17
0.6928602934308026, 0.12546, 0.056945195698045147, -0.0005494906017729556, 2.9430436167030344e-16, 0.05621195230159294, -0.0005150210598044218, 3.660135107422611e-17, 0.002888492818612329, 0.0006472309926530492, 1.3009247639326693e-16
0.6928602934308026, 0.12699, 0.05704667937600616, -0.0006248039583836227, 9.348341500098597e-17, 0.05639152739506334, -0.0005789130144080324, -4.363273653128654e-17, 0.0027234244991579835, 0.0007263532501027268, 9.848964797634859e-17
0.6928602934308026, 0.12852, 0.05667141925386497, -0.0006191782580453052, -7.617154124995848e-17, 0.056325637962397535, -0.0006433188829293259, 1.3475574544233736e-18, 0.0028639522109659456, 0.0008193093868615308, 6.26772435558083e-17
0.6928602934308026, 0.13005, 0.057189540188669785, -0.0007086869342925157, 3.704559114779004e-16, 0.05632362104963246, -0.0007092124241200622, 2.8648627178930476e-17, 0.002808995594681487, 0.0008526243476207643, 1.7684054750920934e-16
0.6928602934308026, 0.13158, 0.05718647262701867, -0.0007062535770889967, 4.500024643587713e-17, 0.056271388633068305, -0.0007696471716858091, 3.509742327685421e-18, 0.002972687688135892, 0.0010247416486010659, 2.452901042462808e-17
0.6928602934308026, 0.13310999999999998, 0.05694475082675789, -0.0007471372164670995, 1.3846174622519024e-16, 0.05636361455653061, -0.0008349084471853507, -4.851312485198346e-17, 0.0031248153718974945, 0.0011407715240272477, 1.288230636075251e-16
0.6928602934308026, 0.13463999999999998, 0.057472429833374646, -0.0007983495661857216, 2.180677890274543e-16, 0.05627769388649632, -0.0009237087593350907, 4.8454357007316486e-17, 0.0033831500668020167, 0.0013095196214252924, 8.275657490746833e-17
0.6928602934308026, 0.13616999999999999, 0.05725870330866257, -0.000864710360414662, 2.3887575201226014e-16, 0.05616028106506109, -0.0010107001559568533, 6.244001447034738e-17, 0.0037349699408054694, 0.0014691848773719354, 8.810202478112661e-17
0.6928602934308026, 0.1377, 0.05722748421408698, -0.0009321136155520433, 1.8004643247404676e-16, 0.05614658247347388, -0.00112358543507223, 1.2287419405156422e-17, 0.0040942107193013355, 0.001751363505702081, 7.93219893757409e-17
0.6928602934308026, 0.13923, 0.0575027119889205, -0.0009716544757594839, 6.924892200761526e-18, 0.056001620793959574, -0.0012293886550145613, -6.8574189157694725e-18, 0.004470313991162644, 0.001977919339227052, 4.810997258534215e-17
0.6928602934308026, 0.14076, 0.05719427022355786, -0.0009960053835647473, 2.9085727786877635e-16, 0.05577265803285821, -0.0013604250118663187, 5.537514386917615e-17, 0.0048466529076283595, 0.002255952864642645, 1.51601680737894e-16
0.6928602934308026, 0.14229, 0.057772042736203996, -0.00100638170335982, 3.21953415157025e-16, 0.055700747702446686, -0.001462914754754111, 5.1936454952129686e-17, 0.0053141592035128166, 0.0024930926541626374, 1.2974164992510701e-16
0.6928602934308026, 0.14382, 0.05761977877286038, -0.0009140952691361859, 1.2113545858870825e-16, 0.05550320636373318, -0.0015747832783575989, 8.311571332570737e-17, 0.005573402094180223, 0.0027310028400914055, 1.9213624408410077e-16
0.6928602934308026, 0.14534999999999998, 0.05761402042968378, -0.0008981050278053115, 7.786564423594382e-16, 0.05538345136747477, -0.0016892975079980776, 9.114881265554422e-17, 0.005768036293487715, 0.0029104256808503708, 3.37011095453432e-16
0.6928602934308026, 0.14687999999999998, 0.05816976720647757, -0.0009042729562823195, 4.706144575377221e-16, 0.05555241061275374, -0.001729568809199378, 5.422116494071827e-17, 0.005548955398771181, 0.002992725739245769, 2.010539068324455e-16
0.6928602934308026, 0.14841, 0.057748143483421714, -0.0009418251463336427, 3.0458454602220377e-16, 0.055530378092574176, -0.0018158304298372383, 7.328203312930186e-17, 0.005487540631689974, 0.0030675700867446747, 1.188174785711572e-16
0.6928602934308026, 0.14994, 0.058043992442911904, -0.0009676249202122889, 1.3154855870891647e-16, 0.05565320888650025, -0.0017629073105009043, 5.491632909497372e-17, 0.00545108453658242, 0.002934538384324866, 9.285288973429209e-17
0.6928602934308026, 0.15147, 0.05789328922725412, -0.0010289918277630215, 4.812714620684387e-16, 0.055845153366621374, -0.0017685495918734531, 1.0267433284981865e-16, 0.004826249247241746, 0.0028932484303712805, 1.8468262805112717e-16
0.6928602934308026, 0.153, 0.057908752179256937, -0.0010477912601305696, 1.5581036976572568e-16, 0.056217544882502864, -0.0016563614152317547, 6.490368005108634e-17, 0.004184301609295622, 0.0025788873039956236, 8.113030513435576e-17
0.6928602934308026, 0.15453, 0.05839402030652052, -0.0009083721122111952, 4.846616562314987e-17, 0.056351586573877004, -0.0015562963945435335, 1.079015244091204e-17, 0.00385465106494361, 0.002364331404935417, 2.949657018077083e-17
0.6928602934308026, 0.15605999999999998, 0.05811045846082002, -0.0008538329876405512, 1.3842131330703634e-17, 0.05645634477172577, -0.0014590440428160305, 4.1046590818415123e-17, 0.003262125811600549, 0.0020975882490968617, 7.736399240331923e-17
0.6928602934308026, 0.15758999999999998, 0.05867962251525905, -0.000759864338128551, -1.245463200519351e-16, 0.05680328119828376, -0.0014186176880472768, 2.9355566589698686e-17, 0.002607805552302191, 0.0018580819813638766, 9.988559656641699e-17
0.6928602934308026, 0.15911999999999998, 0.058270993321187514, -0.0007757560762105711, 1.8339272314573436e-16, 0.05673468976311515, -0.0013841029695389338, 7.539973179511943e-17, 0.002175187105161852, 0.0017806336691220134, 9.87972841719431e-17
0.6928602934308026, 0.16065, 0.05846124584402468, -0.0007646736772681997, 1.799528810075109e-16, 0.05693745483502635, -0.001309554323466195, 1.7141783135898353e-17, 0.0019203344368433088, 0.0016826534061836812, 8.721988464219484e-17
0.6928602934308026, 0.16218, 0.058506580060469514, -0.0009009803818750049, 3.115500544970179e-16, 0.05704376130860291, -0.0012470182620961995, 8.965740342129037e-17, 0.00165823543566531, 0.0016225257651553678, 1.2660260156147816e-16
0.6928602934308026, 0.16371, 0.058180611892753115, -0.0008902373225670176, -1.384907433353337e-16, 0.05718194756562962, -0.0011026170205854456, -4.2053951130000936e-17, 0.001248512269195304, 0.0015186336978786187, 6.658879552626969e-17
0.6928602934308026, 0.16524, 0.058842715390137405, -0.0008075351147999145, 9.34763230999285e-17, 0.057514542970294805, -0.000970477067808212, 2.4702122061092096e-17, 0.001370429644016346, 0.0014447601839312097, 4.917041461097002e-17
0.6928602934308026, 0.16677, 0.05836848197458075, -0.0007215163317411206, -1.7650570707815993e-16, 0.05752513182165602, -0.0008890990471832304, -4.057083159199809e-17, 0.0013998428638763237, 0.001476373449766259, 8.177539102018036e-17
0.6928602934308026, 0.16829999999999998, 0.059069057192312154, -0.0005553507303860796, 1.9027663208804963e-16, 0.057754736153265346, -0.0008970544754112572, 5.58476260755296e-17, 0.0012794521983429319, 0.0016171864204125507, 9.792630272026407e-17
0.6928602934308026, 0.16982999999999998, 0.05874197599662476, -0.0005167993133409014, -6.572349160314851e-17, 0.05723638450732881, -0.0010066363148094246, 4.5318682638600235e-17, 0.0016819075942873262, 0.0019052752787365626, 9.974617958461319e-17
0.6928602934308026, 0.17135999999999998, 0.058813574372643604, -0.0005835882138386767, 6.228236225048175e-17, 0.05728247967129648, -0.0012154096931126046, 1.971551187990914e-17, 0.002068932250245542, 0.002289832270882985, 6.615058422503872e-17
0.6928602934308026, 0.17289, 0.05888780181678154, -0.0007141326510996728, 1.7309213878450096e-16, 0.05720636205344885, -0.0014230742130001022, 5.040227539472015e-17, 0.0023581443260420635, 0.0026898198285265937, 8.777814835973453e-17
0.6928602934308026, 0.17442, 0.058392839139862734, -0.000757486255246738, -5.540463609804209e-17, 0.05658058777992284, -0.001593666487191744, 5.3390833526779254e-17, 0.002961674580067088, 0.003039442642110606, 1.255351492144744e-16
0.6928602934308026, 0.17595, 0.05902421783748616, -0.0006993176778701041, 1.038771251290891e-17, 0.056962193636703455, -0.0016651899815489318, -3.1101716504857616e-18, 0.002923284076848214, 0.003262530887600292, 2.582211712475036e-17
0.6928602934308026, 0.17748, 0.058491888697165956, -0.000594261014603478, -2.319472344118325e-16, 0.05666433010437925, -0.001628207835616031, -4.35708374434859e-17, 0.0032342174752413183, 0.0032900668077737406, 1.6242848485385125e-16
0.6928602934308026, 0.17900999999999997, 0.05924576786686969, -0.00046808730805502626, -5.883019549919425e-17, 0.057039021623873316, -0.001537877282096966, 2.877657571292368e-17, 0.0030163184383095653, 0.003159953139956082, 8.863974209541651e-17
0.6928602934308026, 0.18053999999999998, 0.05876160890287731, -0.00041391459891489346, -1.522424860767692e-16, 0.05686570654243871, -0.0014468634733077097, 1.4121997918395338e-17, 0.002485294319204503, 0.0028382349741393736, 1.1336629750768874e-16
0.6928602934308026, 0.18206999999999998, 0.05914959088182734, -0.0005287941755070531, 7.613864211109593e-17, 0.05700749295127763, -0.0013597191778884953, 4.3167448577162126e-17, 0.00251926380601705, 0.0024316370940419873, 8.241906138935052e-17
0.6928602934308026, 0.18359999999999999, 0.05874282433911712, -0.0007124907450596507, -2.424275390684403e-16, 0.057301339644029864, -0.0012910147097515718, 1.8256994907244538e-17, 0.0015893001525472067, 0.0020766512017287376, 1.3673461157127446e-16
0.6928602934308026, 0.18513, 0.05852954157470983, -0.0008692301789427667, -8.663669014013624e-17, 0.056922078354558384, -0.001220908238288921, 5.60093049835093e-17, 0.0015992656818217604, 0.0017841290504438518, 1.4313104543929921e-16
0.6928602934308026, 0.18666, 0.05880519324509157, -0.0008765130672236787, 1.3862516387428814e-17, 0.05787549993832885, -0.001082792048818059, 4.188036707030415e-17, 0.0011427778062866546, 0.0016114174455780204, 7.971166600575005e-17
0.6928602934308026, 0.18819, 0.058415131405422635, -0.0007718186395467677, 3.118164321983455e-17, 0.0571749745508473, -0.0009192527400310926, 3.6766206853263144e-17, 0.0009414631173299918, 0.001458764950950175, 7.818011380047642e-17
0.6928602934308026, 0.18972, 0.05916781668629707, -0.0006569468525232912, 3.4632533400539963e-18, 0.057531365471549786, -0.0007577486660849767, 2.2437241200293327e-17, 0.0009222643344652883, 0.0012921698773651076, 8.677319893265513e-17
0.6928602934308026, 0.19124999999999998, 0.05852594924623208, -0.0006503625420793171, 8.657790630674635e-17, 0.05783631943887915, -0.0006498697481258939, -4.8278219297635085e-17, 0.0007067939985690111, 0.0012485769978999204, 1.0732701855627485e-16
0.6928602934308026, 0.19277999999999998, 0.05915802052943586, -0.0008640018679283278, 2.7025789024003303e-16, 0.05760375423703579, -0.0007058031855162048, 3.362912707214031e-17, 0.0011069831859122205, 0.001382310429729526, 1.0577669534846019e-16
0.6928602934308026, 0.19430999999999998, 0.058136447821280204, -0.0012250813699721222, -2.3237881494115483e-16, 0.05773298224620943, -0.0008436384139283445, -2.6717444576514263e-17, 0.0011130231338880145, 0.0016915823318775706, 9.167790146554231e-17
0.6928602934308026, 0.19584, 0.058528214272462194, -0.0015495520424233086, 1.3539534270698245e-16, 0.057007614455448566, -0.0010237281171166653, 4.743322239570292e-17, 0.001135505826004193, 0.0021107606639659917, 1.0015077990182645e-16
0.6928602934308026, 0.19737, 0.05789835522903898, -0.0016790643205143998, -3.4728811853164784e-17, 0.057697257507859395, -0.0012143601872228976, 9.531942866673618e-18, 0.0015702578020936522, 0.0024804055931524588, 3.6597123404745996e-17
0.6928602934308026, 0.1989, 0.05836168567441802, -0.0015446937033178488, -6.942945164745206e-17, 0.056880633456084885, -0.0012849273905040017, 4.9970343808841056e-17, 0.0017764168639073082, 0.0027213288550915274, 1.0398218775386898e-16
0.6928602934308026, 0.20043, 0.058216220252599954, -0.0014327893186268567, -1.0411123800850652e-17, 0.05711209888932569, -0.001261257987923036, 2.0788058044934127e-17, 0.0016214770958153475, 0.0027828124504329934, 9.081613131826359e-17
0.6928602934308026, 0.20195999999999997, 0.05838153504408869, -0.0015162655374991005, 2.8111135457090384e-16, 0.05756614933736335, -0.0012263698571972736, 7.324848386906858e-17, 0.0021396768564555433, 0.00261221643186775, 1.1461152639972543e-16
0.6928602934308026, 0.20348999999999998, 0.05809232306722368, -0.0018639160715332767, 3.161081475246104e-16, 0.05674410938594131, -0.0011471884707791613, 3.7209875935655676e-17, 0.00132544945696971, 0.002314303547648256, 1.2340076965574934e-16
0.6928602934308026, 0.20501999999999998, 0.05763271063895347, -0.0024751549597934286, 2.992036468240793e-16, 0.05787556147781934, -0.001062243306794127, 1.0215766589133452e-16, 0.0017391109211476955, 0.0019453379632910993, 1.404467027894738e-16
0.6928602934308026, 0.20654999999999998, 0.05738981118650082, -0.0030799268860944354, 1.9858439995412077e-16, 0.05720326514134306, -0.000994139289067454, 2.6291061867500054e-17, 0.0008692003630767637, 0.0016633247002786277, 9.374470743069384e-17
0.6928602934308026, 0.20808, 0.05696851300749164, -0.003324398929972648, 1.5338781529019029e-16, 0.057357274751553035, -0.000847734161213174, 5.723282557471331e-17, 0.0009751118163795583, 0.001473653470927379, 8.246559184641e-17
0.6928602934308026, 0.20961, 0.057371229402376336, -0.0031596063230305443, 5.575754992311632e-17, 0.05725701595859146, -0.0006724066679408866, 2.0857921182690834e-17, 0.0013719047324895562, 0.0012518353504798886, 3.3258014938939575e-17
0.6928602934308026, 0.21114, 0.05702686455358681, -0.002901573889656249, -4.1797351798586895e-17, 0.05744488303047199, -0.0005639247860917806, -4.4533057235170364e-18, 0.001211288949624069, 0.0010989427533408926, 5.634162804772094e-17
0.6928602934308026, 0.21267, 0.057692944254451886, -0.0027884765799791856, -3.1335515642712264e-17, 0.05838233698309698, -0.0004854056466530498, -3.868294421319347e-17, 0.0013701128882096562, 0.0010398092315968435, 8.677125902670023e-17
0.6928602934308026, 0.21419999999999997, 0.056739985452464455, -0.0031299211775645333, -3.135999304647686e-17, 0.056627686832315824, -0.0004940089587925933, 6.591154173840981e-17, 0.0015188881172105567, 0.0011676884726480364, 1.141020910005378e-16
0.6928602934308026, 0.21572999999999998, 0.05687946604281503, -0.0038931793420105662, 1.7103622129349563e-16, 0.05821519184011303, -0.0005947795704269459, 4.920905600510253e-17, 0.0012390424815801962, 0.0014568087306808307, 8.921294936337708e-17
0.6928602934308026, 0.21725999999999998, 0.05550370357020234, -0.00483110305151052, 1.8890172207372156e-16, 0.057226621798522045, -0.0006932556350974874, 1.1223452520701946e-16, 0.0011035087277294837, 0.001824673316523044, 1.5368208593736975e-16
0.6928602934308026, 0.21878999999999998, 0.0555894913235619, -0.005651769737476997, -2.66378081325018e-16, 0.057120035793055704, -0.000819243546761645, -2.0705816845787383e-17, 0.0015684540006611414, 0.0021310111910896033, 1.2079210457813506e-16
0.6928602934308026, 0.22032, 0.054571255998820935, -0.006037845346398228, 7.367821075728077e-17, 0.05779330511283738, -0.000878267365038552, 6.405726790216686e-17, 0.002324177414941503, 0.002275329097807262, 9.750911546186462e-17
0.6928602934308026, 0.22185, 0.05518753673509503, -0.0058123883126058665, -1.8947365152404257e-16, 0.056694456290307636, -0.0008387949866725614, 1.181010512396871e-18, 0.002038309706621286, 0.002193247768143016, 1.7318505369954284e-16
0.6928602934308026, 0.22338, 0.05476643107117989, -0.005017543827960602, -9.465303439756175e-17, 0.05784202073939235, -0.0007181313562298358, -2.5416597882582808e-17, 0.00233645276534616, 0.001896426524148445, 5.483031310671875e-17
0.6928602934308026, 0.22490999999999997, 0.05661776994223168, -0.003882965933910784, 3.046291733901538e-16, 0.05741159047682629, -0.0005543661839214489, 2.3201026606752675e-17, 0.002162583708326984, 0.0014679122039887983, 1.4798835591275005e-16
0.6928602934308026, 0.22643999999999997, 0.04902150995731211, -0.0025021185172025696, 7.343617173766994e-17, 0.056522521433778714, -0.0003662634858377229, -8.337946212510084e-18, 0.005220455561973659, 0.0009422620319152775, 8.727082841330364e-17
0.6928602934308026, 0.22796999999999998, 0.021250782839974645, -0.0009128438831328685, 1.9912987803006517e-16, 0.026147804373400182, -0.00013970870121531747, 2.051921901934752e-17, 0.003406102973469726, 0.00034141015221759465, 8.679620446113636e-17
0.7918403353494886, 0.00153, 0.02100341361824126, 0.0001561070913987929, 1.2234468278592503e-16, 0.025504755529005493, 0.00014175849998837472, -3.565665943304999e-17, 0.003640366671226285, 0.0003161375482789796, 1.3928820516156342e-16
0.7918403353494886, 0.00306, 0.05038111483904469, 0.00015318176084426228, 3.5962401599389816e-16, 0.055754845609437394, 0.0003396282702137284, 5.888201225061564e-17, 0.005298533533493233, 0.0008756120116457423, 1.4017844323488465e-16
0.7918403353494886, 0.0045899999999999995, 0.05857387146012724, -0.00040064829721223635, 4.0809426338785857e-16, 0.057556875599739085, 0.0004349893737799448, 1.228154670900585e-16, 0.0020438984012265925, 0.0014003389134925866, 1.552518492697349e-16
0.7918403353494886, 0.00612, 0.058423242458064746, -0.0013994067335525305, 3.0332627396669587e-16, 0.05791467345422644, 0.00045343909500712633, 5.0642440573402297e-17, 0.0021728736896638556, 0.0019087046087944825, 1.15656555173696e-16
0.7918403353494886, 0.00765, 0.05780811010447879, -0.0023684053792839047, 3.1412187915317973e-16, 0.05683366301707921, 0.0004378949409278891, 3.181799808534242e-17, 0.0019277461108851803, 0.002325706714366807, 1.2294872896000033e-16
0.7918403353494886, 0.009179999999999999, 0.057487240511566944, -0.0031545115759034773, 1.328525734185719e-16, 0.05775504703767874, 0.0003741699974208264, 4.258650627662204e-17, 0.002154489334070627, 0.002543707298923191, 7.958736263091844e-17
0.7918403353494886, 0.010709999999999999, 0.05692045617220626, -0.0035759900137944025, 5.637829672461743e-16, 0.05709508834044951, 0.0002698393516921342, 6.66271523591996e-17, 0.0014538196358491893, 0.0025114187929378873, 2.0293923652857978e-16
0.7918403353494886, 0.01224, 0.05686412770309925, -0.003715861528313825, 2.1720168840956212e-16, 0.05718131003659402, 0.00014211598967098866, 4.584523216588731e-17, 0.001029657765342649, 0.002298660204889109, 7.863840872404767e-17
0.7918403353494886, 0.01377, 0.05679682649198137, -0.003619663170884672, -2.3449408479417223e-16, 0.05803789617159642, 6.797422776298485e-5, -7.166514380270734e-18, 0.001251949785343136, 0.00200980051369882, 1.3471324194578563e-16
0.7918403353494886, 0.0153, 0.05750756088464673, -0.003296232946498861, -8.733257978006321e-17, 0.0567376710888571, 2.022872063115182e-5, 3.997122419975265e-17, 0.0014402149011315092, 0.0017217586608291424, 1.4903898276204326e-16
0.7918403353494886, 0.016829999999999998, 0.057459222486581626, -0.0027491021288056443, -1.7778930953675485e-16, 0.05826694767103267, 8.109217472069668e-5, -6.6333800513664754e-18, 0.0013097916293165841, 0.0014948246389984278, 9.093183079442666e-17
0.7918403353494886, 0.018359999999999998, 0.05825051965309194, -0.0019599894091608195, -1.8794201329045895e-16, 0.05754558760829964, 0.00024843551168534316, 2.783312185328848e-17, 0.0011570433124767818, 0.001353298935279203, 1.486716888084115e-16
0.7918403353494886, 0.019889999999999998, 0.057906348085967646, -0.0011281469168567826, -1.564249400965487e-16, 0.057338182474513555, 0.00044733746984130585, 4.74289119995425e-17, 0.001290717616308908, 0.0013222974880610489, 1.1929174844324514e-16
0.7918403353494886, 0.021419999999999998, 0.05863397167212579, -0.00048392114930437074, -3.7157147488970075e-16, 0.0575168618666244, 0.0006812772473985291, -1.9818863088433766e-17, 0.0010093328047551507, 0.0014432884053456054, 1.8775336725172723e-16
0.7918403353494886, 0.022949999999999998, 0.05826778613250226, -0.00012065942767979838, -9.366683489614362e-17, 0.0573363302652376, 0.0008547894494740063, -1.9921043499350863e-17, 0.0008883861732763087, 0.0015895787181267247, 6.424428227376124e-17
0.7918403353494886, 0.02448, 0.05905079503541387, 1.3754537117292641e-6, -6.065356817570882e-16, 0.058022465672518383, 0.0009296348251587528, -8.724272304832854e-17, 0.0016628533116246956, 0.0018396738559948657, 2.6716513581542653e-16
0.7918403353494886, 0.02601, 0.05866907444380087, -5.889802998697635e-6, -2.2512694709349986e-16, 0.056984730018173536, 0.0010030536865570164, -5.61111928111646e-17, 0.0014032208736954924, 0.0021810677686862788, 8.846865073855242e-17
0.7918403353494886, 0.02754, 0.059313117684965354, 7.20184815447486e-5, -4.605406906604249e-16, 0.05778452038081342, 0.0010820759352407506, -2.317948202332913e-17, 0.0020750116490858323, 0.002452637336555813, 1.8039320515215204e-16
0.7918403353494886, 0.02907, 0.05870793024075991, 0.00023109312221289186, -2.5282631675375206e-16, 0.05731157780825479, 0.0011324873797092668, 1.7665211497174495e-17, 0.0016037220467653305, 0.002602000754911738, 1.9980940569495685e-16
0.7918403353494886, 0.0306, 0.05913014450597458, 0.0003294958587979277, -1.9746663782648394e-16, 0.05716182233732107, 0.0011654984490406316, 2.2093555440319212e-17, 0.0018268514567174703, 0.0025420050483435513, 1.1692939123059996e-16
0.7918403353494886, 0.03213, 0.05872084162928129, 0.00035571754506937616, -2.2861884500111813e-16, 0.05782520552303758, 0.001107029856953536, -3.724651923711892e-18, 0.001498142482597377, 0.002316388205430899, 1.0278513243354182e-16
0.7918403353494886, 0.033659999999999995, 0.05910839327337858, 0.0003091462595221449, -3.6362649288240885e-16, 0.05727021180768986, 0.00093440538491745, -6.35460510069226e-17, 0.0012871815041269757, 0.001970448183629489, 1.4539739540544555e-16
0.7918403353494886, 0.03519, 0.05885716770681024, 0.0002241906570037956, -4.8469052753419014e-17, 0.05787350542878442, 0.0007662074443129205, 1.5122000364983425e-17, 0.001104454733633444, 0.0015813401096283204, 9.780982117228548e-17
0.7918403353494886, 0.036719999999999996, 0.059083198833674924, 0.0001877194965719009, -3.807610191998225e-16, 0.05778868481161558, 0.000641042724398157, -3.1990552817816715e-17, 0.001150629170656742, 0.001292812665414403, 1.4423042062053493e-16
0.7918403353494886, 0.03825, 0.05892457677324075, 0.00025229964395136564, -1.6964754016952538e-16, 0.057972351605674224, 0.0006001734851039578, -2.289773217452587e-17, 0.0007590983901075674, 0.0011644723733073258, 1.0230086553657553e-16
0.7918403353494886, 0.039779999999999996, 0.05879387399236451, 0.00042497487785507173, -2.59750121864178e-16, 0.057689179036651855, 0.0007161519425560813, 7.007681322063828e-17, 0.000963484436099943, 0.0012020883047359565, 1.80532018600925e-16
0.7918403353494886, 0.04131, 0.058860486446655, 0.0004927581429109249, -3.2563385944264366e-16, 0.05738566353782339, 0.0008659409153910948, -2.253235030324889e-17, 0.0010558644640295315, 0.0013589455749075633, 1.5652578180210203e-16
0.7918403353494886, 0.042839999999999996, 0.058609627112010475, 0.0004992378352213693, -8.659764075380894e-17, 0.057967265835039, 0.0010098477721187822, 1.9299829757981752e-17, 0.001089378692912046, 0.0015060812766752626, 7.675988429678535e-17
0.7918403353494886, 0.04437, 0.05907086887866333, 0.0004271645704028866, -2.83937843505013e-16, 0.057190677170071424, 0.0011216902798032826, -3.1983318232724976e-17, 0.0016641618419424569, 0.001675451930326546, 1.0333960404421506e-16
0.7918403353494886, 0.045899999999999996, 0.05865349577973941, 0.00035849494491424163, 2.769419161448464e-17, 0.05747035916099357, 0.0011744497391469185, 6.315399315751073e-17, 0.001547118763921195, 0.00195066930838334, 8.754926124748934e-17
0.7918403353494886, 0.04743, 0.059107335276661135, 0.00042644802513307233, -2.700646734293866e-16, 0.05726997324195062, 0.0012430602837940894, 6.227366390014119e-18, 0.0024476902031267526, 0.002275310792168854, 1.2899233153702672e-16
0.7918403353494886, 0.04896, 0.05845893746107482, 0.0005507573751282746, -6.23407727759696e-17, 0.0570648604072683, 0.0013348502110352818, 4.2354636159956225e-18, 0.0023688820082631173, 0.0026467256585762525, 1.1467390189494799e-16
0.7918403353494886, 0.05048999999999999, 0.058777102622543806, 0.0006474225621433374, -1.489560807982206e-16, 0.057256281748707255, 0.0014265704421028067, 4.4087268837644626e-17, 0.0028593798376298175, 0.0029424387112822717, 1.177800934405075e-16
0.7918403353494886, 0.05202, 0.058439290011084125, 0.0007112921784256141, -1.039182656090906e-16, 0.0568862000927173, 0.0015135933784674275, 1.2683744944995238e-17, 0.003059356804473358, 0.003063212135972674, 1.9329489243799715e-16
0.7918403353494886, 0.05354999999999999, 0.05864008494805464, 0.0007244702621490589, 1.5241891588150196e-16, 0.05717193005062232, 0.001547600016624055, 9.910820360158889e-17, 0.002770686947049377, 0.0030387728055662993, 1.2863588604628634e-16
0.7918403353494886, 0.05508, 0.058582165074208783, 0.0006669867876725986, 3.428560111652277e-16, 0.05683078494170844, 0.0014778315247519808, 1.6018013089873947e-17, 0.002831824767988856, 0.0028329858757503695, 1.733153956053511e-16
0.7918403353494886, 0.056609999999999994, 0.05858611486650329, 0.00062222269352216, 3.8080647032705253e-16, 0.05737883115508052, 0.0013229677730655486, 6.645032161819764e-17, 0.0022370523038669128, 0.0025063341762517934, 2.036819463545892e-16
0.7918403353494886, 0.05814, 0.058695585072712934, 0.0006629914524006827, 3.1850593982114893e-16, 0.05745911784647349, 0.0011463574130237456, 5.2671675607197796e-17, 0.0019795433258601677, 0.0021289504841002847, 1.197160986096065e-16
0.7918403353494886, 0.059669999999999994, 0.05822492938716304, 0.0007416156992904654, -4.501498714286615e-17, 0.05735995261730802, 0.0009735087378695573, -6.5998263504993825e-19, 0.0015958852129927107, 0.0017664289950718166, 1.6711145735957909e-16
0.7918403353494886, 0.0612, 0.05860677234277168, 0.0008745072640252204, 1.9393773393865487e-16, 0.05786124067695359, 0.0008942360739879831, 8.16603013938721e-18, 0.0012222466156788542, 0.0014972449145895517, 1.0153063411696243e-16
0.7918403353494886, 0.06273, 0.05810681253197518, 0.0009487531807456685, -3.4635648740175e-18, 0.05759784191044593, 0.0008965558138784906, -2.330630056765381e-18, 0.0013122183318954852, 0.0013670189238808414, 7.085638127035896e-17
0.7918403353494886, 0.06426, 0.05835107573977079, 0.0009099689649762052, -4.502670906875445e-17, 0.05761910956647937, 0.0009629135549542217, 3.4229845091198453e-17, 0.0013027870204900028, 0.0013377590809756635, 8.156182873031338e-17
0.7918403353494886, 0.06579, 0.058069669371930734, 0.000894449613156916, -1.7312896767426425e-17, 0.057292912791417336, 0.001076596094657056, 3.374562198385239e-17, 0.0011977503360582817, 0.0014079065924180465, 7.183379348221902e-17
0.7918403353494886, 0.06731999999999999, 0.05830643797031422, 0.0009111845018429461, 3.461977497815454e-18, 0.05720159589131714, 0.0012050390420646328, 3.623752683031749e-17, 0.0015988177269736141, 0.0015068522264626233, 1.0502561702979299e-16
0.7918403353494886, 0.06885, 0.058266034510124486, 0.0009570354074282132, 1.2810457729056834e-16, 0.0571035272944137, 0.0012654894589614889, -1.1766350679983391e-17, 0.001838889010668687, 0.0015628120625489348, 6.854721234950883e-17
0.7918403353494886, 0.07038, 0.05788766292284725, 0.0009672603803718393, 1.5236256763371748e-16, 0.05687881140808176, 0.001331997645892863, 7.624796792059476e-18, 0.0020546745440390523, 0.001655120867739284, 1.10409846838431e-16
0.7918403353494886, 0.07191, 0.05815899295337159, 0.0010681911195039465, 1.1081819914350053e-16, 0.05697274516766988, 0.0013748143669793532, 5.788212333973529e-17, 0.0024614777460249203, 0.0017247053922030378, 1.1562668120709166e-16
0.7918403353494886, 0.07343999999999999, 0.05773134887816573, 0.0011303296849393392, -2.4247158715232046e-17, 0.05661572028503094, 0.0014179547480815118, 7.436463946092233e-17, 0.0030535978756161836, 0.0019454637810791472, 1.6533265079777078e-16
0.7918403353494886, 0.07497, 0.057879215861969674, 0.0011011142945613075, 1.3164381175344638e-16, 0.05654254023488882, 0.001499398632045844, 7.298220951035605e-17, 0.003609352016071435, 0.0021948533909810068, 1.1665671961183496e-16
0.7918403353494886, 0.0765, 0.05758639044794023, 0.0010741044523161383, 4.156352364914415e-17, 0.05638865057818262, 0.0015835792948673507, -1.7098145176264311e-19, 0.003904023577479078, 0.002396443902200707, 1.0398675675611274e-16
0.7918403353494886, 0.07802999999999999, 0.057730959598849114, 0.0010908604966049064, 4.8484782864038775e-17, 0.05608087914564988, 0.0016838384549649318, -2.900222135680626e-17, 0.004517708375798532, 0.002689322101921833, 8.065513548005538e-17
0.7918403353494886, 0.07955999999999999, 0.05765326138981842, 0.0010678786934414056, 7.274313645729868e-17, 0.05590321544941506, 0.0016760287333683424, 1.626619375940128e-18, 0.005096022531821687, 0.002727944669937275, 3.666155803943228e-17
0.7918403353494886, 0.08109, 0.05735916804652054, 0.0010772364943146197, 2.320601315910161e-16, 0.05575897683681749, 0.0017235061878968496, 2.168307930007984e-17, 0.005121453849325331, 0.0028519980038795166, 1.0420902280533492e-16
0.7918403353494886, 0.08262, 0.05757185115902364, 0.001152674077017365, -6.582468288872478e-17, 0.055804840681037485, 0.0016574569676768391, -7.836837286580117e-18, 0.005186711161506028, 0.002778222728204613, 9.052520837928825e-17
0.7918403353494886, 0.08414999999999999, 0.057114024872605855, 0.00117353054855782, 1.2476143185712596e-16, 0.05559977305561596, 0.001624826638068071, 5.3671226529471706e-17, 0.005375101064465659, 0.0027006938122958696, 7.100812264887811e-17
0.7918403353494886, 0.08567999999999999, 0.05724430126396551, 0.0011775824595140856, 2.3222040259072613e-16, 0.05572084322626214, 0.0015251331760021136, 4.1396206292732574e-17, 0.005196555870968044, 0.002532314201468182, 1.6170974914991258e-16
0.7918403353494886, 0.08721, 0.05702086800983455, 0.001160652526812162, -3.1191426703473083e-17, 0.055865762740870184, 0.0014251319762612824, -1.7782993035650313e-17, 0.004942044200594479, 0.002310627868940508, 3.6739953427249476e-17
0.7918403353494886, 0.08874, 0.05687327596606087, 0.0011220827066409352, 1.9758346916977208e-16, 0.055910235274508446, 0.001330632223713065, 2.8696003968210804e-17, 0.004503969777519351, 0.002090305723968623, 7.550955112372453e-17
0.7918403353494886, 0.09026999999999999, 0.057067779286695215, 0.0010735893573930423, 1.1092303816667821e-16, 0.05613489060555148, 0.0012099137428119133, 2.3151974651298655e-17, 0.004155836691891239, 0.0018320257608305018, 8.312646400109634e-17
0.7918403353494886, 0.09179999999999999, 0.05652978808867903, 0.0010552288289041578, 1.559993857709884e-16, 0.05619448317537448, 0.001115040859301427, 5.932483838051639e-17, 0.0037929230945807297, 0.0016216276356989987, 1.6217145595286572e-16
0.7918403353494886, 0.09333, 0.05688182604828342, 0.0010009168030359317, -2.5307591856383687e-16, 0.056250474187963986, 0.0010094772368418573, 2.8586580883674873e-18, 0.0034673075499126954, 0.0013602052877171424, 1.3456812307929456e-16
0.7918403353494886, 0.09486, 0.056549584741451324, 0.0010236191413445363, 2.0805677124250718e-17, 0.05631168024336583, 0.0009361975570862797, 4.23643858804942e-17, 0.003133663084825538, 0.0012128940689384825, 8.874805882841217e-17
0.7918403353494886, 0.09638999999999999, 0.05634128080040587, 0.0009830204937426562, 1.7337500246466062e-16, 0.05636082283701502, 0.0008534224530050713, 5.851070436351156e-17, 0.002893027655236742, 0.0010574465911019062, 1.2757232755846324e-16
0.7918403353494886, 0.09792, 0.05663276311358553, 0.0009207062033794475, 4.8549009689831473e-17, 0.056316560443132865, 0.0007885295506476458, 3.993994692791301e-17, 0.002755138060397002, 0.0009502284804524894, 9.21653310438653e-17
0.7918403353494886, 0.09945, 0.0562625370150313, 0.0008538552666606975, -2.0111587106626858e-16, 0.0563159855453074, 0.0007272927794376027, -3.9369530707603916e-18, 0.0026007142523741824, 0.0007910315170573352, 9.154913722668676e-17
0.7918403353494886, 0.10097999999999999, 0.056286464266740804, 0.0007579889598094352, 6.935642006412259e-17, 0.056320741250440516, 0.0006576526425393418, 4.80635535354157e-18, 0.002651540693804438, 0.0007596157676850854, 6.498142657214967e-17
0.7918403353494886, 0.10250999999999999, 0.056402495774650736, 0.0007035905920628541, -7.974812950888929e-17, 0.05639289844251177, 0.0005944977116148064, -1.1792797653481334e-17, 0.0025214041236372455, 0.0006739156051107196, 8.895222525762367e-17
0.7918403353494886, 0.10404, 0.05610262958704932, 0.0006038625310621019, 5.5485252241607385e-17, 0.05619828696227489, 0.0005261262437115581, 3.940639239477614e-17, 0.0026745040155133296, 0.0006000421358110331, 7.204828044930122e-17
0.7918403353494886, 0.10557, 0.05617851916192437, 0.0005222369167460096, -1.8728141885523007e-16, 0.05623298070431252, 0.0004695663826629089, -8.092405096808794e-17, 0.0026745319866878356, 0.000544879105589927, 1.2231338435420207e-16
0.7918403353494886, 0.10709999999999999, 0.056051807063279606, 0.00048229934485766423, -9.365405892573638e-17, 0.05619332605240048, 0.00038943622055394767, -3.241369716836552e-17, 0.002844886746666877, 0.0004305652624622162, 1.395518170748202e-16
0.7918403353494886, 0.10862999999999999, 0.05598468173597001, 0.00039247420757063437, -1.4220781933618782e-16, 0.05622588532274545, 0.00029646243317735927, 1.9018279967326584e-17, 0.0026542656994606732, 0.00031923606123240503, 9.105294031471582e-17
0.7918403353494886, 0.11016, 0.05595550016325253, 0.00028423805132123846, -2.2893852759354396e-16, 0.05611854475446524, 0.00023042003333514246, -1.3511641294007502e-17, 0.002945943077066462, 0.0002252903543551677, 9.088170243933991e-17
0.7918403353494886, 0.11169, 0.05596493785981297, 0.00017809810984877657, 5.2027588478738266e-17, 0.056148986602637306, 0.00017850804368897333, 8.04048828579424e-17, 0.002818476062317961, 0.0002456196867066482, 1.4620913907557978e-16
0.7918403353494886, 0.11321999999999999, 0.05597012795356607, 0.00013185351106832053, -9.01758633320559e-17, 0.056100102235684235, 9.331193035830255e-5, 8.726708365358909e-17, 0.0029178182916386685, 0.0001267774494414689, 2.0399888105606724e-16
0.7918403353494886, 0.11474999999999999, 0.05595621121506371, 4.161743712217612e-17, 3.468119760181343e-17, 0.05608287754837634, 2.218746537562008e-17, 6.364838183727064e-17, 0.0029213000462564235, 9.634474192666886e-17, 1.3556635878791186e-16
0.7918403353494886, 0.11628, 0.055970127953565915, -0.00013185351106864655, -2.73995892432016e-16, 0.05610010223568425, -9.331193035824079e-5, 4.539523697372476e-17, 0.0029178182916386425, 0.00012677744944166318, 1.8978031372898434e-16
0.7918403353494886, 0.11781, 0.055964937859813144, -0.00017809810984956742, 5.549609437732083e-17, 0.056148986602637334, -0.00017850804368888158, 1.4366243985591246e-17, 0.0028184760623180104, 0.00024561968670655, 6.534628286045834e-17
0.7918403353494886, 0.11933999999999999, 0.05595550016325259, -0.00028423805132143644, -5.5500249113586466e-17, 0.05611854475446524, -0.00023042003333509028, 2.8446074377184026e-17, 0.002945943077066516, 0.00022529035435498105, 7.350123944260021e-17
0.7918403353494886, 0.12086999999999999, 0.05598468173597027, -0.0003924742075707395, -2.4626232128949665e-16, 0.05622588532274541, -0.00029646243317736127, -2.725218487384486e-17, 0.0026542656994608138, 0.0003192360612323937, 1.6000730891175428e-16
0.7918403353494886, 0.1224, 0.05605180706327985, -0.00048229934485702716, 8.67167212275339e-17, 0.056193326052400384, -0.0003894362205539658, 5.928640134936688e-17, 0.00284488674666692, 0.00043056526246202287, 1.5164162505872573e-16
0.7918403353494886, 0.12392999999999998, 0.05617851916192484, -0.0005222369167454761, -2.3583586078066036e-16, 0.0562329807043125, -0.0004695663826629841, 1.8060024364317196e-17, 0.002674531986687638, 0.0005448791055900133, 1.356951606877597e-16
0.7918403353494886, 0.12546, 0.05610262958704954, -0.0006038625310623655, -1.9073055458052538e-16, 0.05619828696227502, -0.0005261262437116647, 8.184862867382173e-18, 0.0026745040155132563, 0.0006000421358112249, 1.4479746219033947e-16
0.7918403353494886, 0.12699, 0.05640249577465007, -0.0007035905920624736, -1.560289490391314e-16, 0.056392898442511684, -0.0005944977116148375, -5.768226309476715e-17, 0.0025214041236372754, 0.0006739156051107293, 9.946647645159897e-17
0.7918403353494886, 0.12852, 0.056286464266740666, -0.0007579889598083603, -1.5605194514427587e-16, 0.056320741250440426, -0.0006576526425392052, -1.832738037041403e-17, 0.002651540693804476, 0.0007596157676851706, 8.039935958305075e-17
0.7918403353494886, 0.13005, 0.05626253701503084, -0.0008538552666599602, -9.01553904779826e-17, 0.05631598554530726, -0.0007272927794375495, 1.3798124971816341e-17, 0.0026007142523741113, 0.000791031517057242, 1.6902475336265213e-16
0.7918403353494886, 0.13158, 0.056632763113585366, -0.000920706203378986, -5.2016796096248e-17, 0.056316560443132935, -0.0007885295506474562, -3.431074975306257e-18, 0.0027551380603971073, 0.0009502284804523784, 3.0018639507445e-17
0.7918403353494886, 0.13310999999999998, 0.056341280800405895, -0.0009830204937431196, -2.0805000295759247e-17, 0.056360822837015025, -0.0008534224530050718, -4.504960928245543e-17, 0.002893027655236961, 0.0010574465911019732, 1.1966862755661754e-16
0.7918403353494886, 0.13463999999999998, 0.05654958474145123, -0.0010236191413449819, 4.646601224415986e-16, 0.05631168024336568, -0.0009361975570863271, 1.0048007768660175e-16, 0.0031336630848257407, 0.001212894068938671, 1.6590261275202436e-16
0.7918403353494886, 0.13616999999999999, 0.05688182604828363, -0.0010009168030361817, 2.5654271196882103e-16, 0.0562504741879639, -0.0010094772368417694, 8.670285165765658e-17, 0.00346730754991297, 0.0013602052877171261, 1.0659548077553117e-16
0.7918403353494886, 0.1377, 0.05652978808867893, -0.001055228828904165, 2.773322413706461e-17, 0.05619448317537451, -0.0011150408593012218, 1.4218144996644945e-17, 0.003792923094580896, 0.0016216276356988838, 7.36406518793314e-17
0.7918403353494886, 0.13923, 0.05706777928669562, -0.0010735893573931715, -2.8770663024482186e-16, 0.05613489060555158, -0.0012099137428118877, -4.196357033190102e-17, 0.004155836691891228, 0.0018320257608305456, 1.0882762342288057e-16
0.7918403353494886, 0.14076, 0.05687327596606033, -0.0011220827066406342, -1.5252057269245571e-16, 0.055910235274508474, -0.0013306322237131081, 2.9388179298972165e-17, 0.004503969777519445, 0.0020903057239685194, 1.5843721963487896e-16
0.7918403353494886, 0.14229, 0.057020868009834504, -0.0011606525268116822, 2.7725712625309457e-16, 0.05586576274087016, -0.0014251319762613075, 8.01015388647503e-17, 0.004942044200594532, 0.0023106278689405692, 1.4413317435761171e-16
0.7918403353494886, 0.14382, 0.05724430126396532, -0.0011775824595143104, 4.852366621298753e-17, 0.055720843226262196, -0.0015251331760021878, 7.879170743661739e-17, 0.005196555870967913, 0.0025323142014681945, 1.783035338374619e-16
0.7918403353494886, 0.14534999999999998, 0.057114024872605924, -0.0011735305485573984, 3.742842955713783e-16, 0.05559977305561617, -0.0016248266380679928, 1.265407480200235e-16, 0.005375101064465514, 0.0027006938122959233, 3.27676639327678e-16
0.7918403353494886, 0.14687999999999998, 0.05757185115902446, -0.0011526740770168434, -1.4204273675987996e-16, 0.05580484068103758, -0.0016574569676765611, 2.968817722814349e-17, 0.00518671116150609, 0.002778222728204446, 1.9865282707615363e-16
0.7918403353494886, 0.14841, 0.05735916804652067, -0.0010772364943138655, 1.3507977809029306e-16, 0.055758976836817485, -0.0017235061878968167, 8.100675124942576e-17, 0.005121453849325391, 0.002851998003879719, 1.121524156838268e-16
0.7918403353494886, 0.14994, 0.05765326138981843, -0.0010678786934409166, -3.4639588789189836e-18, 0.055903215449415025, -0.001676028733368406, 4.7618793098237135e-17, 0.005096022531821593, 0.002727944669937208, 8.84082903053271e-17
0.7918403353494886, 0.15147, 0.0577309595988487, -0.0010908604966048821, -2.5627670942420495e-16, 0.05608087914564979, -0.0016838384549648817, 5.780545256556571e-17, 0.004517708375798637, 0.002689322101921663, 2.1293397971776967e-16
0.7918403353494886, 0.153, 0.05758639044794039, -0.0010741044523163185, -1.5586321368429054e-16, 0.056388650578182556, -0.001583579294867325, 3.730781833416423e-17, 0.0039040235774791066, 0.002396443902200701, 1.0832393691775564e-16
0.7918403353494886, 0.15453, 0.05787921586196926, -0.0011011142945615189, 4.226459219452753e-16, 0.056542540234888534, -0.0014993986320457817, 6.227212362895744e-17, 0.003609352016071445, 0.0021948533909811226, 1.481516182493713e-16
0.7918403353494886, 0.15605999999999998, 0.057731348878165514, -0.0011303296849395183, 3.914184192601741e-16, 0.05661572028503074, -0.0014179547480814665, 8.4843069373635e-17, 0.0030535978756161364, 0.0019454637810791442, 1.4309162390301025e-16
0.7918403353494886, 0.15758999999999998, 0.05815899295337185, -0.0010681911195045118, 4.571250714669386e-16, 0.05697274516766977, -0.001374814366979431, 8.282675469935367e-17, 0.002461477746024946, 0.0017247053922031658, 1.7727146255254487e-16
0.7918403353494886, 0.15911999999999998, 0.05788766292284684, -0.0009672603803719638, 1.0388356884117098e-16, 0.05687881140808161, -0.0013319976458930627, 7.896021142587588e-17, 0.0020546745440390085, 0.001655120867739662, 9.202121883392504e-17
0.7918403353494886, 0.16065, 0.058266034510124284, -0.0009570354074279873, 3.289171579082157e-16, 0.05710352729441359, -0.0012654894589614189, 5.611370498243802e-17, 0.0018388890106686606, 0.0015628120625491284, 1.3664199753741434e-16
0.7918403353494886, 0.16218, 0.058306437970313915, -0.0009111845018423662, 2.700342448296059e-16, 0.057201595891316785, -0.0012050390420644704, 1.122045085973298e-16, 0.0015988177269739333, 0.0015068522264626693, 1.334370593386859e-16
0.7918403353494886, 0.16371, 0.05806966937193071, -0.0008944496131566043, 1.3157801543244083e-16, 0.05729291279141726, -0.0010765960946568405, -2.0349955309695716e-17, 0.0011977503360584498, 0.0014079065924181354, 8.70007869206073e-17
0.7918403353494886, 0.16524, 0.0583510757397706, -0.0009099689649761902, 2.216699523384832e-16, 0.05761910956647928, -0.0009629135549542094, 4.932310084576598e-17, 0.001302787020489897, 0.0013377590809757962, 8.319783945662155e-17
0.7918403353494886, 0.16677, 0.058106812531975235, -0.000948753180745236, 3.2557509815764514e-16, 0.057597841910445924, -0.000896555813878481, 5.197409626707317e-18, 0.0013122183318953547, 0.0013670189238810851, 1.4996584091872495e-16
0.7918403353494886, 0.16829999999999998, 0.058606772342771486, -0.000874507264024864, 1.7662186483698932e-16, 0.05786124067695361, -0.0008942360739879581, 7.094440592071206e-17, 0.0012222466156787434, 0.0014972449145895174, 1.002143981967972e-16
0.7918403353494886, 0.16982999999999998, 0.05822492938716324, -0.0007416156992911274, 2.5277646626378705e-16, 0.05735995261730811, -0.0009735087378696375, 7.125090559174858e-17, 0.0015958852129928345, 0.0017664289950715581, 1.179313920032054e-16
0.7918403353494886, 0.17135999999999998, 0.05869558507271319, -0.0006629914524010289, 4.32752635626561e-16, 0.05745911784647357, -0.0011463574130236576, 7.134515234824062e-17, 0.0019795433258604457, 0.002128950484100081, 1.5835317947715898e-16
0.7918403353494886, 0.17289, 0.058586114866503405, -0.0006222226935229976, 1.5924634213676736e-16, 0.057378831155080676, -0.001322967773065464, 6.400778373747605e-17, 0.002237052303867005, 0.002506334176251577, 8.991755905400252e-17
0.7918403353494886, 0.17442, 0.0585821650742077, -0.0006669867876735022, 2.0432832988634774e-16, 0.05683078494170845, -0.0014778315247519639, 7.225802057172532e-17, 0.002831824767988844, 0.0028329858757500164, 1.278887931877787e-16
0.7918403353494886, 0.17595, 0.05864008494805413, -0.0007244702621492528, 5.577146694754957e-16, 0.05717193005062229, -0.001547600016623972, 6.699293349026193e-17, 0.0027706869470492516, 0.0030387728055660582, 1.9971752552679088e-16
0.7918403353494886, 0.17748, 0.05843929001108343, -0.0007112921784256084, -5.888701717848478e-17, 0.05688620009271727, -0.0015135933784672282, -4.548535991036076e-17, 0.003059356804473412, 0.003063212135972578, 1.5047702166442566e-16
0.7918403353494886, 0.17900999999999997, 0.058777102622544056, -0.0006474225621432129, 9.006646745938922e-17, 0.05725628174870716, -0.0014265704421027468, 3.643781218123187e-17, 0.002859379837630013, 0.0029424387112821355, 8.487715303303989e-17
0.7918403353494886, 0.18053999999999998, 0.058458937461074924, -0.0005507573751282953, 3.324841214718378e-16, 0.057064860407268235, -0.0013348502110352828, 5.391726336257565e-17, 0.0023688820082630644, 0.002646725658576289, 1.5390007934783344e-16
0.7918403353494886, 0.18206999999999998, 0.05910733527666148, -0.0004264480251326853, 4.5010778904897854e-17, 0.057269973241950614, -0.001243060283794019, 4.3397864868129095e-17, 0.0024476902031269144, 0.0022753107921688774, 7.630800670887238e-17
0.7918403353494886, 0.18359999999999999, 0.05865349577973911, -0.00035849494491384747, 1.4885627992785514e-16, 0.05747035916099352, -0.0011744497391468563, 3.458190553482086e-17, 0.0015471187639211604, 0.0019506693083834745, 1.3474964913879136e-16
0.7918403353494886, 0.18513, 0.05907086887866301, -0.00042716457040297974, 1.3504360849628654e-16, 0.05719067717007146, -0.0011216902798031783, 6.588859292260646e-17, 0.0016641618419423435, 0.0016754519303266242, 1.3542767996323007e-16
0.7918403353494886, 0.18666, 0.05860962711201007, -0.0004992378352217671, -1.1430888579502766e-16, 0.057967265835039, -0.0010098477721185225, 2.2356710462137677e-17, 0.0010893786929118993, 0.001506081276675114, 9.217173068034877e-17
0.7918403353494886, 0.18819, 0.05886048644665477, -0.0004927581429108206, -1.0046150982804954e-16, 0.057385663537823234, -0.0008659409153910586, 1.9612742268099058e-17, 0.0010558644640294354, 0.0013589455749075238, 8.71372452845866e-17
0.7918403353494886, 0.18972, 0.058793873992364194, -0.000424974877854559, -6.926669916378078e-18, 0.057689179036651585, -0.0007161519425561745, 1.8766752310709403e-17, 0.0009634844360999649, 0.001202088304736215, 8.100439819152339e-17
0.7918403353494886, 0.19124999999999998, 0.058924576773240506, -0.000252299643951165, -1.3156339849881568e-16, 0.05797235160567432, -0.0006001734851040528, -5.868886669778266e-17, 0.000759098390107482, 0.0011644723733075413, 1.0363666058007312e-16
0.7918403353494886, 0.19277999999999998, 0.05908319883367467, -0.00018771949657182824, -3.9806833825435996e-16, 0.05778868481161565, -0.0006410427243981578, -2.0333056093672224e-17, 0.0011506291706566889, 0.0012928126654143668, 1.8134403749550782e-16
0.7918403353494886, 0.19430999999999998, 0.05885716770681006, -0.00022419065700391347, -6.577942873678299e-17, 0.05787350542878451, -0.0007662074443127906, -3.1600192596547855e-17, 0.0011044547336334276, 0.0015813401096283596, 8.599346693081987e-17
0.7918403353494886, 0.19584, 0.05910839327337773, -0.0003091462595222316, -1.0735639313671122e-16, 0.05727021180768971, -0.0009344053849173611, 2.808452045415115e-17, 0.00128718150412687, 0.0019704481836294303, 1.076674239311256e-16
0.7918403353494886, 0.19737, 0.05872084162927986, -0.0003557175450702455, 3.463921893956334e-17, 0.05782520552303695, -0.0011070298569538161, 1.2670352375784833e-17, 0.0014981424825971765, 0.00231638820543071, 3.5025857890663136e-17
0.7918403353494886, 0.1989, 0.05913014450597423, -0.00032949585879826695, -3.8800462169414363e-16, 0.057161822337321054, -0.0011654984490407849, -4.776526879032032e-18, 0.0018268514567173894, 0.00254200504834353, 1.8233332264482312e-16
0.7918403353494886, 0.20043, 0.05870793024075975, -0.00023109312221305815, -1.939489553179468e-16, 0.057311577808254945, -0.0011324873797092887, -6.0540686254259904e-18, 0.001603722046765186, 0.002602000754911899, 1.1328434833273397e-16
0.7918403353494886, 0.20195999999999997, 0.059313117684965784, -7.20184815448698e-5, -1.454339023138184e-16, 0.05778452038081365, -0.001082075935240723, 4.591318559620771e-17, 0.0020750116490858223, 0.002452637336556043, 1.3128978290971512e-16
0.7918403353494886, 0.20348999999999998, 0.05866907444380115, 5.8898029991271095e-6, 9.697776182489228e-17, 0.056984730018173786, -0.0010030536865568752, 4.468086167181025e-17, 0.0014032208736954052, 0.0021810677686864718, 1.161846897158006e-16
0.7918403353494886, 0.20501999999999998, 0.05905079503541455, -1.3754537117812533e-6, 2.3914835452136624e-16, 0.05802246567251874, -0.0009296348251588338, 1.192815019700885e-16, 0.001662853311624621, 0.0018396738559949763, 1.3875584961750146e-16
0.7918403353494886, 0.20654999999999998, 0.05826778613250263, 0.00012065942767926757, 1.4917310742719164e-16, 0.057336330265238, -0.0008547894494741139, 4.16513175624615e-17, 0.0008883861732762234, 0.0015895787181264879, 9.70573604395254e-17
0.7918403353494886, 0.20808, 0.05863397167212608, 0.0004839211493042936, -7.98705039482533e-17, 0.05751686186662466, -0.0006812772473984906, 4.0094909384342485e-17, 0.0010093328047551195, 0.0014432884053455137, 9.043632379191281e-17
0.7918403353494886, 0.20961, 0.057906348085967264, 0.0011281469168565104, 9.733107383785243e-17, 0.05733818247451343, -0.00044733746984121196, 3.041706526458603e-17, 0.00129071761630888, 0.0013222974880610287, 4.097682016956932e-17
0.7918403353494886, 0.21114, 0.0582505196530917, 0.0019599894091608745, 1.5661834440871576e-16, 0.057545587608299455, -0.0002484355116851987, 1.5680650543012065e-17, 0.001157043312476807, 0.0013532989352792624, 7.722632898841354e-17
0.7918403353494886, 0.21267, 0.05745922248658185, 0.0027491021288053945, 1.0109588189344888e-16, 0.05826694767103259, -8.109217472074428e-5, -2.1210590949863175e-17, 0.0013097916293166674, 0.0014948246389984345, 9.431812699412128e-17
0.7918403353494886, 0.21419999999999997, 0.05750756088464679, 0.0032962329464983975, 9.082588297126568e-17, 0.056737671088857196, -2.022872063121942e-5, 6.902583439251679e-17, 0.0014402149011315854, 0.001721758660828951, 1.0600462043390494e-16
0.7918403353494886, 0.21572999999999998, 0.05679682649198119, 0.003619663170885108, 1.1199717482706718e-16, 0.05803789617159655, -6.79742277629392e-5, 5.705757085784811e-17, 0.0012519497853431876, 0.002009800513698898, 8.552631707485957e-17
0.7918403353494886, 0.21725999999999998, 0.0568641277030993, 0.003715861528314023, 2.2070494144842595e-16, 0.0571813100365942, -0.00014211598967104862, 1.2579332723719527e-16, 0.0010296577653428048, 0.0022986602048892663, 1.47359717081318e-16
0.7918403353494886, 0.21878999999999998, 0.05692045617220601, 0.0035759900137948553, -1.9609842338997353e-16, 0.05709508834044949, -0.0002698393516920824, -4.262989266381065e-17, 0.001453819635849246, 0.002511418792938044, 1.278736210913276e-16
0.7918403353494886, 0.22032, 0.057487240511566784, 0.0031545115759035874, -4.509995255525203e-16, 0.05775504703767856, -0.00037416999742078457, -3.248312796690253e-19, 0.0021544893340709054, 0.0025437072989231272, 2.032490479725648e-16
0.7918403353494886, 0.22185, 0.05780811010447873, 0.002368405379283613, -2.478072602208416e-16, 0.056833663017079025, -0.0004378949409280396, -2.994252332925794e-17, 0.001927746110885156, 0.0023257067143666755, 1.829145550101267e-16
0.7918403353494886, 0.22338, 0.05842324245806493, 0.001399406733552237, -1.0808177578123639e-16, 0.05791467345422642, -0.0004534390950070767, -3.5749745119914504e-17, 0.0021728736896639545, 0.0019087046087943925, 5.857537219523714e-17
0.7918403353494886, 0.22490999999999997, 0.058573871460127054, 0.0004006482972118421, 1.255674656578026e-16, 0.05755687559973889, -0.0004349893737797875, 3.599683148813392e-17, 0.002043898401226458, 0.0014003389134926798, 1.4171014066852196e-16
0.7918403353494886, 0.22643999999999997, 0.05038111483904436, -0.00015318176084456274, -3.4914953009116375e-18, 0.05575484560943692, -0.0003396282702135779, -7.732139848560278e-18, 0.005298533533493234, 0.000875612011645891, 8.081525406514666e-17
0.7918403353494886, 0.22796999999999998, 0.021003413618240818, -0.00015610709139875445, -1.0486687095936432e-16, 0.02550475552900526, -0.0001417584999882471, 4.845957772008539e-18, 0.0036403666712262425, 0.00031613754827922137, 9.177452904365073e-17
0.8908203772681746, 0.00153, 0.02136893936226194, 7.609420602197825e-5, -1.3510983874295401e-16, 0.02504522039936732, 0.0001344624673254418, -4.670701268970599e-17, 0.0036737295262032287, 0.0002965285308135305, 1.3444346897064414e-16
0.8908203772681746, 0.00306, 0.0514922818315236, -8.465455343308398e-5, -1.5929012875105012e-16, 0.05528122741189142, 0.00029248573425297146, 3.464066325043056e-17, 0.005155965300336937, 0.0008311805542975107, 1.4994176691777803e-16
0.8908203772681746, 0.0045899999999999995, 0.05973844570906709, -0.0004249657702489766, -1.5583189376257995e-16, 0.05779927227855331, 0.0003394388022211758, 9.185464921754311e-17, 0.00204551605696974, 0.0013408950906347093, 1.7238733945385615e-16
0.8908203772681746, 0.00612, 0.059964793580788614, -0.0008204219876613844, -1.7318858389714964e-16, 0.05814246457940002, 0.00031189897471062516, 2.5772326743340968e-17, 0.0021443429606058423, 0.0018352279351789163, 1.3141950756108198e-16
0.8908203772681746, 0.00765, 0.05917101806810005, -0.0009993027448952042, -1.7678211831868534e-16, 0.057093369133859304, 0.0002782063091697676, 8.640207373783777e-18, 0.001964358632827972, 0.002227622474323134, 1.3439393977850712e-16
0.8908203772681746, 0.009179999999999999, 0.05945231261687834, -0.000917441443829215, 1.8723057352241105e-16, 0.05794363210203425, 0.0002306576150597107, 5.865806930393193e-17, 0.0020932451344211535, 0.0024180577339652986, 8.869631332526903e-17
0.8908203772681746, 0.010709999999999999, 0.05911585869414636, -0.0007744143343046433, 1.2134276420518833e-16, 0.05731961837974916, 0.00015381116435915894, 7.270666478653169e-17, 0.0015176021345577394, 0.0023748650849329065, 1.9070641376115085e-16
0.8908203772681746, 0.01224, 0.05948769903596014, -0.0007908713261808477, 3.396501725340863e-16, 0.057437575480968034, 3.8450732354117955e-5, 7.849022554013165e-17, 0.0012323629848125153, 0.002172573880336269, 1.2248371215169463e-16
0.8908203772681746, 0.01377, 0.05914289173936564, -0.0011353685969577134, 3.292733043193118e-16, 0.058160673456904115, -6.573053053931496e-5, 3.021568769746066e-17, 0.001227649924848639, 0.0019223107197563361, 1.6868924580637593e-16
0.8908203772681746, 0.0153, 0.0592304045131192, -0.001618490587878656, 1.3527179583431739e-16, 0.05701464146933066, -0.0001618512025366046, 5.056017660359318e-17, 0.0015828312974534397, 0.001700668739396249, 1.4298662280786532e-16
0.8908203772681746, 0.016829999999999998, 0.0587287382105337, -0.002012112366523401, 2.257224819875508e-16, 0.05831825773097723, -0.00015148610763975862, 1.918393795295767e-17, 0.0012348296839900415, 0.0015626970373424402, 1.15038377512031e-16
0.8908203772681746, 0.018359999999999998, 0.05864203867972121, -0.002152918029645075, 3.1280076772448056e-17, 0.05766741550512426, -1.8381548462481092e-5, 2.821611684430621e-17, 0.0011423589197713771, 0.0014977359077863813, 1.390743770001157e-16
0.8908203772681746, 0.019889999999999998, 0.05848888776449531, -0.0020145801684116928, 1.390334529446275e-16, 0.05746603861784486, 0.00017379106559097267, 5.760719432677417e-17, 0.0012668199200781777, 0.0014843721007788344, 1.15689597505615e-16
0.8908203772681746, 0.021419999999999998, 0.05868961377645338, -0.0018318346949016758, 3.0916545473860234e-16, 0.05764716763438318, 0.0004020425871429507, 1.6734950003459135e-17, 0.0010218732601998022, 0.0015888499623223906, 2.0705202803662678e-16
0.8908203772681746, 0.022949999999999998, 0.058718630131535554, -0.0018306977159459935, -3.4716355339452305e-17, 0.057489919139270707, 0.0005564019866495618, -2.156496703713991e-17, 0.0009502010965057732, 0.0017355780420996658, 6.029704960149167e-17
0.8908203772681746, 0.02448, 0.0587432151167504, -0.002064989385538329, -2.1182152692297073e-16, 0.05810254894409972, 0.000596898801747966, -1.0108481236773322e-16, 0.001573901511362161, 0.001989414300957484, 2.5333671171269926e-16
0.8908203772681746, 0.02601, 0.0584141563089812, -0.0025334071176096418, 3.1288131285427826e-17, 0.05714355516159661, 0.0006101135972051655, -4.640015680043211e-17, 0.0013963986012160484, 0.002356277097357278, 8.773313157911419e-17
0.8908203772681746, 0.02754, 0.057986970422846534, -0.0030672823101320227, -1.8109155783999414e-16, 0.05780701482992821, 0.0006210361301993313, -4.07252682251808e-17, 0.0019421684216438253, 0.0026789028506233317, 1.7676166560627028e-16
0.8908203772681746, 0.02907, 0.057669062766878665, -0.003509365110805387, 3.730941037820194e-16, 0.057351298359213, 0.0006167259918743053, 5.715731063993504e-17, 0.001504869878888818, 0.0028841281559813022, 2.212915652051949e-16
0.8908203772681746, 0.0306, 0.05730403225547492, -0.0037333709748966918, 4.8494277618633295e-16, 0.05717762343933816, 0.0006211796241587068, 7.352124663432074e-17, 0.0017095204116130034, 0.0028845472444850237, 1.8912083177369463e-16
0.8908203772681746, 0.03213, 0.05743717953957723, -0.003586589318758906, 2.7207174697242835e-16, 0.057782091524875324, 0.0005855166152077091, 2.691939239808147e-17, 0.0014073401818432076, 0.0026725890219641193, 1.3302519531942986e-16
0.8908203772681746, 0.033659999999999995, 0.057233386541502035, -0.0031228891920760766, 4.635378295768785e-16, 0.05726612011144677, 0.0004835948763626137, -4.9811753865002504e-18, 0.0012041106154747879, 0.002286132940236392, 2.2218562999161625e-16
0.8908203772681746, 0.03519, 0.05771564190020764, -0.0024466793815818106, 1.984334848559243e-16, 0.05785596503672034, 0.00040922001921350596, 3.548994308619908e-17, 0.0010344620411105057, 0.0018262029376937784, 1.1002087890163237e-16
0.8908203772681746, 0.036719999999999996, 0.057440290115577164, -0.0016254166649619203, 1.391191752984456e-17, 0.057749974289833535, 0.0003892139033581484, -2.689027833474324e-17, 0.0010825620503186822, 0.0014259045586334004, 1.35780070892431e-16
0.8908203772681746, 0.03825, 0.057888973446788804, -0.0008120894370761012, -5.909123098991276e-17, 0.05796308736579807, 0.0004432553826395068, -2.6919232042902192e-17, 0.0007106152302021537, 0.001186636438679047, 9.645120970761902e-17
0.8908203772681746, 0.039779999999999996, 0.05754457214279769, -0.00020768388018838275, 2.2924685587812175e-16, 0.05767311160400139, 0.0006135035178066964, 8.776237351591423e-17, 0.0009025452552691007, 0.0011658557148150309, 1.7701086099228403e-16
0.8908203772681746, 0.04131, 0.05811310608873908, 0.000173499973900889, 4.720050532750376e-16, 0.05746649048792514, 0.0007890030330032941, 3.2416250094338485e-17, 0.0010170007415754771, 0.0012919622211321092, 2.204811068857103e-16
0.8908203772681746, 0.042839999999999996, 0.05788166708211856, 0.0004204773057807192, -1.1795014247831357e-16, 0.057957754862492286, 0.0009443621647478864, 4.049832842837826e-18, 0.0010194198457399546, 0.0014224419121399762, 8.513889540513186e-17
0.8908203772681746, 0.04437, 0.058114031151534275, 0.0006027938754983235, -7.283773297640613e-17, 0.05729327205690063, 0.0010640351237693982, -3.652269764868955e-17, 0.0015868165312620816, 0.0015767573775429765, 9.761989158389802e-17
0.8908203772681746, 0.045899999999999996, 0.05784150829958343, 0.0007625148474304287, -2.462422281877398e-16, 0.05751159795417022, 0.001128679195622864, 2.877663523026067e-17, 0.0014524755259664153, 0.001829843269442914, 1.3169278129184934e-16
0.8908203772681746, 0.04743, 0.05798440664947299, 0.000912482620420322, 7.284364833306449e-17, 0.05734935473167533, 0.0012063294323081152, 1.3629175494797493e-17, 0.002301956060043409, 0.002131208976120834, 1.2268750913663267e-16
0.8908203772681746, 0.04896, 0.05782606870773998, 0.0009977562703190439, 1.8734532002193677e-16, 0.057149439107320704, 0.0012973953287334775, 2.4581003216655747e-17, 0.0022303662774220767, 0.0024783337016369158, 1.2341721775592701e-16
0.8908203772681746, 0.05048999999999999, 0.05777556107826968, 0.0010039237379763782, 0.0, 0.057313979451991966, 0.0013796096971998703, 3.918868341123967e-17, 0.0026802999176477266, 0.0027560025721146317, 1.1114898498014243e-16
0.8908203772681746, 0.05202, 0.05796261324347364, 0.0009654129746346983, 2.8434612991025537e-16, 0.057005801553912445, 0.0014526844447082354, 4.28684543855797e-17, 0.0028841717417003605, 0.0028711929750765836, 2.0221919090037513e-16
0.8908203772681746, 0.05354999999999999, 0.05780196532022219, 0.0009602549085855023, -4.85452726861503e-17, 0.05724193396946675, 0.001482339449064216, 8.270226179184009e-17, 0.0026002351483304874, 0.002849246061412073, 1.3000456384886183e-16
0.8908203772681746, 0.05508, 0.05801340121951361, 0.0009543039497995051, -2.0803425171316183e-16, 0.05696218675035346, 0.0014196617942017057, -8.876682999352252e-18, 0.0026781010986998578, 0.002655755317917405, 1.7849694983383845e-16
0.8908203772681746, 0.056609999999999994, 0.057667315840514016, 0.0009756141947389209, -1.3173766677599897e-16, 0.05741088500901758, 0.0012843729310292567, 4.442943401884246e-17, 0.0020947791482461087, 0.0023473182963017697, 2.01655197745844e-16
0.8908203772681746, 0.05814, 0.057900170550534785, 0.0011033965871653532, 1.664411838234337e-16, 0.057508123702480304, 0.0011415839879283687, 6.531273207566845e-17, 0.0018575203826323105, 0.0019915023132214163, 1.1823120574014493e-16
0.8908203772681746, 0.059669999999999994, 0.057458569908873776, 0.0011639098975219316, -2.7746585558312244e-16, 0.057370910094148665, 0.0009946644222753767, -3.141619074039133e-17, 0.0014931758128586565, 0.00165356147062809, 1.815184792697667e-16
0.8908203772681746, 0.0612, 0.05776749652603819, 0.001155078732471791, -3.120764600229084e-17, 0.057850824660185214, 0.0009232185915972951, 3.791177234756315e-18, 0.0011437339644751235, 0.0014032406847807708, 9.587577899346034e-17
0.8908203772681746, 0.06273, 0.057519658597559545, 0.0011792526752546673, 5.894426290522762e-17, 0.057589154875680774, 0.0009279665762536213, 4.477691383456063e-18, 0.0012277444819258393, 0.0012821965020636168, 6.935580428766997e-17
0.8908203772681746, 0.06426, 0.05754359654774286, 0.00120552049037321, -3.4679253786019042e-18, 0.05761071923106421, 0.000989869881111887, 3.0041203927887305e-17, 0.001218905594259858, 0.0012539693898060316, 7.732200754480391e-17
0.8908203772681746, 0.06579, 0.057516860954217444, 0.001217137818773674, 8.32194140949444e-17, 0.05731779592061735, 0.0010922118417811247, 3.924270999619594e-17, 0.0011228769590457457, 0.0013178089828865967, 6.91884668122469e-17
0.8908203772681746, 0.06731999999999999, 0.057316985050487324, 0.0012954012173348487, 3.7792470902337676e-16, 0.05721441690900272, 0.0012150792837613235, 7.420276929621296e-17, 0.0014960515582776166, 0.001409852983975952, 1.5041216514257e-16
0.8908203772681746, 0.06885, 0.0573461319634404, 0.0013741811678428038, -9.712937611853421e-17, 0.057130483368750005, 0.0012775663155038571, -2.1251131284266817e-17, 0.0017220230439387045, 0.0014623257175362483, 7.015005237902602e-17
0.8908203772681746, 0.07038, 0.057003059364424596, 0.0013979505572584998, 1.214181517799144e-16, 0.056892616736564296, 0.0013393257471557116, 2.0268502901821136e-17, 0.0019224182246671568, 0.0015483798825178053, 1.1002414385822453e-16
0.8908203772681746, 0.07191, 0.05730818659057643, 0.0014002612823194316, 1.8729828923454336e-16, 0.05701001643688172, 0.0013776418020171397, 7.22616973280473e-17, 0.002305214943336496, 0.0016133364661959052, 1.1644435393725046e-16
0.8908203772681746, 0.07343999999999999, 0.05695519186514195, 0.0013823040648393101, 8.672032704890118e-17, 0.056653439349487716, 0.0014139935610546005, 7.573749363736443e-17, 0.002858619778517801, 0.0018198535317652312, 1.5470936396885737e-16
0.8908203772681746, 0.07497, 0.05708277859512325, 0.0013611490390745165, 1.6304783191981455e-16, 0.05660256671935931, 0.0014840375661601408, 8.298950088918477e-17, 0.0033810387218235235, 0.0020536144703959223, 1.1317687210042964e-16
0.8908203772681746, 0.0765, 0.0570168042607282, 0.0013794457794066364, 3.1212504060577766e-17, 0.056458445431798794, 0.0015608977931494935, 3.3160724940529586e-18, 0.0036578773867019113, 0.002242700494722195, 9.783161958212868e-17
0.8908203772681746, 0.07802999999999999, 0.05689991881601008, 0.0013684454081383675, -3.4685014838781007e-16, 0.05617188355346768, 0.0016487947830953135, -6.431865769358447e-17, 0.004234738961004042, 0.0025178262901444487, 1.3006671595439088e-16
0.8908203772681746, 0.07955999999999999, 0.05684104488161846, 0.0013646875075864746, 2.949093689687863e-16, 0.056007418719659884, 0.0016414352638370237, 3.421359155292303e-17, 0.00477713196729978, 0.002553868091771229, 1.03601437775327e-16
0.8908203772681746, 0.08109, 0.05658601885721627, 0.001409329893085111, -3.469195106718946e-17, 0.05585087039463958, 0.0016885977106955454, 1.5419187037049916e-17, 0.00479860689921001, 0.0026698545753263006, 9.92733977273523e-17
0.8908203772681746, 0.08262, 0.05674115190579262, 0.001383466779399024, 1.4222523167013814e-16, 0.055908875261565835, 0.0016270136134237485, 8.836725930833022e-18, 0.004861752239089441, 0.0026003937234459727, 9.834902681971498e-17
0.8908203772681746, 0.08414999999999999, 0.05637966819460242, 0.0013474963782333421, -1.6652684245730627e-16, 0.0556864280710589, 0.0015940121647531013, 2.920477441982971e-17, 0.00503466278382973, 0.0025279585578471533, 9.899166533781518e-17
0.8908203772681746, 0.08567999999999999, 0.056545819180945124, 0.0013298446245657463, 1.0753764605583933e-16, 0.055812507221226916, 0.0015034344480647395, 4.874525515529999e-17, 0.00486870510473134, 0.002369657322533083, 1.5286387497221615e-16
0.8908203772681746, 0.08721, 0.0564542990032329, 0.0013021511090134832, 2.7746456613280438e-17, 0.055931155658910485, 0.0014114674354559714, -1.272416529688023e-17, 0.004627019761587286, 0.0021617831718775044, 3.756889402713167e-17
0.8908203772681746, 0.08874, 0.05634315149652292, 0.00126596867772187, 3.988821284605683e-16, 0.0559583370769545, 0.001323447385269599, 6.982779557847276e-17, 0.00421554858088408, 0.001955420764012216, 1.4218086826881178e-16
0.8908203772681746, 0.09026999999999999, 0.05632647808319008, 0.0012437844846637555, 4.1276081948973235e-16, 0.056156178103066876, 0.001213677158573229, 6.644184630001351e-17, 0.0038879537936316886, 0.0017137403710851273, 1.513683413941625e-16
0.8908203772681746, 0.09179999999999999, 0.05616764605418693, 0.0012001355261104139, 3.0173385537224696e-16, 0.05619150127302031, 0.0011244958222802032, 8.625917360181978e-17, 0.0035479659562773747, 0.0015171589343833606, 1.7187570860787786e-16
0.8908203772681746, 0.09333, 0.056292222049776804, 0.0011842495871137444, 1.4913430526621941e-16, 0.05625511283927652, 0.001028896386872067, 1.9111507774795478e-17, 0.0032433990802467364, 0.0012736885616715834, 1.3499038257155674e-16
0.8908203772681746, 0.09486, 0.05592852660717792, 0.001098387055736102, 6.243332961032846e-17, 0.05626910761712273, 0.0009542186124918156, 4.459426851714245e-17, 0.002934054471988486, 0.0011358458722904462, 8.328530537702267e-17
0.8908203772681746, 0.09638999999999999, 0.05613778274518086, 0.0010244900263405127, -2.531653116646926e-16, 0.056336040604589, 0.0008724299611534537, 2.3880035915933318e-17, 0.002707200642474654, 0.0009907929651032093, 1.582210800999133e-16
0.8908203772681746, 0.09792, 0.05604093295243209, 0.00097732144931155, -3.9531244686216303e-16, 0.056285935166388336, 0.0008095064282769685, -8.421430159873218e-18, 0.0025788328141909947, 0.0008910822964159071, 1.68766250654761e-16
0.8908203772681746, 0.09945, 0.05572780643836765, 0.0008901948067259062, -2.0115852539252803e-16, 0.05625063231120299, 0.0007453930046918587, -2.5850461106512352e-17, 0.0024406330534434274, 0.0007419319825590947, 1.0796020318144356e-16
0.8908203772681746, 0.10097999999999999, 0.056016723978702755, 0.0007995762286172241, -4.023252782240828e-16, 0.05628696155358077, 0.0006734219298813287, -4.0430492821750025e-17, 0.00248235858727496, 0.0007121285937320546, 1.4870142726262637e-16
0.8908203772681746, 0.10250999999999999, 0.05563622492841385, 0.000768010588152913, -1.0057316271830217e-16, 0.056308823607611996, 0.0006137769201190404, -2.1657282660683647e-17, 0.002372005714817916, 0.0006330380347066254, 8.831312847540572e-17
0.8908203772681746, 0.10404, 0.05570725219280924, 0.0006703029011298114, -1.6995182455102287e-16, 0.056143727543445376, 0.0005421458723135862, 1.6144368289687362e-17, 0.0025071180336233554, 0.0005633417263615445, 9.701639688954697e-17
0.8908203772681746, 0.10557, 0.05574179139512777, 0.0005910787648469307, -6.58971670849841e-17, 0.056178404114403106, 0.0004830677584611335, -7.925439720329862e-17, 0.00250714750599852, 0.0005112946010676457, 1.1452328665561819e-16
0.8908203772681746, 0.10709999999999999, 0.055492214052247045, 0.0004955132138009224, -1.7340120298075963e-17, 0.0561154247190501, 0.00040122255313694485, -3.07388552938889e-17, 0.0026713901972251542, 0.00040430607008314345, 1.306354347048077e-16
0.8908203772681746, 0.10862999999999999, 0.05579014755889864, 0.0003979339273984072, 1.83806832259429e-16, 0.05617747001565136, 0.0003077370436463646, 3.732811911089352e-17, 0.002487083026472158, 0.00030052746382540916, 1.0134870538211361e-16
0.8908203772681746, 0.11016, 0.0554416226585843, 0.0002937318714191014, 1.1097906793158063e-16, 0.056043331188256246, 0.0002374546820111379, 3.206597310578436e-19, 0.002764899955066767, 0.00021179389116011954, 9.459937274274522e-17
0.8908203772681746, 0.11169, 0.05553981810376252, 0.00016590184790160717, 6.589195633132975e-17, 0.05608130121387344, 0.00017710735526815487, 7.879233546609655e-17, 0.0026442509726378053, 0.00022979460184718858, 1.3685165723288846e-16
0.8908203772681746, 0.11321999999999999, 0.05564840169557764, 9.963490831258873e-5, 3.8497066384466434e-16, 0.0560499132867835, 9.401448346433435e-5, 1.2034525923037523e-16, 0.0027335189793504986, 0.00011860817300601518, 2.1508391811920702e-16
0.8908203772681746, 0.11474999999999999, 0.05524844110599688, -3.4685371031924235e-18, 1.8730100357239087e-16, 0.055990162388111955, 1.9336798433529802e-17, 7.738756203006177e-17, 0.002746745278272307, 9.052710838712573e-17, 1.3334107987400618e-16
0.8908203772681746, 0.11628, 0.05564840169557753, -9.963490831275505e-5, 2.358378841570913e-16, 0.0560499132867835, -9.401448346429793e-5, 6.655553110520994e-17, 0.0027335189793504765, 0.00011860817300619825, 1.8853201047505552e-16
0.8908203772681746, 0.11781, 0.055539818103762566, -0.00016590184790232475, 1.4912390117090388e-16, 0.05608130121387347, -0.00017710735526815305, 2.933931700618154e-17, 0.002644250972637851, 0.0002297946018470919, 7.58558227121591e-17
0.8908203772681746, 0.11933999999999999, 0.05544162265858412, -0.0002937318714195696, 1.0057478031299494e-16, 0.056043331188256225, -0.00023745468201114353, 3.646037503671857e-17, 0.002764899955066822, 0.0002117938911599631, 7.283673050186551e-17
0.8908203772681746, 0.12086999999999999, 0.05579014755889867, -0.0003979339273980989, -1.0057354972685747e-16, 0.05617747001565133, -0.00030773704364633214, -3.539900319084626e-17, 0.002487083026472288, 0.000300527463825387, 1.51655472635332e-16
0.8908203772681746, 0.1224, 0.05549221405224676, -0.0004955132138002393, 1.491250345634533e-16, 0.05611542471904998, -0.00040122255313688505, 6.92684717064876e-17, 0.0026713901972251998, 0.0004043060700829428, 1.4497434325312647e-16
0.8908203772681746, 0.12392999999999998, 0.05574179139512752, -0.0005910787648463545, 6.242889513314278e-17, 0.05617840411440306, -0.00048306775846113635, 2.2989898894186707e-17, 0.0025071475059983404, 0.000511294601067709, 1.2778991556746415e-16
0.8908203772681746, 0.12546, 0.05570725219280896, -0.0006703029011288224, -3.815245040941327e-17, 0.05614372754344545, -0.0005421458723135712, 3.0362725032937894e-18, 0.002507118033623296, 0.0005633417263616921, 1.3632347108734465e-16
0.8908203772681746, 0.12699, 0.055636224928414496, -0.0007680105881523167, 2.6010300703009186e-16, 0.056308823607611996, -0.0006137769201190018, -2.2372788636449485e-17, 0.002372005714817918, 0.0006330380347066152, 1.4098834463950457e-16
0.8908203772681746, 0.12852, 0.05601672397870317, -0.0007995762286168754, -1.0404964092002162e-16, 0.05628696155358073, -0.0006734219298811686, -2.7852075987037095e-17, 0.002482358587274989, 0.0007121285937321296, 8.045202503975879e-17
0.8908203772681746, 0.13005, 0.055727806438368194, -0.0008901948067255203, 3.468250437802217e-17, 0.05625063231120292, -0.0007453930046917685, 1.611861157250588e-17, 0.0024406330534433424, 0.0007419319825589996, 1.5826136062134063e-16
0.8908203772681746, 0.13158, 0.05604093295243238, -0.0009773214493115515, -8.669132606626396e-17, 0.056285935166388426, -0.0008095064282768001, -1.2682213985412669e-17, 0.002578832814191091, 0.000891082296415808, 3.948076791302328e-17
0.8908203772681746, 0.13310999999999998, 0.0561377827451813, -0.0010244900263404286, 2.358252218246457e-16, 0.056336040604589056, -0.0008724299611534448, -1.3841294714999754e-17, 0.002707200642474855, 0.0009907929651032702, 1.4593196343466116e-16
0.8908203772681746, 0.13463999999999998, 0.055928526607178036, -0.001098387055737118, 1.1446110428560252e-16, 0.05626910761712261, -0.0009542186124919705, 1.0203352508649072e-16, 0.0029340544719886714, 0.0011358458722906376, 1.5525764423249064e-16
0.8908203772681746, 0.13616999999999999, 0.05629222204977681, -0.0011842495871141963, 1.9422142081182082e-16, 0.05625511283927645, -0.001028896386872039, 9.864935934145261e-17, 0.0032433990802469936, 0.0012736885616715765, 1.0595632765010679e-16
0.8908203772681746, 0.1377, 0.05616764605418742, -0.0012001355261108862, 4.161846280996512e-16, 0.05619150127302039, -0.0011244958222800733, 5.888108756364564e-17, 0.0035479659562775295, 0.0015171589343832574, 1.5065883099490083e-16
0.8908203772681746, 0.13923, 0.05632647808318977, -0.001243784484664477, 2.358633254227042e-16, 0.05615617810306694, -0.0012136771585732865, -1.1093915248055995e-17, 0.0038879537936316764, 0.0017137403710851698, 1.3762064021195476e-16
0.8908203772681746, 0.14076, 0.05634315149652273, -0.0012659686777216684, 1.8383263311660967e-16, 0.0559583370769545, -0.0013234473852696148, 4.6548674167598556e-17, 0.004215548580884166, 0.0019554207640121203, 1.568913692723484e-16
0.8908203772681746, 0.14229, 0.0564542990032329, -0.001302151109013538, 1.2832736183642198e-16, 0.055931155658910464, -0.0014114674354559998, 8.545996363938048e-17, 0.004627019761587335, 0.0021617831718775617, 1.3577919539159828e-16
0.8908203772681746, 0.14382, 0.056545819180945034, -0.0013298446245647894, 1.8385468519224152e-16, 0.05581250722122696, -0.0015034344480646992, 9.046537163168674e-17, 0.004868705104731215, 0.002369657322533104, 1.7042476735561136e-16
0.8908203772681746, 0.14534999999999998, 0.05637966819460243, -0.0013474963782321556, 3.8856263240038133e-16, 0.055686428071059085, -0.0015940121647528998, 1.5565429072895214e-16, 0.005034662783829591, 0.002527958557847217, 3.1871439846283624e-16
0.8908203772681746, 0.14687999999999998, 0.0567411519057929, -0.0013834667793981245, 2.948571876088228e-16, 0.05590887526156595, -0.0016270136134234016, 5.915140060377453e-17, 0.004861752239089503, 0.0026003937234458235, 2.0577368946811605e-16
0.8908203772681746, 0.14841, 0.056586018857216536, -0.0014093298930850388, -6.244551192094106e-17, 0.0558508703946396, -0.001688597710695508, 6.506761089716278e-17, 0.0047986068992100705, 0.00266985457532649, 1.1529266913934896e-16
0.8908203772681746, 0.14994, 0.05684104488161794, -0.0013646875075871768, 2.5327510511436904e-16, 0.05600741871965979, -0.0016414352638371582, 7.04694944333629e-17, 0.004777131967299682, 0.0025538680917711575, 1.0741700765677745e-16
0.8908203772681746, 0.15147, 0.05689991881601004, -0.0013684454081382862, 9.711804154858671e-17, 0.0561718835534676, -0.00164879478309526, 6.217351800812359e-17, 0.004234738961004142, 0.0025178262901442905, 1.9961209811791425e-16
0.8908203772681746, 0.153, 0.0570168042607281, -0.0013794457794063697, 1.1791390422884938e-16, 0.056458445431798725, -0.0015608977931494412, 4.626405010024036e-17, 0.0036578773867019373, 0.002242700494722192, 1.0482958877492894e-16
0.8908203772681746, 0.15453, 0.057082778595122924, -0.0013611490390747964, -1.4223321507898707e-16, 0.056602566719359024, -0.0014840375661601167, 3.95493082169636e-17, 0.0033810387218235318, 0.002053614470396028, 1.5444165986998754e-16
0.8908203772681746, 0.15605999999999998, 0.05695519186514133, -0.0013823040648395484, 1.2487727095041762e-16, 0.056653439349487474, -0.0014139935610545868, 8.929131399327752e-17, 0.0028586197785177517, 0.0018198535317652277, 1.3451354262328411e-16
0.8908203772681746, 0.15758999999999998, 0.05730818659057653, -0.0014002612823189413, 4.8558815727474164e-17, 0.05701001643688163, -0.0013776418020171545, 7.90192059247004e-17, 0.0023052149433365234, 0.001613336466196024, 1.662152275067504e-16
0.8908203772681746, 0.15911999999999998, 0.05700305936442405, -0.0013979505572579466, -3.087490145260677e-16, 0.0568926167365641, -0.0013393257471558276, 3.588140854232659e-17, 0.0019224182246671134, 0.0015483798825181552, 1.5527867190035542e-16
0.8908203772681746, 0.16065, 0.05734613196343999, -0.0013741811678424215, 1.144739075682724e-16, 0.05713048336874986, -0.0012775663155037524, 6.259817193641962e-17, 0.0017220230439386754, 0.0014623257175364265, 1.29288788608036e-16
0.8908203772681746, 0.16218, 0.057316985050487254, -0.0012954012173345142, -1.0054877579521047e-16, 0.05721441690900239, -0.001215079283761142, 8.856525477593644e-17, 0.0014960515582779174, 0.0014098529839759939, 1.435586869382234e-16
0.8908203772681746, 0.16371, 0.057516860954217555, -0.001217137818773635, -4.8544658222051e-17, 0.057317795920617295, -0.0010922118417809289, -2.348270007773519e-17, 0.0011228769590459068, 0.001317808982886682, 8.192265631215463e-17
0.8908203772681746, 0.16524, 0.057543596547743256, -0.0012055204903731035, -5.5486806057630517e-17, 0.057610719231064166, -0.0009898698811118642, 3.7677555634277484e-17, 0.001218905594259756, 0.0012539693898061535, 8.530658789580063e-17
0.8908203772681746, 0.16677, 0.05751965859755904, -0.0011792526752547525, -9.708466831449272e-17, 0.05758915487568071, -0.0009279665762536223, -6.167265700092689e-18, 0.001227744481925721, 0.0012821965020638464, 1.4436390431719755e-16
0.8908203772681746, 0.16829999999999998, 0.057767496526038034, -0.0011550787324720454, 2.0111594090365172e-16, 0.057850824660185214, -0.0009232185915973012, 8.540790980770537e-17, 0.0011437339644750216, 0.0014032406847807445, 1.0329712681098435e-16
0.8908203772681746, 0.16982999999999998, 0.057458569908873706, -0.0011639098975220364, -1.3179628140198324e-16, 0.057370910094148735, -0.0009946644222754595, 4.8690107036889494e-17, 0.001493175812858771, 0.0016535614706278488, 1.2942273080967415e-16
0.8908203772681746, 0.17135999999999998, 0.057900170550534966, -0.0011033965871654321, -2.08051479779292e-17, 0.05750812370248039, -0.0011415839879282991, 6.110623008977731e-17, 0.0018575203826325722, 0.0019915023132212255, 1.5127717286604532e-16
0.8908203772681746, 0.17289, 0.05766731584051427, -0.0009756141947392844, 3.3627772834926027e-16, 0.05741088500901774, -0.0012843729310292218, 9.425999980545207e-17, 0.0020947791482461963, 0.0023473182963015603, 1.2373880026557085e-16
0.8908203772681746, 0.17442, 0.05801340121951326, -0.0009543039497994782, 2.704445272271106e-16, 0.05696218675035343, -0.0014196617942016877, 9.42787435334348e-17, 0.002678101098699829, 0.0026557553179170756, 1.3665764030216298e-16
0.8908203772681746, 0.17595, 0.057801965320221596, -0.0009602549085860701, -8.668798693955404e-17, 0.057241933969466655, -0.0014823394490642051, 4.991727566472682e-17, 0.002600235148330355, 0.0028492460614118324, 1.9371475566873874e-16
0.8908203772681746, 0.17748, 0.05796261324347357, -0.0009654129746347089, 1.7684942226125643e-16, 0.05700580155391241, -0.0014526844447080593, -2.0781495224625515e-17, 0.002884171741700409, 0.002871192975076489, 1.5907685459101702e-16
0.8908203772681746, 0.17900999999999997, 0.05777556107826959, -0.0010039237379763743, 5.2029488285672e-17, 0.057313979451991875, -0.0013796096971998165, 3.8170220637280774e-17, 0.002680299917647909, 0.002756002572114504, 7.956523028400735e-17
0.8908203772681746, 0.18053999999999998, 0.05782606870774041, -0.0009977562703188778, 1.9428403557830487e-16, 0.0571494391073207, -0.00129739532873346, 6.951357138654557e-17, 0.002230366277422046, 0.0024783337016369526, 1.5137299473871713e-16
0.8908203772681746, 0.18206999999999998, 0.05798440664947301, -0.0009124826204201723, 3.954369480937784e-16, 0.05734935473167532, -0.001206329432308036, 8.251331855986791e-17, 0.0023019560600435604, 0.002131208976120857, 1.3735070571166068e-16
0.8908203772681746, 0.18359999999999999, 0.05784150829958303, -0.0007625148474302444, 3.8150204367114597e-16, 0.057511597954170136, -0.0011286791956227882, 7.31285875499681e-17, 0.0014524755259663733, 0.0018298432694430421, 1.7105672947750647e-16
0.8908203772681746, 0.18513, 0.058114031151533754, -0.0006027938754985629, 2.774770780053568e-16, 0.0572932720569006, -0.001064035123769332, 8.93984245984676e-17, 0.0015868165312619416, 0.0015767573775430366, 1.4499132424576686e-16
0.8908203772681746, 0.18666, 0.05788166708211844, -0.00042047730578116617, -3.469121837597453e-17, 0.05795775486249227, -0.0009443621647477051, 1.6018051702347433e-17, 0.0010194198457398184, 0.001422441912139806, 8.829089306600083e-17
0.8908203772681746, 0.18819, 0.058113106088739284, -0.00017349997390091686, 1.4923689184431344e-16, 0.057466490487925015, -0.0007890030330032651, 3.40154255543451e-17, 0.001017000741575419, 0.001291962221132069, 9.225357797347555e-17
0.8908203772681746, 0.18972, 0.05754457214279752, 0.0002076838801882054, -6.252186978494224e-17, 0.05767311160400113, -0.000613503517806799, 9.734683188970331e-18, 0.0009025452552691196, 0.0011658557148152566, 8.047175227465456e-17
0.8908203772681746, 0.19124999999999998, 0.05788897344678877, 0.0008120894370762228, 4.171145716935017e-17, 0.05796308736579815, -0.0004432553826395777, -4.7533275156990125e-17, 0.0007106152302020756, 0.0011866364386792607, 1.0255736318173668e-16
0.8908203772681746, 0.19277999999999998, 0.05744029011557748, 0.001625416664962027, -4.834391341620982e-16, 0.05774997428983363, -0.0003892139033581372, -7.178928699016399e-17, 0.0010825620503186236, 0.0014259045586333906, 2.2935702676380615e-16
0.8908203772681746, 0.19430999999999998, 0.05771564190020742, 0.0024466793815816775, -2.8198442584789234e-16, 0.057855965036720386, -0.0004092200192134053, -5.942066295780834e-17, 0.0010344620411104953, 0.0018262029376937565, 1.159151584156715e-16
0.8908203772681746, 0.19584, 0.057233386541500945, 0.0031228891920763342, 1.6729184826834709e-16, 0.057266120111446515, -0.0004835948763625061, 4.355200132239514e-17, 0.001204110615474692, 0.0022861329402363807, 1.1088925368877985e-16
0.8908203772681746, 0.19737, 0.05743717953957616, 0.003586589318759212, 4.883339048223071e-17, 0.057782091524874644, -0.0005855166152079241, 1.6688467720945486e-17, 0.0014073401818430343, 0.0026725890219640907, 3.491083842015188e-17
0.8908203772681746, 0.1989, 0.057304032255474556, 0.0037333709748969025, 1.9537262925492578e-16, 0.05717762343933811, -0.0006211796241588196, 1.746226824696328e-17, 0.0017095204116129243, 0.002884547244485076, 1.8314157517141611e-16
0.8908203772681746, 0.20043, 0.0576690627668792, 0.0035093651108056728, -1.394744313203812e-17, 0.057351298359213196, -0.000616725991874293, -6.9311102372717825e-18, 0.0015048698788886934, 0.0028841281559814844, 1.0600046437599159e-16
0.8908203772681746, 0.20195999999999997, 0.057986970422847145, 0.0030672823101320526, 2.4377709709229994e-17, 0.057807014829928484, -0.0006210361301993035, 4.352035494209907e-17, 0.0019421684216438205, 0.0026789028506235164, 1.2301996568148314e-16
0.8908203772681746, 0.20348999999999998, 0.058414156308982265, 0.0025334071176097376, 9.734085288799761e-17, 0.05714355516159695, -0.0006101135972050294, 5.053197180694218e-17, 0.0013963986012160649, 0.0023562770973574267, 1.1008924228612552e-16
0.8908203772681746, 0.20501999999999998, 0.05874321511675108, 0.0020649893855380396, 1.7015171834796002e-16, 0.05810254894410011, -0.0005968988017480701, 1.2493374823429644e-16, 0.0015739015113621086, 0.0019894143009575385, 1.3089716791501495e-16
0.8908203772681746, 0.20654999999999998, 0.05871863013153604, 0.001830697715946247, -1.1109233708624738e-16, 0.057489919139271116, -0.0005564019866496294, 2.4679800379271625e-17, 0.0009502010965057171, 0.001735578042099538, 1.0409085633736395e-16
0.8908203772681746, 0.20808, 0.058689613776453556, 0.0018318346949008385, -2.1884745672507806e-16, 0.05764716763438343, -0.0004020425871430096, 1.1323535372184646e-17, 0.001021873260199764, 0.0015888499623221638, 1.2085741698918804e-16
0.8908203772681746, 0.20961, 0.05848888776449557, 0.0020145801684117283, 1.6684014353355307e-16, 0.05746603861784478, -0.00017379106559088528, 4.557518507224904e-17, 0.0012668199200781911, 0.001484372100778808, 5.947377306207552e-17
0.8908203772681746, 0.21114, 0.05864203867972126, 0.002152918029644594, 2.259116655787921e-16, 0.0576674155051241, 1.838154846255601e-5, 3.903965221365429e-17, 0.0011423589197714246, 0.0014977359077863166, 1.006439480760763e-16
0.8908203772681746, 0.21267, 0.058728738210533475, 0.0020121123665233264, 5.903511067366718e-17, 0.05831825773097713, 0.00015148610763970804, -1.2294401880582024e-17, 0.001234829683990113, 0.0015626970373424417, 9.219222468512086e-17
0.8908203772681746, 0.21419999999999997, 0.059230404513119714, 0.001618490587878955, -5.202761378242979e-17, 0.05701464146933081, 0.00016185120253657773, 5.557545126196717e-17, 0.001582831297453573, 0.0017006687393961186, 1.0705406282059729e-16
0.8908203772681746, 0.21572999999999998, 0.05914289173936572, 0.0011353685969579348, 2.044960521562041e-16, 0.05816067345690423, 6.573053053938015e-5, 7.343962433544322e-17, 0.0012276499248486804, 0.00192231071975642, 9.38922368123468e-17
0.8908203772681746, 0.21725999999999998, 0.05948769903595982, 0.0007908713261812389, -3.1538944592450853e-16, 0.05743757548096816, -3.8450732354127794e-5, 7.677301910811706e-17, 0.0012323629848125254, 0.0021725738803364363, 2.0156249880031817e-16
0.8908203772681746, 0.21878999999999998, 0.059115858694146026, 0.0007744143343047615, 4.8537105682075355e-17, 0.0573196183797491, -0.00015381116435909974, -3.250022618093443e-17, 0.0015176021345577404, 0.0023748650849330544, 1.2341473326601293e-16
0.8908203772681746, 0.22032, 0.059452312616877494, 0.0009174414438290029, 4.160679411609131e-17, 0.057943632102033994, -0.00023065761505969707, 4.33423820874879e-18, 0.002093245134421345, 0.002418057733965225, 1.9063516443855752e-16
0.8908203772681746, 0.22185, 0.059171018068099705, 0.0009993027448949414, -3.8476108104655067e-16, 0.0570933691338591, -0.0002782063091699306, -6.936680752006824e-17, 0.00196435863282793, 0.002227622474323006, 2.0799996462945267e-16
0.8908203772681746, 0.22338, 0.05996479358078813, 0.0008204219876613846, -3.914061996075583e-16, 0.05814246457939994, -0.000311898974710581, -7.526712895187493e-17, 0.002144342960605881, 0.0018352279351788307, 1.3060169437506016e-16
0.8908203772681746, 0.22490999999999997, 0.05973844570906709, 0.00042496577024895275, -3.3244137336017086e-16, 0.05779927227855314, -0.0003394388022210386, -4.940746828344388e-18, 0.0020455160569696454, 0.0013408950906347815, 1.807055929904105e-16
0.8908203772681746, 0.22643999999999997, 0.05149228183152267, 8.465455343345795e-5, -1.8352993095229685e-16, 0.05528122741189089, -0.00029248573425279614, -2.7265227748975453e-17, 0.0051559653003369794, 0.0008311805542976603, 9.564826624011823e-17
0.8908203772681746, 0.22796999999999998, 0.02136893936226199, -7.609420602208567e-5, -1.83610806496835e-16, 0.02504522039936712, -0.00013446246732534025, -1.609368270230741e-17, 0.0036737295262031563, 0.00029652853081375027, 1.06376503736861e-16
